2026-09-18 13:40:54,007 | WARNING | __main__ | Skipping PostgreSQL load for Manila: DataFrame.write_database() got multiple values for argument 'table_name'
2026-09-18 13:40:54,082 | WARNING | __main__ | Skipping PostgreSQL load for Manila: DataFrame.write_database() got multiple values for argument 'table_name'
2026-09-18 13:40:54,588 | WARNING | __main__ | Skipping PostgreSQL load for Quezon City: DataFrame.write_database() got multiple values for argument 'table_name'
2026-09-18 13:40:54,650 | WARNING | __main__ | Skipping PostgreSQL load for Quezon City: DataFrame.write_database() got multiple values for argument 'table_name'
2026-09-18 13:40:55,166 | WARNING | __main__ | Skipping PostgreSQL load for Cebu City: DataFrame.write_database() got multiple values for argument 'table_name'
2026-09-18 13:40:55,224 | WARNING | __main__ | Skipping PostgreSQL load for Cebu City: DataFrame.write_database() got multiple values for argument 'table_name'
2026-09-18 13:40:55,769 | WARNING | __main__ | Skipping PostgreSQL load for Davao City: DataFrame.write_database() got multiple values for argument 'table_name'
2026-09-18 13:40:55,849 | WARNING | __main__ | Skipping PostgreSQL load for Davao City: DataFrame.write_database() got multiple values for argument 'table_name'
2026-09-18 13:40:56,440 | WARNING | __main__ | Skipping PostgreSQL load for Baguio: DataFrame.write_database() got multiple values for argument 'table_name'
2026-09-18 13:40:56,518 | WARNING | __main__ | Skipping PostgreSQL load for Baguio: DataFrame.write_database() got multiple values for argument 'table_name'
2026-09-18 13:40:57,110 | WARNING | __main__ | Skipping PostgreSQL load for Iloilo City: DataFrame.write_database() got multiple values for argument 'table_name'
2026-09-18 13:40:57,166 | WARNING | __main__ | Skipping PostgreSQL load for Iloilo City: DataFrame.write_database() got multiple values for argument 'table_name'
2026-09-18 13:40:57,869 | WARNING | __main__ | Skipping PostgreSQL load for Cagayan de Oro: DataFrame.write_database() got multiple values for argument 'table_name'
2026-09-18 13:40:57,984 | WARNING | __main__ | Skipping PostgreSQL load for Cagayan de Oro: DataFrame.write_database() got multiple values for argument 'table_name'
2026-09-18 13:40:58,595 | WARNING | __main__ | Skipping PostgreSQL load for Zamboanga City: DataFrame.write_database() got multiple values for argument 'table_name'
2026-09-18 13:40:58,689 | WARNING | __main__ | Skipping PostgreSQL load for Zamboanga City: DataFrame.write_database() got multiple values for argument 'table_name'
2026-09-18 13:40:58,691 | INFO | __main__ | Weather extraction pipeline completed successfully.
2026-09-18 13:42:06,070 | WARNING | __main__ | Skipping PostgreSQL load for Manila: DataFrame.write_database() got multiple values for argument 'table_name'
2026-09-18 13:42:06,200 | WARNING | __main__ | Skipping PostgreSQL load for Manila: DataFrame.write_database() got multiple values for argument 'table_name'
2026-09-18 13:42:06,588 | WARNING | __main__ | Skipping PostgreSQL load for Quezon City: DataFrame.write_database() got multiple values for argument 'table_name'
2026-09-18 13:42:06,698 | WARNING | __main__ | Skipping PostgreSQL load for Quezon City: DataFrame.write_database() got multiple values for argument 'table_name'
2026-09-18 13:42:07,046 | WARNING | __main__ | Skipping PostgreSQL load for Cebu City: DataFrame.write_database() got multiple values for argument 'table_name'
2026-09-18 13:42:07,181 | WARNING | __main__ | Skipping PostgreSQL load for Cebu City: DataFrame.write_database() got multiple values for argument 'table_name'
2026-09-18 13:42:07,637 | WARNING | __main__ | Skipping PostgreSQL load for Davao City: DataFrame.write_database() got multiple values for argument 'table_name'
2026-09-18 13:42:07,763 | WARNING | __main__ | Skipping PostgreSQL load for Davao City: DataFrame.write_database() got multiple values for argument 'table_name'
2026-09-18 13:42:08,235 | WARNING | __main__ | Skipping PostgreSQL load for Baguio: DataFrame.write_database() got multiple values for argument 'table_name'
2026-09-18 13:42:08,330 | WARNING | __main__ | Skipping PostgreSQL load for Baguio: DataFrame.write_database() got multiple values for argument 'table_name'
2026-09-18 13:42:08,705 | WARNING | __main__ | Skipping PostgreSQL load for Iloilo City: DataFrame.write_database() got multiple values for argument 'table_name'
2026-09-18 13:42:08,781 | WARNING | __main__ | Skipping PostgreSQL load for Iloilo City: DataFrame.write_database() got multiple values for argument 'table_name'
2026-09-18 13:42:09,180 | WARNING | __main__ | Skipping PostgreSQL load for Cagayan de Oro: DataFrame.write_database() got multiple values for argument 'table_name'
2026-09-18 13:42:09,258 | WARNING | __main__ | Skipping PostgreSQL load for Cagayan de Oro: DataFrame.write_database() got multiple values for argument 'table_name'
2026-09-18 13:42:09,609 | WARNING | __main__ | Skipping PostgreSQL load for Zamboanga City: DataFrame.write_database() got multiple values for argument 'table_name'
2026-09-18 13:42:09,658 | WARNING | __main__ | Skipping PostgreSQL load for Zamboanga City: DataFrame.write_database() got multiple values for argument 'table_name'
2026-09-18 13:42:09,659 | INFO | __main__ | Weather extraction pipeline completed successfully.
2026-09-18 13:44:48,535 | WARNING | __main__ | Skipping PostgreSQL load for Manila: No module named 'pyarrow'
2026-09-18 13:44:48,622 | WARNING | __main__ | Skipping PostgreSQL load for Manila: No module named 'pyarrow'
2026-09-18 13:44:49,134 | WARNING | __main__ | Skipping PostgreSQL load for Quezon City: No module named 'pyarrow'
2026-09-18 13:44:49,192 | WARNING | __main__ | Skipping PostgreSQL load for Quezon City: No module named 'pyarrow'
2026-09-18 13:44:49,731 | WARNING | __main__ | Skipping PostgreSQL load for Cebu City: No module named 'pyarrow'
2026-09-18 13:44:49,838 | WARNING | __main__ | Skipping PostgreSQL load for Cebu City: No module named 'pyarrow'
2026-09-18 13:44:50,371 | WARNING | __main__ | Skipping PostgreSQL load for Davao City: No module named 'pyarrow'
2026-09-18 13:44:50,468 | WARNING | __main__ | Skipping PostgreSQL load for Davao City: No module named 'pyarrow'
2026-09-18 13:44:51,037 | WARNING | __main__ | Skipping PostgreSQL load for Baguio: No module named 'pyarrow'
2026-09-18 13:44:51,145 | WARNING | __main__ | Skipping PostgreSQL load for Baguio: No module named 'pyarrow'
2026-09-18 13:44:51,683 | WARNING | __main__ | Skipping PostgreSQL load for Iloilo City: No module named 'pyarrow'
2026-09-18 13:44:51,742 | WARNING | __main__ | Skipping PostgreSQL load for Iloilo City: No module named 'pyarrow'
2026-09-18 13:44:52,244 | WARNING | __main__ | Skipping PostgreSQL load for Cagayan de Oro: No module named 'pyarrow'
2026-09-18 13:44:52,304 | WARNING | __main__ | Skipping PostgreSQL load for Cagayan de Oro: No module named 'pyarrow'
2026-09-18 13:44:52,897 | WARNING | __main__ | Skipping PostgreSQL load for Zamboanga City: No module named 'pyarrow'
2026-09-18 13:44:52,999 | WARNING | __main__ | Skipping PostgreSQL load for Zamboanga City: No module named 'pyarrow'
2026-09-18 13:44:53,000 | INFO | __main__ | Weather extraction pipeline completed successfully.
2026-09-18 13:45:39,290 | WARNING | __main__ | Skipping PostgreSQL load for Manila: No module named 'pyarrow'
2026-09-18 13:45:39,414 | WARNING | __main__ | Skipping PostgreSQL load for Manila: No module named 'pyarrow'
2026-09-18 13:45:39,825 | WARNING | __main__ | Skipping PostgreSQL load for Quezon City: No module named 'pyarrow'
2026-09-18 13:45:39,941 | WARNING | __main__ | Skipping PostgreSQL load for Quezon City: No module named 'pyarrow'
2026-09-18 13:45:40,414 | WARNING | __main__ | Skipping PostgreSQL load for Cebu City: No module named 'pyarrow'
2026-09-18 13:45:40,516 | WARNING | __main__ | Skipping PostgreSQL load for Cebu City: No module named 'pyarrow'
2026-09-18 13:45:40,866 | WARNING | __main__ | Skipping PostgreSQL load for Davao City: No module named 'pyarrow'
2026-09-18 13:45:40,980 | WARNING | __main__ | Skipping PostgreSQL load for Davao City: No module named 'pyarrow'
2026-09-18 13:45:41,434 | WARNING | __main__ | Skipping PostgreSQL load for Baguio: No module named 'pyarrow'
2026-09-18 13:45:41,523 | WARNING | __main__ | Skipping PostgreSQL load for Baguio: No module named 'pyarrow'
2026-09-18 13:45:41,919 | WARNING | __main__ | Skipping PostgreSQL load for Iloilo City: No module named 'pyarrow'
2026-09-18 13:45:42,016 | WARNING | __main__ | Skipping PostgreSQL load for Iloilo City: No module named 'pyarrow'
2026-09-18 13:45:42,505 | WARNING | __main__ | Skipping PostgreSQL load for Cagayan de Oro: No module named 'pyarrow'
2026-09-18 13:45:42,575 | WARNING | __main__ | Skipping PostgreSQL load for Cagayan de Oro: No module named 'pyarrow'
2026-09-18 13:45:43,017 | WARNING | __main__ | Skipping PostgreSQL load for Zamboanga City: No module named 'pyarrow'
2026-09-18 13:45:43,138 | WARNING | __main__ | Skipping PostgreSQL load for Zamboanga City: No module named 'pyarrow'
2026-09-18 13:45:43,141 | INFO | __main__ | Weather extraction pipeline completed successfully.
2026-09-18 13:47:04,933 | WARNING | __main__ | Skipping PostgreSQL load for Manila: (psycopg2.OperationalError) connection to server at "localhost" (::1), port 5432 failed: Connection refused
	Is the server running on that host and accepting TCP/IP connections?
connection to server at "localhost" (127.0.0.1), port 5432 failed: Connection refused
	Is the server running on that host and accepting TCP/IP connections?

(Background on this error at: https://sqlalche.me/e/20/e3q8)
2026-09-18 13:47:05,041 | WARNING | __main__ | Skipping PostgreSQL load for Manila: (psycopg2.OperationalError) connection to server at "localhost" (::1), port 5432 failed: Connection refused
	Is the server running on that host and accepting TCP/IP connections?
connection to server at "localhost" (127.0.0.1), port 5432 failed: Connection refused
	Is the server running on that host and accepting TCP/IP connections?

(Background on this error at: https://sqlalche.me/e/20/e3q8)
2026-09-18 13:47:05,478 | WARNING | __main__ | Skipping PostgreSQL load for Quezon City: (psycopg2.OperationalError) connection to server at "localhost" (::1), port 5432 failed: Connection refused
	Is the server running on that host and accepting TCP/IP connections?
connection to server at "localhost" (127.0.0.1), port 5432 failed: Connection refused
	Is the server running on that host and accepting TCP/IP connections?

(Background on this error at: https://sqlalche.me/e/20/e3q8)
2026-09-18 13:47:05,602 | WARNING | __main__ | Skipping PostgreSQL load for Quezon City: (psycopg2.OperationalError) connection to server at "localhost" (::1), port 5432 failed: Connection refused
	Is the server running on that host and accepting TCP/IP connections?
connection to server at "localhost" (127.0.0.1), port 5432 failed: Connection refused
	Is the server running on that host and accepting TCP/IP connections?

(Background on this error at: https://sqlalche.me/e/20/e3q8)
2026-09-18 13:47:05,924 | WARNING | __main__ | Skipping PostgreSQL load for Cebu City: (psycopg2.OperationalError) connection to server at "localhost" (::1), port 5432 failed: Connection refused
	Is the server running on that host and accepting TCP/IP connections?
connection to server at "localhost" (127.0.0.1), port 5432 failed: Connection refused
	Is the server running on that host and accepting TCP/IP connections?

(Background on this error at: https://sqlalche.me/e/20/e3q8)
2026-09-18 13:47:05,977 | WARNING | __main__ | Skipping PostgreSQL load for Cebu City: (psycopg2.OperationalError) connection to server at "localhost" (::1), port 5432 failed: Connection refused
	Is the server running on that host and accepting TCP/IP connections?
connection to server at "localhost" (127.0.0.1), port 5432 failed: Connection refused
	Is the server running on that host and accepting TCP/IP connections?

(Background on this error at: https://sqlalche.me/e/20/e3q8)
2026-09-18 13:47:06,329 | WARNING | __main__ | Skipping PostgreSQL load for Davao City: (psycopg2.OperationalError) connection to server at "localhost" (::1), port 5432 failed: Connection refused
	Is the server running on that host and accepting TCP/IP connections?
connection to server at "localhost" (127.0.0.1), port 5432 failed: Connection refused
	Is the server running on that host and accepting TCP/IP connections?

(Background on this error at: https://sqlalche.me/e/20/e3q8)
2026-09-18 13:47:06,428 | WARNING | __main__ | Skipping PostgreSQL load for Davao City: (psycopg2.OperationalError) connection to server at "localhost" (::1), port 5432 failed: Connection refused
	Is the server running on that host and accepting TCP/IP connections?
connection to server at "localhost" (127.0.0.1), port 5432 failed: Connection refused
	Is the server running on that host and accepting TCP/IP connections?

(Background on this error at: https://sqlalche.me/e/20/e3q8)
2026-09-18 13:47:06,841 | WARNING | __main__ | Skipping PostgreSQL load for Baguio: (psycopg2.OperationalError) connection to server at "localhost" (::1), port 5432 failed: Connection refused
	Is the server running on that host and accepting TCP/IP connections?
connection to server at "localhost" (127.0.0.1), port 5432 failed: Connection refused
	Is the server running on that host and accepting TCP/IP connections?

(Background on this error at: https://sqlalche.me/e/20/e3q8)
2026-09-18 13:47:06,942 | WARNING | __main__ | Skipping PostgreSQL load for Baguio: (psycopg2.OperationalError) connection to server at "localhost" (::1), port 5432 failed: Connection refused
	Is the server running on that host and accepting TCP/IP connections?
connection to server at "localhost" (127.0.0.1), port 5432 failed: Connection refused
	Is the server running on that host and accepting TCP/IP connections?

(Background on this error at: https://sqlalche.me/e/20/e3q8)
2026-09-18 13:47:07,301 | WARNING | __main__ | Skipping PostgreSQL load for Iloilo City: (psycopg2.OperationalError) connection to server at "localhost" (::1), port 5432 failed: Connection refused
	Is the server running on that host and accepting TCP/IP connections?
connection to server at "localhost" (127.0.0.1), port 5432 failed: Connection refused
	Is the server running on that host and accepting TCP/IP connections?

(Background on this error at: https://sqlalche.me/e/20/e3q8)
2026-09-18 13:47:07,402 | WARNING | __main__ | Skipping PostgreSQL load for Iloilo City: (psycopg2.OperationalError) connection to server at "localhost" (::1), port 5432 failed: Connection refused
	Is the server running on that host and accepting TCP/IP connections?
connection to server at "localhost" (127.0.0.1), port 5432 failed: Connection refused
	Is the server running on that host and accepting TCP/IP connections?

(Background on this error at: https://sqlalche.me/e/20/e3q8)
2026-09-18 13:47:07,804 | WARNING | __main__ | Skipping PostgreSQL load for Cagayan de Oro: (psycopg2.OperationalError) connection to server at "localhost" (::1), port 5432 failed: Connection refused
	Is the server running on that host and accepting TCP/IP connections?
connection to server at "localhost" (127.0.0.1), port 5432 failed: Connection refused
	Is the server running on that host and accepting TCP/IP connections?

(Background on this error at: https://sqlalche.me/e/20/e3q8)
2026-09-18 13:47:07,917 | WARNING | __main__ | Skipping PostgreSQL load for Cagayan de Oro: (psycopg2.OperationalError) connection to server at "localhost" (::1), port 5432 failed: Connection refused
	Is the server running on that host and accepting TCP/IP connections?
connection to server at "localhost" (127.0.0.1), port 5432 failed: Connection refused
	Is the server running on that host and accepting TCP/IP connections?

(Background on this error at: https://sqlalche.me/e/20/e3q8)
2026-09-18 13:47:08,348 | WARNING | __main__ | Skipping PostgreSQL load for Zamboanga City: (psycopg2.OperationalError) connection to server at "localhost" (::1), port 5432 failed: Connection refused
	Is the server running on that host and accepting TCP/IP connections?
connection to server at "localhost" (127.0.0.1), port 5432 failed: Connection refused
	Is the server running on that host and accepting TCP/IP connections?

(Background on this error at: https://sqlalche.me/e/20/e3q8)
2026-09-18 13:47:08,422 | WARNING | __main__ | Skipping PostgreSQL load for Zamboanga City: (psycopg2.OperationalError) connection to server at "localhost" (::1), port 5432 failed: Connection refused
	Is the server running on that host and accepting TCP/IP connections?
connection to server at "localhost" (127.0.0.1), port 5432 failed: Connection refused
	Is the server running on that host and accepting TCP/IP connections?

(Background on this error at: https://sqlalche.me/e/20/e3q8)
2026-09-18 13:47:08,423 | INFO | __main__ | Weather extraction pipeline completed successfully.
2026-09-18 14:08:47,054 | INFO | __main__ | Weather extraction pipeline completed successfully.
2026-09-19 04:17:48,611 | INFO | __main__ | Weather extraction pipeline completed successfully.
2026-09-19 04:35:42,313 | INFO | __main__ | Weather extraction pipeline completed successfully.
2026-09-19 04:40:19,076 | INFO | __main__ | Weather extraction pipeline completed successfully.
2026-09-19 13:08:18,464 | INFO | __main__ | PostgreSQL connection OK (postgres@localhost:5432/weatherflow).
2026-09-19 13:08:37,125 | INFO | __main__ | Weather pipeline completed successfully.
2026-09-19 05:10:29,210 | INFO | __main__ | PostgreSQL connection OK (postgres@db:5432/weatherflow).
2026-09-19 05:10:37,115 | INFO | __main__ | Weather pipeline completed successfully.
2026-09-19 13:11:45,742 | INFO | pipeline.main | PostgreSQL connection OK (postgres@localhost:5432/weatherflow).
2026-09-19 13:11:58,143 | INFO | pipeline.main | Weather pipeline completed successfully.
2026-09-19 05:21:03,839 | INFO | __main__ | PostgreSQL connection OK (postgres@db:5432/weatherflow).
2026-09-19 05:21:11,638 | INFO | __main__ | Weather pipeline completed successfully.
2026-09-19 13:26:26,849 | INFO | __main__ | PostgreSQL connection OK (postgres@localhost:5433/weatherflow).
2026-09-19 13:26:40,799 | INFO | __main__ | Weather pipeline completed successfully.
2026-09-19 05:42:13,060 | INFO | __main__ | PostgreSQL connection OK (postgres@host.docker.internal:5432/weatherflow).
2026-09-19 05:42:24,164 | INFO | __main__ | Weather pipeline completed successfully.
2026-09-19 07:35:54,854 | INFO | __main__ | PostgreSQL connection OK (postgres@host.docker.internal:5432/weatherflow).
2026-09-19 07:36:05,130 | INFO | __main__ | Weather pipeline completed successfully.
2026-09-19 16:37:54,823 | ERROR | __main__ | Continuing without loading into PostgreSQL because the database is unreachable. Transformed data is still saved as JSON and Parquet.
2026-09-19 16:37:56,987 | WARNING | __main__ | Skipping PostgreSQL load for Manila: (psycopg2.OperationalError) connection to server at "localhost" (127.0.0.1), port 5432 failed: Connection refused
	Is the server running on that host and accepting TCP/IP connections?

(Background on this error at: https://sqlalche.me/e/20/e3q8)
2026-09-19 16:37:57,129 | WARNING | __main__ | Skipping PostgreSQL load for Manila: (psycopg2.OperationalError) connection to server at "localhost" (127.0.0.1), port 5432 failed: Connection refused
	Is the server running on that host and accepting TCP/IP connections?

(Background on this error at: https://sqlalche.me/e/20/e3q8)
2026-09-19 16:37:59,583 | WARNING | __main__ | Skipping PostgreSQL load for Quezon City: (psycopg2.OperationalError) connection to server at "localhost" (127.0.0.1), port 5432 failed: Connection refused
	Is the server running on that host and accepting TCP/IP connections?

(Background on this error at: https://sqlalche.me/e/20/e3q8)
2026-09-19 16:37:59,674 | WARNING | __main__ | Skipping PostgreSQL load for Quezon City: (psycopg2.OperationalError) connection to server at "localhost" (127.0.0.1), port 5432 failed: Connection refused
	Is the server running on that host and accepting TCP/IP connections?

(Background on this error at: https://sqlalche.me/e/20/e3q8)
2026-09-19 16:38:01,325 | WARNING | __main__ | Skipping PostgreSQL load for Cebu City: (psycopg2.OperationalError) connection to server at "localhost" (127.0.0.1), port 5432 failed: Connection refused
	Is the server running on that host and accepting TCP/IP connections?

(Background on this error at: https://sqlalche.me/e/20/e3q8)
2026-09-19 16:38:01,525 | WARNING | __main__ | Skipping PostgreSQL load for Cebu City: (psycopg2.OperationalError) connection to server at "localhost" (127.0.0.1), port 5432 failed: Connection refused
	Is the server running on that host and accepting TCP/IP connections?

(Background on this error at: https://sqlalche.me/e/20/e3q8)
2026-09-19 16:38:03,162 | WARNING | __main__ | Skipping PostgreSQL load for Davao City: (psycopg2.OperationalError) connection to server at "localhost" (127.0.0.1), port 5432 failed: Connection refused
	Is the server running on that host and accepting TCP/IP connections?

(Background on this error at: https://sqlalche.me/e/20/e3q8)
2026-09-19 16:38:03,313 | WARNING | __main__ | Skipping PostgreSQL load for Davao City: (psycopg2.OperationalError) connection to server at "localhost" (127.0.0.1), port 5432 failed: Connection refused
	Is the server running on that host and accepting TCP/IP connections?

(Background on this error at: https://sqlalche.me/e/20/e3q8)
2026-09-19 16:38:04,919 | WARNING | __main__ | Skipping PostgreSQL load for Baguio: (psycopg2.OperationalError) connection to server at "localhost" (127.0.0.1), port 5432 failed: Connection refused
	Is the server running on that host and accepting TCP/IP connections?

(Background on this error at: https://sqlalche.me/e/20/e3q8)
2026-09-19 16:38:05,045 | WARNING | __main__ | Skipping PostgreSQL load for Baguio: (psycopg2.OperationalError) connection to server at "localhost" (127.0.0.1), port 5432 failed: Connection refused
	Is the server running on that host and accepting TCP/IP connections?

(Background on this error at: https://sqlalche.me/e/20/e3q8)
2026-09-19 16:38:06,948 | WARNING | __main__ | Skipping PostgreSQL load for Iloilo City: (psycopg2.OperationalError) connection to server at "localhost" (127.0.0.1), port 5432 failed: Connection refused
	Is the server running on that host and accepting TCP/IP connections?

(Background on this error at: https://sqlalche.me/e/20/e3q8)
2026-09-19 16:38:07,119 | WARNING | __main__ | Skipping PostgreSQL load for Iloilo City: (psycopg2.OperationalError) connection to server at "localhost" (127.0.0.1), port 5432 failed: Connection refused
	Is the server running on that host and accepting TCP/IP connections?

(Background on this error at: https://sqlalche.me/e/20/e3q8)
2026-09-19 16:38:09,919 | WARNING | __main__ | Skipping PostgreSQL load for Cagayan de Oro: (psycopg2.OperationalError) connection to server at "localhost" (127.0.0.1), port 5432 failed: Connection refused
	Is the server running on that host and accepting TCP/IP connections?

(Background on this error at: https://sqlalche.me/e/20/e3q8)
2026-09-19 16:38:10,020 | WARNING | __main__ | Skipping PostgreSQL load for Cagayan de Oro: (psycopg2.OperationalError) connection to server at "localhost" (127.0.0.1), port 5432 failed: Connection refused
	Is the server running on that host and accepting TCP/IP connections?

(Background on this error at: https://sqlalche.me/e/20/e3q8)
2026-09-19 16:38:11,736 | WARNING | __main__ | Skipping PostgreSQL load for Zamboanga City: (psycopg2.OperationalError) connection to server at "localhost" (127.0.0.1), port 5432 failed: Connection refused
	Is the server running on that host and accepting TCP/IP connections?

(Background on this error at: https://sqlalche.me/e/20/e3q8)
2026-09-19 16:38:11,969 | WARNING | __main__ | Skipping PostgreSQL load for Zamboanga City: (psycopg2.OperationalError) connection to server at "localhost" (127.0.0.1), port 5432 failed: Connection refused
	Is the server running on that host and accepting TCP/IP connections?

(Background on this error at: https://sqlalche.me/e/20/e3q8)
2026-09-19 16:38:11,974 | ERROR | __main__ | Weather pipeline finished with 16 failed table load(s): openweather_manila, weatherapi_manila, openweather_quezon_city, weatherapi_quezon_city, openweather_cebu_city, weatherapi_cebu_city, openweather_davao_city, weatherapi_davao_city, openweather_baguio, weatherapi_baguio, openweather_iloilo_city, weatherapi_iloilo_city, openweather_cagayan_de_oro, weatherapi_cagayan_de_oro, openweather_zamboanga_city, weatherapi_zamboanga_city
2026-09-19 16:51:54,318 | ERROR | __main__ | Continuing without loading into PostgreSQL because the database is unreachable. Transformed data is still saved as JSON and Parquet.
2026-09-19 16:52:06,378 | WARNING | __main__ | Skipping PostgreSQL load for Manila: (psycopg2.OperationalError) connection to server at "localhost" (127.0.0.1), port 5432 failed: Connection refused
	Is the server running on that host and accepting TCP/IP connections?

(Background on this error at: https://sqlalche.me/e/20/e3q8)
2026-09-19 16:52:07,587 | WARNING | __main__ | Skipping PostgreSQL load for Quezon City: (psycopg2.OperationalError) connection to server at "localhost" (127.0.0.1), port 5432 failed: Connection refused
	Is the server running on that host and accepting TCP/IP connections?

(Background on this error at: https://sqlalche.me/e/20/e3q8)
2026-09-19 16:52:07,684 | WARNING | __main__ | Skipping PostgreSQL load for Quezon City: (psycopg2.OperationalError) connection to server at "localhost" (127.0.0.1), port 5432 failed: Connection refused
	Is the server running on that host and accepting TCP/IP connections?

(Background on this error at: https://sqlalche.me/e/20/e3q8)
2026-09-19 16:52:08,741 | WARNING | __main__ | Skipping PostgreSQL load for Cebu City: (psycopg2.OperationalError) connection to server at "localhost" (127.0.0.1), port 5432 failed: Connection refused
	Is the server running on that host and accepting TCP/IP connections?

(Background on this error at: https://sqlalche.me/e/20/e3q8)
2026-09-19 16:52:08,813 | WARNING | __main__ | Skipping PostgreSQL load for Cebu City: (psycopg2.OperationalError) connection to server at "localhost" (127.0.0.1), port 5432 failed: Connection refused
	Is the server running on that host and accepting TCP/IP connections?

(Background on this error at: https://sqlalche.me/e/20/e3q8)
2026-09-19 16:52:09,646 | WARNING | __main__ | Skipping PostgreSQL load for Davao City: (psycopg2.OperationalError) connection to server at "localhost" (127.0.0.1), port 5432 failed: Connection refused
	Is the server running on that host and accepting TCP/IP connections?

(Background on this error at: https://sqlalche.me/e/20/e3q8)
2026-09-19 16:52:09,712 | WARNING | __main__ | Skipping PostgreSQL load for Davao City: (psycopg2.OperationalError) connection to server at "localhost" (127.0.0.1), port 5432 failed: Connection refused
	Is the server running on that host and accepting TCP/IP connections?

(Background on this error at: https://sqlalche.me/e/20/e3q8)
2026-09-19 16:52:11,555 | WARNING | __main__ | Skipping PostgreSQL load for Baguio: (psycopg2.OperationalError) connection to server at "localhost" (127.0.0.1), port 5432 failed: Connection refused
	Is the server running on that host and accepting TCP/IP connections?

(Background on this error at: https://sqlalche.me/e/20/e3q8)
2026-09-19 16:52:11,724 | WARNING | __main__ | Skipping PostgreSQL load for Baguio: (psycopg2.OperationalError) connection to server at "localhost" (127.0.0.1), port 5432 failed: Connection refused
	Is the server running on that host and accepting TCP/IP connections?

(Background on this error at: https://sqlalche.me/e/20/e3q8)
2026-09-19 16:52:15,540 | WARNING | __main__ | Skipping PostgreSQL load for Iloilo City: (psycopg2.OperationalError) connection to server at "localhost" (127.0.0.1), port 5432 failed: Connection refused
	Is the server running on that host and accepting TCP/IP connections?

(Background on this error at: https://sqlalche.me/e/20/e3q8)
2026-09-19 16:52:15,677 | WARNING | __main__ | Skipping PostgreSQL load for Iloilo City: (psycopg2.OperationalError) connection to server at "localhost" (127.0.0.1), port 5432 failed: Connection refused
	Is the server running on that host and accepting TCP/IP connections?

(Background on this error at: https://sqlalche.me/e/20/e3q8)
2026-09-19 16:52:17,727 | WARNING | __main__ | Skipping PostgreSQL load for Cagayan de Oro: (psycopg2.OperationalError) connection to server at "localhost" (127.0.0.1), port 5432 failed: Connection refused
	Is the server running on that host and accepting TCP/IP connections?

(Background on this error at: https://sqlalche.me/e/20/e3q8)
2026-09-19 16:52:17,968 | WARNING | __main__ | Skipping PostgreSQL load for Cagayan de Oro: (psycopg2.OperationalError) connection to server at "localhost" (127.0.0.1), port 5432 failed: Connection refused
	Is the server running on that host and accepting TCP/IP connections?

(Background on this error at: https://sqlalche.me/e/20/e3q8)
2026-09-19 16:52:20,236 | WARNING | __main__ | Skipping PostgreSQL load for Zamboanga City: (psycopg2.OperationalError) connection to server at "localhost" (127.0.0.1), port 5432 failed: Connection refused
	Is the server running on that host and accepting TCP/IP connections?

(Background on this error at: https://sqlalche.me/e/20/e3q8)
2026-09-19 16:52:20,399 | WARNING | __main__ | Skipping PostgreSQL load for Zamboanga City: (psycopg2.OperationalError) connection to server at "localhost" (127.0.0.1), port 5432 failed: Connection refused
	Is the server running on that host and accepting TCP/IP connections?

(Background on this error at: https://sqlalche.me/e/20/e3q8)
2026-09-19 16:52:20,401 | ERROR | __main__ | Weather pipeline finished with 15 failed table load(s): openweather_manila, openweather_quezon_city, weatherapi_quezon_city, openweather_cebu_city, weatherapi_cebu_city, openweather_davao_city, weatherapi_davao_city, openweather_baguio, weatherapi_baguio, openweather_iloilo_city, weatherapi_iloilo_city, openweather_cagayan_de_oro, weatherapi_cagayan_de_oro, openweather_zamboanga_city, weatherapi_zamboanga_city
2026-09-19 08:56:33,007 | INFO | __main__ | PostgreSQL connection OK (postgres@host.docker.internal:5432/weatherflow).
2026-09-19 08:56:55,252 | INFO | __main__ | Weather pipeline completed successfully.
2026-09-19 09:04:00,784 | INFO | __main__ | PostgreSQL connection OK (postgres@host.docker.internal:5432/weatherflow).
2026-09-19 09:04:20,483 | INFO | __main__ | Weather pipeline completed successfully.
2026-09-19 10:28:23,880 | INFO | __main__ | PostgreSQL connection OK (postgres@host.docker.internal:5432/weatherflow).
2026-09-19 10:28:51,714 | INFO | __main__ | Weather pipeline completed successfully.
2026-09-19 10:41:15,879 | INFO | __main__ | PostgreSQL connection OK (postgres@host.docker.internal:5432/weatherflow).
2026-09-19 10:41:28,855 | INFO | __main__ | Weather pipeline completed successfully.
2026-09-19 18:45:26,778 | ERROR | __main__ | Continuing without loading into PostgreSQL because the database is unreachable. Transformed data is still saved as JSON and Parquet.
2026-09-19 18:46:33,517 | ERROR | __main__ | Continuing without loading into PostgreSQL because the database is unreachable. Transformed data is still saved as JSON and Parquet.
2026-09-19 19:01:58,122 | ERROR | __main__ | Continuing without loading into PostgreSQL because the database is unreachable. Transformed data is still saved as JSON and Parquet.
2026-09-19 19:02:00,328 | WARNING | __main__ | Skipping PostgreSQL load for Manila: (psycopg2.OperationalError) connection to server at "localhost" (127.0.0.1), port 5432 failed: Connection refused
	Is the server running on that host and accepting TCP/IP connections?

(Background on this error at: https://sqlalche.me/e/20/e3q8)
2026-09-19 19:02:00,614 | WARNING | __main__ | Skipping PostgreSQL load for Manila: (psycopg2.OperationalError) connection to server at "localhost" (127.0.0.1), port 5432 failed: Connection refused
	Is the server running on that host and accepting TCP/IP connections?

(Background on this error at: https://sqlalche.me/e/20/e3q8)
2026-09-19 19:02:01,814 | WARNING | __main__ | Skipping PostgreSQL load for Quezon City: (psycopg2.OperationalError) connection to server at "localhost" (127.0.0.1), port 5432 failed: Connection refused
	Is the server running on that host and accepting TCP/IP connections?

(Background on this error at: https://sqlalche.me/e/20/e3q8)
2026-09-19 19:02:01,972 | WARNING | __main__ | Skipping PostgreSQL load for Quezon City: (psycopg2.OperationalError) connection to server at "localhost" (127.0.0.1), port 5432 failed: Connection refused
	Is the server running on that host and accepting TCP/IP connections?

(Background on this error at: https://sqlalche.me/e/20/e3q8)
2026-09-19 19:02:03,475 | WARNING | __main__ | Skipping PostgreSQL load for Cebu City: (psycopg2.OperationalError) connection to server at "localhost" (127.0.0.1), port 5432 failed: Connection refused
	Is the server running on that host and accepting TCP/IP connections?

(Background on this error at: https://sqlalche.me/e/20/e3q8)
2026-09-19 19:02:03,684 | WARNING | __main__ | Skipping PostgreSQL load for Cebu City: (psycopg2.OperationalError) connection to server at "localhost" (127.0.0.1), port 5432 failed: Connection refused
	Is the server running on that host and accepting TCP/IP connections?

(Background on this error at: https://sqlalche.me/e/20/e3q8)
2026-09-19 19:02:05,036 | WARNING | __main__ | Skipping PostgreSQL load for Davao City: (psycopg2.OperationalError) connection to server at "localhost" (127.0.0.1), port 5432 failed: Connection refused
	Is the server running on that host and accepting TCP/IP connections?

(Background on this error at: https://sqlalche.me/e/20/e3q8)
2026-09-19 19:02:05,327 | WARNING | __main__ | Skipping PostgreSQL load for Davao City: (psycopg2.OperationalError) connection to server at "localhost" (127.0.0.1), port 5432 failed: Connection refused
	Is the server running on that host and accepting TCP/IP connections?

(Background on this error at: https://sqlalche.me/e/20/e3q8)
2026-09-19 19:02:06,923 | WARNING | __main__ | Skipping PostgreSQL load for Baguio: (psycopg2.OperationalError) connection to server at "localhost" (127.0.0.1), port 5432 failed: Connection refused
	Is the server running on that host and accepting TCP/IP connections?

(Background on this error at: https://sqlalche.me/e/20/e3q8)
2026-09-19 19:02:07,216 | WARNING | __main__ | Skipping PostgreSQL load for Baguio: (psycopg2.OperationalError) connection to server at "localhost" (127.0.0.1), port 5432 failed: Connection refused
	Is the server running on that host and accepting TCP/IP connections?

(Background on this error at: https://sqlalche.me/e/20/e3q8)
2026-09-19 19:02:08,815 | WARNING | __main__ | Skipping PostgreSQL load for Iloilo City: (psycopg2.OperationalError) connection to server at "localhost" (127.0.0.1), port 5432 failed: Connection refused
	Is the server running on that host and accepting TCP/IP connections?

(Background on this error at: https://sqlalche.me/e/20/e3q8)
2026-09-19 19:02:09,036 | WARNING | __main__ | Skipping PostgreSQL load for Iloilo City: (psycopg2.OperationalError) connection to server at "localhost" (127.0.0.1), port 5432 failed: Connection refused
	Is the server running on that host and accepting TCP/IP connections?

(Background on this error at: https://sqlalche.me/e/20/e3q8)
2026-09-19 19:02:10,463 | WARNING | __main__ | Skipping PostgreSQL load for Cagayan de Oro: (psycopg2.OperationalError) connection to server at "localhost" (127.0.0.1), port 5432 failed: Connection refused
	Is the server running on that host and accepting TCP/IP connections?

(Background on this error at: https://sqlalche.me/e/20/e3q8)
2026-09-19 19:02:10,660 | WARNING | __main__ | Skipping PostgreSQL load for Cagayan de Oro: (psycopg2.OperationalError) connection to server at "localhost" (127.0.0.1), port 5432 failed: Connection refused
	Is the server running on that host and accepting TCP/IP connections?

(Background on this error at: https://sqlalche.me/e/20/e3q8)
2026-09-19 19:02:11,964 | WARNING | __main__ | Skipping PostgreSQL load for Zamboanga City: (psycopg2.OperationalError) connection to server at "localhost" (127.0.0.1), port 5432 failed: Connection refused
	Is the server running on that host and accepting TCP/IP connections?

(Background on this error at: https://sqlalche.me/e/20/e3q8)
2026-09-19 19:02:12,328 | WARNING | __main__ | Skipping PostgreSQL load for Zamboanga City: (psycopg2.OperationalError) connection to server at "localhost" (127.0.0.1), port 5432 failed: Connection refused
	Is the server running on that host and accepting TCP/IP connections?

(Background on this error at: https://sqlalche.me/e/20/e3q8)
2026-09-19 19:02:12,333 | ERROR | __main__ | Weather pipeline finished with 16 failed table load(s): openweather_manila, weatherapi_manila, openweather_quezon_city, weatherapi_quezon_city, openweather_cebu_city, weatherapi_cebu_city, openweather_davao_city, weatherapi_davao_city, openweather_baguio, weatherapi_baguio, openweather_iloilo_city, weatherapi_iloilo_city, openweather_cagayan_de_oro, weatherapi_cagayan_de_oro, openweather_zamboanga_city, weatherapi_zamboanga_city
2026-09-20 12:25:23,711 | INFO | __main__ | PostgreSQL connection OK (postgres@host.docker.internal:5432/weatherflow).
2026-09-20 12:25:34,792 | INFO | __main__ | Weather pipeline completed successfully.
2026-10-05 17:20:26,839 | ERROR | __main__ | Continuing without loading into PostgreSQL because the database is unreachable. Transformed data is still saved as JSON and Parquet.
2026-10-05 17:30:13,670 | ERROR | __main__ | Continuing without loading into PostgreSQL because the database is unreachable. Transformed data is still saved as JSON and Parquet.
2026-10-05 17:30:15,568 | WARNING | __main__ | Skipping PostgreSQL load for Manila: (psycopg2.OperationalError) connection to server at "localhost" (127.0.0.1), port 5432 failed: Connection refused
	Is the server running on that host and accepting TCP/IP connections?

(Background on this error at: https://sqlalche.me/e/20/e3q8)
2026-10-05 17:33:02,340 | ERROR | __main__ | Continuing without loading into PostgreSQL because the database is unreachable. Transformed data is still saved as JSON and Parquet.
2026-10-05 17:33:03,894 | WARNING | __main__ | Skipping PostgreSQL load for Manila: (psycopg2.OperationalError) connection to server at "localhost" (127.0.0.1), port 5432 failed: Connection refused
	Is the server running on that host and accepting TCP/IP connections?

(Background on this error at: https://sqlalche.me/e/20/e3q8)
2026-10-05 17:33:03,978 | WARNING | __main__ | Skipping PostgreSQL load for Manila: (psycopg2.OperationalError) connection to server at "localhost" (127.0.0.1), port 5432 failed: Connection refused
	Is the server running on that host and accepting TCP/IP connections?

(Background on this error at: https://sqlalche.me/e/20/e3q8)
2026-10-05 17:33:05,058 | WARNING | __main__ | Skipping PostgreSQL load for Quezon City: (psycopg2.OperationalError) connection to server at "localhost" (127.0.0.1), port 5432 failed: Connection refused
	Is the server running on that host and accepting TCP/IP connections?

(Background on this error at: https://sqlalche.me/e/20/e3q8)
2026-10-05 17:33:05,166 | WARNING | __main__ | Skipping PostgreSQL load for Quezon City: (psycopg2.OperationalError) connection to server at "localhost" (127.0.0.1), port 5432 failed: Connection refused
	Is the server running on that host and accepting TCP/IP connections?

(Background on this error at: https://sqlalche.me/e/20/e3q8)
2026-10-05 17:33:06,643 | WARNING | __main__ | Skipping PostgreSQL load for Cebu City: (psycopg2.OperationalError) connection to server at "localhost" (127.0.0.1), port 5432 failed: Connection refused
	Is the server running on that host and accepting TCP/IP connections?

(Background on this error at: https://sqlalche.me/e/20/e3q8)
2026-10-05 17:33:06,803 | WARNING | __main__ | Skipping PostgreSQL load for Cebu City: (psycopg2.OperationalError) connection to server at "localhost" (127.0.0.1), port 5432 failed: Connection refused
	Is the server running on that host and accepting TCP/IP connections?

(Background on this error at: https://sqlalche.me/e/20/e3q8)
2026-10-05 17:33:08,152 | WARNING | __main__ | Skipping PostgreSQL load for Davao City: (psycopg2.OperationalError) connection to server at "localhost" (127.0.0.1), port 5432 failed: Connection refused
	Is the server running on that host and accepting TCP/IP connections?

(Background on this error at: https://sqlalche.me/e/20/e3q8)
2026-10-05 17:33:08,251 | WARNING | __main__ | Skipping PostgreSQL load for Davao City: (psycopg2.OperationalError) connection to server at "localhost" (127.0.0.1), port 5432 failed: Connection refused
	Is the server running on that host and accepting TCP/IP connections?

(Background on this error at: https://sqlalche.me/e/20/e3q8)
2026-10-05 17:33:09,187 | WARNING | __main__ | Skipping PostgreSQL load for Baguio: (psycopg2.OperationalError) connection to server at "localhost" (127.0.0.1), port 5432 failed: Connection refused
	Is the server running on that host and accepting TCP/IP connections?

(Background on this error at: https://sqlalche.me/e/20/e3q8)
2026-10-05 17:33:09,265 | WARNING | __main__ | Skipping PostgreSQL load for Baguio: (psycopg2.OperationalError) connection to server at "localhost" (127.0.0.1), port 5432 failed: Connection refused
	Is the server running on that host and accepting TCP/IP connections?

(Background on this error at: https://sqlalche.me/e/20/e3q8)
2026-10-05 17:33:10,395 | WARNING | __main__ | Skipping PostgreSQL load for Iloilo City: (psycopg2.OperationalError) connection to server at "localhost" (127.0.0.1), port 5432 failed: Connection refused
	Is the server running on that host and accepting TCP/IP connections?

(Background on this error at: https://sqlalche.me/e/20/e3q8)
2026-10-05 17:33:10,510 | WARNING | __main__ | Skipping PostgreSQL load for Iloilo City: (psycopg2.OperationalError) connection to server at "localhost" (127.0.0.1), port 5432 failed: Connection refused
	Is the server running on that host and accepting TCP/IP connections?

(Background on this error at: https://sqlalche.me/e/20/e3q8)
2026-10-05 17:33:11,834 | WARNING | __main__ | Skipping PostgreSQL load for Cagayan de Oro: (psycopg2.OperationalError) connection to server at "localhost" (127.0.0.1), port 5432 failed: Connection refused
	Is the server running on that host and accepting TCP/IP connections?

(Background on this error at: https://sqlalche.me/e/20/e3q8)
2026-10-05 17:33:11,910 | WARNING | __main__ | Skipping PostgreSQL load for Cagayan de Oro: (psycopg2.OperationalError) connection to server at "localhost" (127.0.0.1), port 5432 failed: Connection refused
	Is the server running on that host and accepting TCP/IP connections?

(Background on this error at: https://sqlalche.me/e/20/e3q8)
2026-10-05 17:33:13,210 | WARNING | __main__ | Skipping PostgreSQL load for Zamboanga City: (psycopg2.OperationalError) connection to server at "localhost" (127.0.0.1), port 5432 failed: Connection refused
	Is the server running on that host and accepting TCP/IP connections?

(Background on this error at: https://sqlalche.me/e/20/e3q8)
2026-10-05 17:33:13,320 | WARNING | __main__ | Skipping PostgreSQL load for Zamboanga City: (psycopg2.OperationalError) connection to server at "localhost" (127.0.0.1), port 5432 failed: Connection refused
	Is the server running on that host and accepting TCP/IP connections?

(Background on this error at: https://sqlalche.me/e/20/e3q8)
2026-10-05 17:33:13,321 | ERROR | __main__ | Weather pipeline finished with 16 failed table load(s): openweather_manila, weatherapi_manila, openweather_quezon_city, weatherapi_quezon_city, openweather_cebu_city, weatherapi_cebu_city, openweather_davao_city, weatherapi_davao_city, openweather_baguio, weatherapi_baguio, openweather_iloilo_city, weatherapi_iloilo_city, openweather_cagayan_de_oro, weatherapi_cagayan_de_oro, openweather_zamboanga_city, weatherapi_zamboanga_city
2026-10-05 17:34:56,782 | ERROR | __main__ | Continuing without loading into PostgreSQL because the database is unreachable. Transformed data is still saved as JSON and Parquet.
2026-10-05 17:34:59,124 | WARNING | __main__ | Skipping PostgreSQL load for Manila: (psycopg2.OperationalError) connection to server at "localhost" (127.0.0.1), port 5432 failed: Connection refused
	Is the server running on that host and accepting TCP/IP connections?

(Background on this error at: https://sqlalche.me/e/20/e3q8)
2026-10-05 17:34:59,340 | WARNING | __main__ | Skipping PostgreSQL load for Manila: (psycopg2.OperationalError) connection to server at "localhost" (127.0.0.1), port 5432 failed: Connection refused
	Is the server running on that host and accepting TCP/IP connections?

(Background on this error at: https://sqlalche.me/e/20/e3q8)
2026-10-05 17:35:01,039 | WARNING | __main__ | Skipping PostgreSQL load for Quezon City: (psycopg2.OperationalError) connection to server at "localhost" (127.0.0.1), port 5432 failed: Connection refused
	Is the server running on that host and accepting TCP/IP connections?

(Background on this error at: https://sqlalche.me/e/20/e3q8)
2026-10-05 17:35:01,191 | WARNING | __main__ | Skipping PostgreSQL load for Quezon City: (psycopg2.OperationalError) connection to server at "localhost" (127.0.0.1), port 5432 failed: Connection refused
	Is the server running on that host and accepting TCP/IP connections?

(Background on this error at: https://sqlalche.me/e/20/e3q8)
2026-10-05 17:35:02,469 | WARNING | __main__ | Skipping PostgreSQL load for Cebu City: (psycopg2.OperationalError) connection to server at "localhost" (127.0.0.1), port 5432 failed: Connection refused
	Is the server running on that host and accepting TCP/IP connections?

(Background on this error at: https://sqlalche.me/e/20/e3q8)
2026-10-05 17:35:02,787 | WARNING | __main__ | Skipping PostgreSQL load for Cebu City: (psycopg2.OperationalError) connection to server at "localhost" (127.0.0.1), port 5432 failed: Connection refused
	Is the server running on that host and accepting TCP/IP connections?

(Background on this error at: https://sqlalche.me/e/20/e3q8)
2026-10-05 17:35:04,541 | WARNING | __main__ | Skipping PostgreSQL load for Davao City: (psycopg2.OperationalError) connection to server at "localhost" (127.0.0.1), port 5432 failed: Connection refused
	Is the server running on that host and accepting TCP/IP connections?

(Background on this error at: https://sqlalche.me/e/20/e3q8)
2026-10-05 17:35:04,783 | WARNING | __main__ | Skipping PostgreSQL load for Davao City: (psycopg2.OperationalError) connection to server at "localhost" (127.0.0.1), port 5432 failed: Connection refused
	Is the server running on that host and accepting TCP/IP connections?

(Background on this error at: https://sqlalche.me/e/20/e3q8)
2026-10-05 17:35:06,208 | WARNING | __main__ | Skipping PostgreSQL load for Baguio: (psycopg2.OperationalError) connection to server at "localhost" (127.0.0.1), port 5432 failed: Connection refused
	Is the server running on that host and accepting TCP/IP connections?

(Background on this error at: https://sqlalche.me/e/20/e3q8)
2026-10-05 17:35:06,458 | WARNING | __main__ | Skipping PostgreSQL load for Baguio: (psycopg2.OperationalError) connection to server at "localhost" (127.0.0.1), port 5432 failed: Connection refused
	Is the server running on that host and accepting TCP/IP connections?

(Background on this error at: https://sqlalche.me/e/20/e3q8)
2026-10-05 17:35:07,780 | WARNING | __main__ | Skipping PostgreSQL load for Iloilo City: (psycopg2.OperationalError) connection to server at "localhost" (127.0.0.1), port 5432 failed: Connection refused
	Is the server running on that host and accepting TCP/IP connections?

(Background on this error at: https://sqlalche.me/e/20/e3q8)
2026-10-05 17:35:08,057 | WARNING | __main__ | Skipping PostgreSQL load for Iloilo City: (psycopg2.OperationalError) connection to server at "localhost" (127.0.0.1), port 5432 failed: Connection refused
	Is the server running on that host and accepting TCP/IP connections?

(Background on this error at: https://sqlalche.me/e/20/e3q8)
2026-10-05 17:35:09,875 | WARNING | __main__ | Skipping PostgreSQL load for Cagayan de Oro: (psycopg2.OperationalError) connection to server at "localhost" (127.0.0.1), port 5432 failed: Connection refused
	Is the server running on that host and accepting TCP/IP connections?

(Background on this error at: https://sqlalche.me/e/20/e3q8)
2026-10-05 17:35:10,118 | WARNING | __main__ | Skipping PostgreSQL load for Cagayan de Oro: (psycopg2.OperationalError) connection to server at "localhost" (127.0.0.1), port 5432 failed: Connection refused
	Is the server running on that host and accepting TCP/IP connections?

(Background on this error at: https://sqlalche.me/e/20/e3q8)
2026-10-05 17:35:11,640 | WARNING | __main__ | Skipping PostgreSQL load for Zamboanga City: (psycopg2.OperationalError) connection to server at "localhost" (127.0.0.1), port 5432 failed: Connection refused
	Is the server running on that host and accepting TCP/IP connections?

(Background on this error at: https://sqlalche.me/e/20/e3q8)
2026-10-05 17:35:11,892 | WARNING | __main__ | Skipping PostgreSQL load for Zamboanga City: (psycopg2.OperationalError) connection to server at "localhost" (127.0.0.1), port 5432 failed: Connection refused
	Is the server running on that host and accepting TCP/IP connections?

(Background on this error at: https://sqlalche.me/e/20/e3q8)
2026-10-05 17:35:11,896 | ERROR | __main__ | Weather pipeline finished with 16 failed table load(s): openweather_manila, weatherapi_manila, openweather_quezon_city, weatherapi_quezon_city, openweather_cebu_city, weatherapi_cebu_city, openweather_davao_city, weatherapi_davao_city, openweather_baguio, weatherapi_baguio, openweather_iloilo_city, weatherapi_iloilo_city, openweather_cagayan_de_oro, weatherapi_cagayan_de_oro, openweather_zamboanga_city, weatherapi_zamboanga_city
2026-10-05 19:12:57,870 | ERROR | __main__ | Continuing without loading into PostgreSQL because the database is unreachable. Transformed data is still saved as JSON and Parquet.
2026-10-05 19:16:34,362 | ERROR | __main__ | Continuing without loading into PostgreSQL because the database is unreachable. Transformed data is still saved as JSON and Parquet.
2026-10-06 15:19:41,711 | INFO | __main__ | PostgreSQL connection OK (weatherflow@localhost:5433/weatherflow).
2026-10-06 15:36:16,380 | INFO | __main__ | PostgreSQL connection OK (weatherflow@localhost:5433/weatherflow).
2026-10-06 15:39:44,165 | INFO | __main__ | PostgreSQL connection OK (weatherflow@localhost:5433/weatherflow).
2026-10-06 15:48:09,378 | INFO | __main__ | PostgreSQL connection OK (weatherflow@localhost:5433/weatherflow).
2026-10-06 15:48:16,885 | INFO | __main__ | Weather pipeline completed successfully.
2026-10-06 18:15:20,791 | INFO | __main__ | Starting Weather Ingestion...
2026-10-06 18:15:20,795 | INFO | __main__ | Processing city: Manila
2026-10-06 18:15:21,284 | INFO | __main__ | Geocoding extracted for Manila
2026-10-06 18:15:21,458 | INFO | __main__ | New weather data saved for Manila: /mnt/c/Users/aldwin/project/weatherflow/data/raw/openweather/manila.json
2026-10-06 18:15:21,459 | INFO | __main__ | Processing city: Quezon City
2026-10-06 18:15:21,894 | INFO | __main__ | Geocoding extracted for Quezon City
2026-10-06 18:15:21,983 | INFO | __main__ | New weather data saved for Quezon City: /mnt/c/Users/aldwin/project/weatherflow/data/raw/openweather/quezon_city.json
2026-10-06 18:15:21,984 | INFO | __main__ | Processing city: Cebu City
2026-10-06 18:15:22,522 | INFO | __main__ | Geocoding extracted for Cebu City
2026-10-06 18:15:22,636 | INFO | __main__ | New weather data saved for Cebu City: /mnt/c/Users/aldwin/project/weatherflow/data/raw/openweather/cebu_city.json
2026-10-06 18:15:22,638 | INFO | __main__ | Processing city: Davao City
2026-10-06 18:15:23,137 | INFO | __main__ | Geocoding extracted for Davao City
2026-10-06 18:15:23,273 | INFO | __main__ | New weather data saved for Davao City: /mnt/c/Users/aldwin/project/weatherflow/data/raw/openweather/davao_city.json
2026-10-06 18:15:23,274 | INFO | __main__ | Processing city: Baguio
2026-10-06 18:15:23,748 | INFO | __main__ | Geocoding extracted for Baguio
2026-10-06 18:15:23,844 | INFO | __main__ | New weather data saved for Baguio: /mnt/c/Users/aldwin/project/weatherflow/data/raw/openweather/baguio.json
2026-10-06 18:15:23,846 | INFO | __main__ | Processing city: Iloilo City
2026-10-06 18:15:24,406 | INFO | __main__ | Geocoding extracted for Iloilo City
2026-10-06 18:15:24,508 | INFO | __main__ | New weather data saved for Iloilo City: /mnt/c/Users/aldwin/project/weatherflow/data/raw/openweather/iloilo_city.json
2026-10-06 18:15:24,511 | INFO | __main__ | Processing city: Cagayan de Oro
2026-10-06 18:15:25,008 | INFO | __main__ | Geocoding extracted for Cagayan de Oro
2026-10-06 18:15:25,151 | INFO | __main__ | New weather data saved for Cagayan de Oro: /mnt/c/Users/aldwin/project/weatherflow/data/raw/openweather/cagayan_de_oro.json
2026-10-06 18:15:25,154 | INFO | __main__ | Processing city: Zamboanga City
2026-10-06 18:15:25,634 | INFO | __main__ | Geocoding extracted for Zamboanga City
2026-10-06 18:15:25,725 | INFO | __main__ | New weather data saved for Zamboanga City: /mnt/c/Users/aldwin/project/weatherflow/data/raw/openweather/zamboanga_city.json
2026-10-06 18:15:25,728 | INFO | __main__ | Weather ingestion completed.
2026-10-06 18:17:18,058 | INFO | __main__ | Starting Weather Ingestion...
2026-10-06 18:17:18,062 | INFO | __main__ | Processing city: Manila
2026-10-06 18:17:18,707 | INFO | __main__ | Geocoding extracted for Manila
2026-10-06 18:17:18,725 | INFO | __main__ | No new weather data for Manila. Skipping.
2026-10-06 18:17:18,728 | INFO | __main__ | Processing city: Quezon City
2026-10-06 18:17:19,543 | INFO | __main__ | Geocoding extracted for Quezon City
2026-10-06 18:17:19,736 | INFO | __main__ | New weather data saved for Quezon City: /mnt/c/Users/aldwin/project/weatherflow/data/raw/openweather/quezon_city.json
2026-10-06 18:17:19,740 | INFO | __main__ | Processing city: Cebu City
2026-10-06 18:17:20,425 | INFO | __main__ | Geocoding extracted for Cebu City
2026-10-06 18:17:20,639 | INFO | __main__ | New weather data saved for Cebu City: /mnt/c/Users/aldwin/project/weatherflow/data/raw/openweather/cebu_city.json
2026-10-06 18:17:20,641 | INFO | __main__ | Processing city: Davao City
2026-10-06 18:17:21,107 | INFO | __main__ | Geocoding extracted for Davao City
2026-10-06 18:17:21,125 | INFO | __main__ | No new weather data for Davao City. Skipping.
2026-10-06 18:17:21,128 | INFO | __main__ | Processing city: Baguio
2026-10-06 18:17:21,918 | INFO | __main__ | Geocoding extracted for Baguio
2026-10-06 18:17:21,930 | INFO | __main__ | No new weather data for Baguio. Skipping.
2026-10-06 18:17:21,931 | INFO | __main__ | Processing city: Iloilo City
2026-10-06 18:17:22,624 | INFO | __main__ | Geocoding extracted for Iloilo City
2026-10-06 18:17:22,862 | INFO | __main__ | New weather data saved for Iloilo City: /mnt/c/Users/aldwin/project/weatherflow/data/raw/openweather/iloilo_city.json
2026-10-06 18:17:22,867 | INFO | __main__ | Processing city: Cagayan de Oro
2026-10-06 18:17:23,339 | INFO | __main__ | Geocoding extracted for Cagayan de Oro
2026-10-06 18:17:23,456 | INFO | __main__ | New weather data saved for Cagayan de Oro: /mnt/c/Users/aldwin/project/weatherflow/data/raw/openweather/cagayan_de_oro.json
2026-10-06 18:17:23,459 | INFO | __main__ | Processing city: Zamboanga City
2026-10-06 18:17:24,214 | INFO | __main__ | Geocoding extracted for Zamboanga City
2026-10-06 18:17:24,428 | INFO | __main__ | New weather data saved for Zamboanga City: /mnt/c/Users/aldwin/project/weatherflow/data/raw/openweather/zamboanga_city.json
2026-10-06 18:17:24,430 | INFO | __main__ | Weather ingestion completed.
2026-10-06 18:26:52,677 | INFO | pipeline.main | Starting Weather Ingestion...
2026-10-06 18:26:52,679 | INFO | pipeline.main | Processing city: Manila
2026-10-06 18:26:52,680 | INFO | pipeline.main | Geocoding extracted for Manila
2026-10-06 18:26:52,684 | INFO | pipeline.main | New weather data saved for Manila: /tmp/pytest-of-aldwin/pytest-9/test_ingestion_flow0/openweather/manila.json
2026-10-06 18:26:52,685 | INFO | pipeline.main | Processing city: Quezon City
2026-10-06 18:26:52,686 | INFO | pipeline.main | Geocoding extracted for Quezon City
2026-10-06 18:26:52,689 | INFO | pipeline.main | New weather data saved for Quezon City: /tmp/pytest-of-aldwin/pytest-9/test_ingestion_flow0/openweather/quezon_city.json
2026-10-06 18:26:52,690 | INFO | pipeline.main | Processing city: Cebu City
2026-10-06 18:26:52,691 | INFO | pipeline.main | Geocoding extracted for Cebu City
2026-10-06 18:26:52,695 | INFO | pipeline.main | New weather data saved for Cebu City: /tmp/pytest-of-aldwin/pytest-9/test_ingestion_flow0/openweather/cebu_city.json
2026-10-06 18:26:52,696 | INFO | pipeline.main | Processing city: Davao City
2026-10-06 18:26:52,697 | INFO | pipeline.main | Geocoding extracted for Davao City
2026-10-06 18:26:52,699 | INFO | pipeline.main | New weather data saved for Davao City: /tmp/pytest-of-aldwin/pytest-9/test_ingestion_flow0/openweather/davao_city.json
2026-10-06 18:26:52,700 | INFO | pipeline.main | Processing city: Baguio
2026-10-06 18:26:52,701 | INFO | pipeline.main | Geocoding extracted for Baguio
2026-10-06 18:26:52,703 | INFO | pipeline.main | New weather data saved for Baguio: /tmp/pytest-of-aldwin/pytest-9/test_ingestion_flow0/openweather/baguio.json
2026-10-06 18:26:52,704 | INFO | pipeline.main | Processing city: Iloilo City
2026-10-06 18:26:52,705 | INFO | pipeline.main | Geocoding extracted for Iloilo City
2026-10-06 18:26:52,707 | INFO | pipeline.main | New weather data saved for Iloilo City: /tmp/pytest-of-aldwin/pytest-9/test_ingestion_flow0/openweather/iloilo_city.json
2026-10-06 18:26:52,708 | INFO | pipeline.main | Processing city: Cagayan de Oro
2026-10-06 18:26:52,708 | INFO | pipeline.main | Geocoding extracted for Cagayan de Oro
2026-10-06 18:26:52,710 | INFO | pipeline.main | New weather data saved for Cagayan de Oro: /tmp/pytest-of-aldwin/pytest-9/test_ingestion_flow0/openweather/cagayan_de_oro.json
2026-10-06 18:26:52,711 | INFO | pipeline.main | Processing city: Zamboanga City
2026-10-06 18:26:52,711 | INFO | pipeline.main | Geocoding extracted for Zamboanga City
2026-10-06 18:26:52,713 | INFO | pipeline.main | New weather data saved for Zamboanga City: /tmp/pytest-of-aldwin/pytest-9/test_ingestion_flow0/openweather/zamboanga_city.json
2026-10-06 18:26:52,714 | INFO | pipeline.main | Weather ingestion completed.
2026-10-06 18:28:18,601 | INFO | pipeline.main | Starting Weather Ingestion...
2026-10-06 18:28:18,602 | INFO | pipeline.main | Processing city: Manila
2026-10-06 18:28:18,604 | INFO | pipeline.main | Geocoding extracted for Manila
2026-10-06 18:28:18,610 | INFO | pipeline.main | New weather data saved for Manila: /tmp/pytest-of-aldwin/pytest-10/test_ingestion_flow0/openweather/manila.json
2026-10-06 18:28:18,611 | INFO | pipeline.main | Processing city: Quezon City
2026-10-06 18:28:18,614 | INFO | pipeline.main | Geocoding extracted for Quezon City
2026-10-06 18:28:18,619 | INFO | pipeline.main | New weather data saved for Quezon City: /tmp/pytest-of-aldwin/pytest-10/test_ingestion_flow0/openweather/quezon_city.json
2026-10-06 18:28:18,621 | INFO | pipeline.main | Processing city: Cebu City
2026-10-06 18:28:18,624 | INFO | pipeline.main | Geocoding extracted for Cebu City
2026-10-06 18:28:18,629 | INFO | pipeline.main | New weather data saved for Cebu City: /tmp/pytest-of-aldwin/pytest-10/test_ingestion_flow0/openweather/cebu_city.json
2026-10-06 18:28:18,631 | INFO | pipeline.main | Processing city: Davao City
2026-10-06 18:28:18,633 | INFO | pipeline.main | Geocoding extracted for Davao City
2026-10-06 18:28:18,639 | INFO | pipeline.main | New weather data saved for Davao City: /tmp/pytest-of-aldwin/pytest-10/test_ingestion_flow0/openweather/davao_city.json
2026-10-06 18:28:18,641 | INFO | pipeline.main | Processing city: Baguio
2026-10-06 18:28:18,643 | INFO | pipeline.main | Geocoding extracted for Baguio
2026-10-06 18:28:18,646 | INFO | pipeline.main | New weather data saved for Baguio: /tmp/pytest-of-aldwin/pytest-10/test_ingestion_flow0/openweather/baguio.json
2026-10-06 18:28:18,647 | INFO | pipeline.main | Processing city: Iloilo City
2026-10-06 18:28:18,648 | INFO | pipeline.main | Geocoding extracted for Iloilo City
2026-10-06 18:28:18,651 | INFO | pipeline.main | New weather data saved for Iloilo City: /tmp/pytest-of-aldwin/pytest-10/test_ingestion_flow0/openweather/iloilo_city.json
2026-10-06 18:28:18,653 | INFO | pipeline.main | Processing city: Cagayan de Oro
2026-10-06 18:28:18,654 | INFO | pipeline.main | Geocoding extracted for Cagayan de Oro
2026-10-06 18:28:18,658 | INFO | pipeline.main | New weather data saved for Cagayan de Oro: /tmp/pytest-of-aldwin/pytest-10/test_ingestion_flow0/openweather/cagayan_de_oro.json
2026-10-06 18:28:18,659 | INFO | pipeline.main | Processing city: Zamboanga City
2026-10-06 18:28:18,660 | INFO | pipeline.main | Geocoding extracted for Zamboanga City
2026-10-06 18:28:18,663 | INFO | pipeline.main | New weather data saved for Zamboanga City: /tmp/pytest-of-aldwin/pytest-10/test_ingestion_flow0/openweather/zamboanga_city.json
2026-10-06 18:28:18,664 | INFO | pipeline.main | Weather ingestion completed.
2026-10-06 18:34:16,498 | INFO | pipeline.main | Starting Weather Ingestion...
2026-10-06 18:34:16,501 | INFO | pipeline.main | Processing city: Manila
2026-10-06 18:34:16,502 | INFO | pipeline.main | Geocoding extracted for Manila
2026-10-06 18:34:16,506 | INFO | pipeline.main | New weather data saved for Manila: /tmp/pytest-of-aldwin/pytest-11/test_ingestion_flow0/openweather/manila.json
2026-10-06 18:34:16,507 | INFO | pipeline.main | Processing city: Quezon City
2026-10-06 18:34:16,508 | INFO | pipeline.main | Geocoding extracted for Quezon City
2026-10-06 18:34:16,511 | INFO | pipeline.main | New weather data saved for Quezon City: /tmp/pytest-of-aldwin/pytest-11/test_ingestion_flow0/openweather/quezon_city.json
2026-10-06 18:34:16,512 | INFO | pipeline.main | Processing city: Cebu City
2026-10-06 18:34:16,514 | INFO | pipeline.main | Geocoding extracted for Cebu City
2026-10-06 18:34:16,518 | INFO | pipeline.main | New weather data saved for Cebu City: /tmp/pytest-of-aldwin/pytest-11/test_ingestion_flow0/openweather/cebu_city.json
2026-10-06 18:34:16,520 | INFO | pipeline.main | Processing city: Davao City
2026-10-06 18:34:16,522 | INFO | pipeline.main | Geocoding extracted for Davao City
2026-10-06 18:34:16,528 | INFO | pipeline.main | New weather data saved for Davao City: /tmp/pytest-of-aldwin/pytest-11/test_ingestion_flow0/openweather/davao_city.json
2026-10-06 18:34:16,530 | INFO | pipeline.main | Processing city: Baguio
2026-10-06 18:34:16,532 | INFO | pipeline.main | Geocoding extracted for Baguio
2026-10-06 18:34:16,538 | INFO | pipeline.main | New weather data saved for Baguio: /tmp/pytest-of-aldwin/pytest-11/test_ingestion_flow0/openweather/baguio.json
2026-10-06 18:34:16,539 | INFO | pipeline.main | Processing city: Iloilo City
2026-10-06 18:34:16,541 | INFO | pipeline.main | Geocoding extracted for Iloilo City
2026-10-06 18:34:16,544 | INFO | pipeline.main | New weather data saved for Iloilo City: /tmp/pytest-of-aldwin/pytest-11/test_ingestion_flow0/openweather/iloilo_city.json
2026-10-06 18:34:16,545 | INFO | pipeline.main | Processing city: Cagayan de Oro
2026-10-06 18:34:16,547 | INFO | pipeline.main | Geocoding extracted for Cagayan de Oro
2026-10-06 18:34:16,551 | INFO | pipeline.main | New weather data saved for Cagayan de Oro: /tmp/pytest-of-aldwin/pytest-11/test_ingestion_flow0/openweather/cagayan_de_oro.json
2026-10-06 18:34:16,552 | INFO | pipeline.main | Processing city: Zamboanga City
2026-10-06 18:34:16,554 | INFO | pipeline.main | Geocoding extracted for Zamboanga City
2026-10-06 18:34:16,557 | INFO | pipeline.main | New weather data saved for Zamboanga City: /tmp/pytest-of-aldwin/pytest-11/test_ingestion_flow0/openweather/zamboanga_city.json
2026-10-06 18:34:16,558 | INFO | pipeline.main | Weather ingestion completed.
2026-10-06 18:36:02,745 | INFO | pipeline.main | Starting Weather Ingestion...
2026-10-06 18:36:02,747 | INFO | pipeline.main | Processing city: Manila
2026-10-06 18:36:02,748 | INFO | pipeline.main | Geocoding extracted for Manila
2026-10-06 18:36:02,751 | INFO | pipeline.main | New weather data saved for Manila: /tmp/pytest-of-aldwin/pytest-12/test_ingestion_flow0/openweather/manila.json
2026-10-06 18:36:02,753 | INFO | pipeline.main | Processing city: Quezon City
2026-10-06 18:36:02,755 | INFO | pipeline.main | Geocoding extracted for Quezon City
2026-10-06 18:36:02,760 | INFO | pipeline.main | New weather data saved for Quezon City: /tmp/pytest-of-aldwin/pytest-12/test_ingestion_flow0/openweather/quezon_city.json
2026-10-06 18:36:02,761 | INFO | pipeline.main | Processing city: Cebu City
2026-10-06 18:36:02,764 | INFO | pipeline.main | Geocoding extracted for Cebu City
2026-10-06 18:36:02,767 | INFO | pipeline.main | New weather data saved for Cebu City: /tmp/pytest-of-aldwin/pytest-12/test_ingestion_flow0/openweather/cebu_city.json
2026-10-06 18:36:02,769 | INFO | pipeline.main | Processing city: Davao City
2026-10-06 18:36:02,772 | INFO | pipeline.main | Geocoding extracted for Davao City
2026-10-06 18:36:02,783 | INFO | pipeline.main | New weather data saved for Davao City: /tmp/pytest-of-aldwin/pytest-12/test_ingestion_flow0/openweather/davao_city.json
2026-10-06 18:36:02,786 | INFO | pipeline.main | Processing city: Baguio
2026-10-06 18:36:02,792 | INFO | pipeline.main | Geocoding extracted for Baguio
2026-10-06 18:36:02,797 | INFO | pipeline.main | New weather data saved for Baguio: /tmp/pytest-of-aldwin/pytest-12/test_ingestion_flow0/openweather/baguio.json
2026-10-06 18:36:02,799 | INFO | pipeline.main | Processing city: Iloilo City
2026-10-06 18:36:02,801 | INFO | pipeline.main | Geocoding extracted for Iloilo City
2026-10-06 18:36:02,807 | INFO | pipeline.main | New weather data saved for Iloilo City: /tmp/pytest-of-aldwin/pytest-12/test_ingestion_flow0/openweather/iloilo_city.json
2026-10-06 18:36:02,810 | INFO | pipeline.main | Processing city: Cagayan de Oro
2026-10-06 18:36:02,815 | INFO | pipeline.main | Geocoding extracted for Cagayan de Oro
2026-10-06 18:36:02,820 | INFO | pipeline.main | New weather data saved for Cagayan de Oro: /tmp/pytest-of-aldwin/pytest-12/test_ingestion_flow0/openweather/cagayan_de_oro.json
2026-10-06 18:36:02,823 | INFO | pipeline.main | Processing city: Zamboanga City
2026-10-06 18:36:02,825 | INFO | pipeline.main | Geocoding extracted for Zamboanga City
2026-10-06 18:36:02,829 | INFO | pipeline.main | New weather data saved for Zamboanga City: /tmp/pytest-of-aldwin/pytest-12/test_ingestion_flow0/openweather/zamboanga_city.json
2026-10-06 18:36:02,831 | INFO | pipeline.main | Weather ingestion completed.
2026-10-06 18:39:17,987 | INFO | pipeline.main | Starting Weather Ingestion...
2026-10-06 18:39:17,992 | INFO | pipeline.main | Processing city: Manila
2026-10-06 18:39:17,996 | INFO | pipeline.main | Geocoding extracted for Manila
2026-10-06 18:39:17,999 | INFO | pipeline.main | New weather data saved for Manila: /tmp/pytest-of-aldwin/pytest-13/test_ingestion_flow0/openweather/manila.json
2026-10-06 18:39:18,001 | INFO | pipeline.main | Processing city: Quezon City
2026-10-06 18:39:18,002 | INFO | pipeline.main | Geocoding extracted for Quezon City
2026-10-06 18:39:18,006 | INFO | pipeline.main | New weather data saved for Quezon City: /tmp/pytest-of-aldwin/pytest-13/test_ingestion_flow0/openweather/quezon_city.json
2026-10-06 18:39:18,007 | INFO | pipeline.main | Processing city: Cebu City
2026-10-06 18:39:18,009 | INFO | pipeline.main | Geocoding extracted for Cebu City
2026-10-06 18:39:18,013 | INFO | pipeline.main | New weather data saved for Cebu City: /tmp/pytest-of-aldwin/pytest-13/test_ingestion_flow0/openweather/cebu_city.json
2026-10-06 18:39:18,015 | INFO | pipeline.main | Processing city: Davao City
2026-10-06 18:39:18,017 | INFO | pipeline.main | Geocoding extracted for Davao City
2026-10-06 18:39:18,021 | INFO | pipeline.main | New weather data saved for Davao City: /tmp/pytest-of-aldwin/pytest-13/test_ingestion_flow0/openweather/davao_city.json
2026-10-06 18:39:18,022 | INFO | pipeline.main | Processing city: Baguio
2026-10-06 18:39:18,024 | INFO | pipeline.main | Geocoding extracted for Baguio
2026-10-06 18:39:18,028 | INFO | pipeline.main | New weather data saved for Baguio: /tmp/pytest-of-aldwin/pytest-13/test_ingestion_flow0/openweather/baguio.json
2026-10-06 18:39:18,030 | INFO | pipeline.main | Processing city: Iloilo City
2026-10-06 18:39:18,031 | INFO | pipeline.main | Geocoding extracted for Iloilo City
2026-10-06 18:39:18,036 | INFO | pipeline.main | New weather data saved for Iloilo City: /tmp/pytest-of-aldwin/pytest-13/test_ingestion_flow0/openweather/iloilo_city.json
2026-10-06 18:39:18,038 | INFO | pipeline.main | Processing city: Cagayan de Oro
2026-10-06 18:39:18,040 | INFO | pipeline.main | Geocoding extracted for Cagayan de Oro
2026-10-06 18:39:18,043 | INFO | pipeline.main | New weather data saved for Cagayan de Oro: /tmp/pytest-of-aldwin/pytest-13/test_ingestion_flow0/openweather/cagayan_de_oro.json
2026-10-06 18:39:18,044 | INFO | pipeline.main | Processing city: Zamboanga City
2026-10-06 18:39:18,045 | INFO | pipeline.main | Geocoding extracted for Zamboanga City
2026-10-06 18:39:18,050 | INFO | pipeline.main | New weather data saved for Zamboanga City: /tmp/pytest-of-aldwin/pytest-13/test_ingestion_flow0/openweather/zamboanga_city.json
2026-10-06 18:39:18,052 | INFO | pipeline.main | Weather ingestion completed.
2026-10-06 19:14:27,393 | INFO | pipeline.main | Starting Weather Ingestion...
2026-10-06 19:14:27,397 | INFO | pipeline.main | Processing city: Manila
2026-10-06 19:14:27,399 | INFO | pipeline.main | Geocoding extracted for Manila
2026-10-06 19:14:27,404 | INFO | pipeline.main | Loaded parquet data for Manila into PostgreSQL table openweather_manila
2026-10-06 19:14:27,406 | INFO | pipeline.main | New weather data saved for Manila: /tmp/pytest-of-aldwin/pytest-18/test_pipeline_main_saves_parqu0/manila.json
2026-10-06 19:14:27,409 | INFO | pipeline.main | Weather ingestion completed.
2026-10-06 19:17:20,840 | INFO | __main__ | Starting Weather Ingestion...
2026-10-06 19:17:20,841 | INFO | __main__ | Processing city: Manila
2026-10-06 19:17:22,120 | INFO | __main__ | Geocoding extracted for Manila
2026-10-06 19:17:23,692 | ERROR | __main__ | Failed to process city: Manila
Traceback (most recent call last):
  File "/mnt/c/Users/aldwin/project/weatherflow/.venv/lib/python3.14/site-packages/sqlalchemy/engine/base.py", line 144, in __init__
    self._dbapi_connection = engine.raw_connection()
                             ~~~~~~~~~~~~~~~~~~~~~^^
  File "/mnt/c/Users/aldwin/project/weatherflow/.venv/lib/python3.14/site-packages/sqlalchemy/engine/base.py", line 3319, in raw_connection
    return self.pool.connect()
           ~~~~~~~~~~~~~~~~~^^
  File "/mnt/c/Users/aldwin/project/weatherflow/.venv/lib/python3.14/site-packages/sqlalchemy/pool/base.py", line 448, in connect
    return _ConnectionFairy._checkout(self)
           ~~~~~~~~~~~~~~~~~~~~~~~~~~^^^^^^
  File "/mnt/c/Users/aldwin/project/weatherflow/.venv/lib/python3.14/site-packages/sqlalchemy/pool/base.py", line 1290, in _checkout
    fairy = _ConnectionRecord.checkout(pool)
  File "/mnt/c/Users/aldwin/project/weatherflow/.venv/lib/python3.14/site-packages/sqlalchemy/pool/base.py", line 712, in checkout
    rec = pool._do_get()
  File "/mnt/c/Users/aldwin/project/weatherflow/.venv/lib/python3.14/site-packages/sqlalchemy/pool/impl.py", line 178, in _do_get
    with util.safe_reraise():
         ~~~~~~~~~~~~~~~~~^^
  File "/mnt/c/Users/aldwin/project/weatherflow/.venv/lib/python3.14/site-packages/sqlalchemy/util/langhelpers.py", line 122, in __exit__
    raise exc_value.with_traceback(exc_tb)
  File "/mnt/c/Users/aldwin/project/weatherflow/.venv/lib/python3.14/site-packages/sqlalchemy/pool/impl.py", line 176, in _do_get
    return self._create_connection()
           ~~~~~~~~~~~~~~~~~~~~~~~^^
  File "/mnt/c/Users/aldwin/project/weatherflow/.venv/lib/python3.14/site-packages/sqlalchemy/pool/base.py", line 389, in _create_connection
    return _ConnectionRecord(self)
  File "/mnt/c/Users/aldwin/project/weatherflow/.venv/lib/python3.14/site-packages/sqlalchemy/pool/base.py", line 674, in __init__
    self.__connect()
    ~~~~~~~~~~~~~~^^
  File "/mnt/c/Users/aldwin/project/weatherflow/.venv/lib/python3.14/site-packages/sqlalchemy/pool/base.py", line 900, in __connect
    with util.safe_reraise():
         ~~~~~~~~~~~~~~~~~^^
  File "/mnt/c/Users/aldwin/project/weatherflow/.venv/lib/python3.14/site-packages/sqlalchemy/util/langhelpers.py", line 122, in __exit__
    raise exc_value.with_traceback(exc_tb)
  File "/mnt/c/Users/aldwin/project/weatherflow/.venv/lib/python3.14/site-packages/sqlalchemy/pool/base.py", line 896, in __connect
    self.dbapi_connection = connection = pool._invoke_creator(self)
                                         ~~~~~~~~~~~~~~~~~~~~^^^^^^
  File "/mnt/c/Users/aldwin/project/weatherflow/.venv/lib/python3.14/site-packages/sqlalchemy/engine/create.py", line 667, in connect
    return dialect.connect(*cargs_tup, **cparams)
           ~~~~~~~~~~~~~~~^^^^^^^^^^^^^^^^^^^^^^^
  File "/mnt/c/Users/aldwin/project/weatherflow/.venv/lib/python3.14/site-packages/sqlalchemy/engine/default.py", line 630, in connect
    return self.loaded_dbapi.connect(*cargs, **cparams)  # type: ignore[no-any-return]  # NOQA: E501
           ~~~~~~~~~~~~~~~~~~~~~~~~~^^^^^^^^^^^^^^^^^^^
  File "/mnt/c/Users/aldwin/project/weatherflow/.venv/lib/python3.14/site-packages/psycopg2/__init__.py", line 122, in connect
    conn = _connect(dsn, connection_factory=connection_factory, **kwasync)
psycopg2.OperationalError: connection to server at "localhost" (127.0.0.1), port 5433 failed: Connection refused
	Is the server running on that host and accepting TCP/IP connections?


The above exception was the direct cause of the following exception:

Traceback (most recent call last):
  File "/mnt/c/Users/aldwin/project/weatherflow/pipeline/main.py", line 75, in main
    load_postgresql(parquet_file, table_name, if_exists="replace")
    ~~~~~~~~~~~~~~~^^^^^^^^^^^^^^^^^^^^^^^^^^^^^^^^^^^^^^^^^^^^^^^
  File "/mnt/c/Users/aldwin/project/weatherflow/pipeline/loaded/load_postresql.py", line 324, in load_postgresql
    with engine.begin() as connection:
         ~~~~~~~~~~~~^^
  File "/usr/lib/python3.14/contextlib.py", line 141, in __enter__
    return next(self.gen)
  File "/mnt/c/Users/aldwin/project/weatherflow/.venv/lib/python3.14/site-packages/sqlalchemy/engine/base.py", line 3259, in begin
    with self.connect() as conn:
         ~~~~~~~~~~~~^^
  File "/mnt/c/Users/aldwin/project/weatherflow/.venv/lib/python3.14/site-packages/sqlalchemy/engine/base.py", line 3295, in connect
    return self._connection_cls(self)
           ~~~~~~~~~~~~~~~~~~~~^^^^^^
  File "/mnt/c/Users/aldwin/project/weatherflow/.venv/lib/python3.14/site-packages/sqlalchemy/engine/base.py", line 146, in __init__
    Connection._handle_dbapi_exception_noconnection(
    ~~~~~~~~~~~~~~~~~~~~~~~~~~~~~~~~~~~~~~~~~~~~~~~^
        err, dialect, engine
        ^^^^^^^^^^^^^^^^^^^^
    )
    ^
  File "/mnt/c/Users/aldwin/project/weatherflow/.venv/lib/python3.14/site-packages/sqlalchemy/engine/base.py", line 2450, in _handle_dbapi_exception_noconnection
    raise sqlalchemy_exception.with_traceback(exc_info[2]) from e
  File "/mnt/c/Users/aldwin/project/weatherflow/.venv/lib/python3.14/site-packages/sqlalchemy/engine/base.py", line 144, in __init__
    self._dbapi_connection = engine.raw_connection()
                             ~~~~~~~~~~~~~~~~~~~~~^^
  File "/mnt/c/Users/aldwin/project/weatherflow/.venv/lib/python3.14/site-packages/sqlalchemy/engine/base.py", line 3319, in raw_connection
    return self.pool.connect()
           ~~~~~~~~~~~~~~~~~^^
  File "/mnt/c/Users/aldwin/project/weatherflow/.venv/lib/python3.14/site-packages/sqlalchemy/pool/base.py", line 448, in connect
    return _ConnectionFairy._checkout(self)
           ~~~~~~~~~~~~~~~~~~~~~~~~~~^^^^^^
  File "/mnt/c/Users/aldwin/project/weatherflow/.venv/lib/python3.14/site-packages/sqlalchemy/pool/base.py", line 1290, in _checkout
    fairy = _ConnectionRecord.checkout(pool)
  File "/mnt/c/Users/aldwin/project/weatherflow/.venv/lib/python3.14/site-packages/sqlalchemy/pool/base.py", line 712, in checkout
    rec = pool._do_get()
  File "/mnt/c/Users/aldwin/project/weatherflow/.venv/lib/python3.14/site-packages/sqlalchemy/pool/impl.py", line 178, in _do_get
    with util.safe_reraise():
         ~~~~~~~~~~~~~~~~~^^
  File "/mnt/c/Users/aldwin/project/weatherflow/.venv/lib/python3.14/site-packages/sqlalchemy/util/langhelpers.py", line 122, in __exit__
    raise exc_value.with_traceback(exc_tb)
  File "/mnt/c/Users/aldwin/project/weatherflow/.venv/lib/python3.14/site-packages/sqlalchemy/pool/impl.py", line 176, in _do_get
    return self._create_connection()
           ~~~~~~~~~~~~~~~~~~~~~~~^^
  File "/mnt/c/Users/aldwin/project/weatherflow/.venv/lib/python3.14/site-packages/sqlalchemy/pool/base.py", line 389, in _create_connection
    return _ConnectionRecord(self)
  File "/mnt/c/Users/aldwin/project/weatherflow/.venv/lib/python3.14/site-packages/sqlalchemy/pool/base.py", line 674, in __init__
    self.__connect()
    ~~~~~~~~~~~~~~^^
  File "/mnt/c/Users/aldwin/project/weatherflow/.venv/lib/python3.14/site-packages/sqlalchemy/pool/base.py", line 900, in __connect
    with util.safe_reraise():
         ~~~~~~~~~~~~~~~~~^^
  File "/mnt/c/Users/aldwin/project/weatherflow/.venv/lib/python3.14/site-packages/sqlalchemy/util/langhelpers.py", line 122, in __exit__
    raise exc_value.with_traceback(exc_tb)
  File "/mnt/c/Users/aldwin/project/weatherflow/.venv/lib/python3.14/site-packages/sqlalchemy/pool/base.py", line 896, in __connect
    self.dbapi_connection = connection = pool._invoke_creator(self)
                                         ~~~~~~~~~~~~~~~~~~~~^^^^^^
  File "/mnt/c/Users/aldwin/project/weatherflow/.venv/lib/python3.14/site-packages/sqlalchemy/engine/create.py", line 667, in connect
    return dialect.connect(*cargs_tup, **cparams)
           ~~~~~~~~~~~~~~~^^^^^^^^^^^^^^^^^^^^^^^
  File "/mnt/c/Users/aldwin/project/weatherflow/.venv/lib/python3.14/site-packages/sqlalchemy/engine/default.py", line 630, in connect
    return self.loaded_dbapi.connect(*cargs, **cparams)  # type: ignore[no-any-return]  # NOQA: E501
           ~~~~~~~~~~~~~~~~~~~~~~~~~^^^^^^^^^^^^^^^^^^^
  File "/mnt/c/Users/aldwin/project/weatherflow/.venv/lib/python3.14/site-packages/psycopg2/__init__.py", line 122, in connect
    conn = _connect(dsn, connection_factory=connection_factory, **kwasync)
sqlalchemy.exc.OperationalError: (psycopg2.OperationalError) connection to server at "localhost" (127.0.0.1), port 5433 failed: Connection refused
	Is the server running on that host and accepting TCP/IP connections?

(Background on this error at: https://sqlalche.me/e/20/e3q8)
2026-10-06 19:17:23,921 | INFO | __main__ | Processing city: Quezon City
2026-10-06 19:17:24,419 | INFO | __main__ | Geocoding extracted for Quezon City
2026-10-06 19:17:24,615 | ERROR | __main__ | Failed to process city: Quezon City
Traceback (most recent call last):
  File "/mnt/c/Users/aldwin/project/weatherflow/.venv/lib/python3.14/site-packages/sqlalchemy/engine/base.py", line 144, in __init__
    self._dbapi_connection = engine.raw_connection()
                             ~~~~~~~~~~~~~~~~~~~~~^^
  File "/mnt/c/Users/aldwin/project/weatherflow/.venv/lib/python3.14/site-packages/sqlalchemy/engine/base.py", line 3319, in raw_connection
    return self.pool.connect()
           ~~~~~~~~~~~~~~~~~^^
  File "/mnt/c/Users/aldwin/project/weatherflow/.venv/lib/python3.14/site-packages/sqlalchemy/pool/base.py", line 448, in connect
    return _ConnectionFairy._checkout(self)
           ~~~~~~~~~~~~~~~~~~~~~~~~~~^^^^^^
  File "/mnt/c/Users/aldwin/project/weatherflow/.venv/lib/python3.14/site-packages/sqlalchemy/pool/base.py", line 1290, in _checkout
    fairy = _ConnectionRecord.checkout(pool)
  File "/mnt/c/Users/aldwin/project/weatherflow/.venv/lib/python3.14/site-packages/sqlalchemy/pool/base.py", line 712, in checkout
    rec = pool._do_get()
  File "/mnt/c/Users/aldwin/project/weatherflow/.venv/lib/python3.14/site-packages/sqlalchemy/pool/impl.py", line 178, in _do_get
    with util.safe_reraise():
         ~~~~~~~~~~~~~~~~~^^
  File "/mnt/c/Users/aldwin/project/weatherflow/.venv/lib/python3.14/site-packages/sqlalchemy/util/langhelpers.py", line 122, in __exit__
    raise exc_value.with_traceback(exc_tb)
  File "/mnt/c/Users/aldwin/project/weatherflow/.venv/lib/python3.14/site-packages/sqlalchemy/pool/impl.py", line 176, in _do_get
    return self._create_connection()
           ~~~~~~~~~~~~~~~~~~~~~~~^^
  File "/mnt/c/Users/aldwin/project/weatherflow/.venv/lib/python3.14/site-packages/sqlalchemy/pool/base.py", line 389, in _create_connection
    return _ConnectionRecord(self)
  File "/mnt/c/Users/aldwin/project/weatherflow/.venv/lib/python3.14/site-packages/sqlalchemy/pool/base.py", line 674, in __init__
    self.__connect()
    ~~~~~~~~~~~~~~^^
  File "/mnt/c/Users/aldwin/project/weatherflow/.venv/lib/python3.14/site-packages/sqlalchemy/pool/base.py", line 900, in __connect
    with util.safe_reraise():
         ~~~~~~~~~~~~~~~~~^^
  File "/mnt/c/Users/aldwin/project/weatherflow/.venv/lib/python3.14/site-packages/sqlalchemy/util/langhelpers.py", line 122, in __exit__
    raise exc_value.with_traceback(exc_tb)
  File "/mnt/c/Users/aldwin/project/weatherflow/.venv/lib/python3.14/site-packages/sqlalchemy/pool/base.py", line 896, in __connect
    self.dbapi_connection = connection = pool._invoke_creator(self)
                                         ~~~~~~~~~~~~~~~~~~~~^^^^^^
  File "/mnt/c/Users/aldwin/project/weatherflow/.venv/lib/python3.14/site-packages/sqlalchemy/engine/create.py", line 667, in connect
    return dialect.connect(*cargs_tup, **cparams)
           ~~~~~~~~~~~~~~~^^^^^^^^^^^^^^^^^^^^^^^
  File "/mnt/c/Users/aldwin/project/weatherflow/.venv/lib/python3.14/site-packages/sqlalchemy/engine/default.py", line 630, in connect
    return self.loaded_dbapi.connect(*cargs, **cparams)  # type: ignore[no-any-return]  # NOQA: E501
           ~~~~~~~~~~~~~~~~~~~~~~~~~^^^^^^^^^^^^^^^^^^^
  File "/mnt/c/Users/aldwin/project/weatherflow/.venv/lib/python3.14/site-packages/psycopg2/__init__.py", line 122, in connect
    conn = _connect(dsn, connection_factory=connection_factory, **kwasync)
psycopg2.OperationalError: connection to server at "localhost" (127.0.0.1), port 5433 failed: Connection refused
	Is the server running on that host and accepting TCP/IP connections?


The above exception was the direct cause of the following exception:

Traceback (most recent call last):
  File "/mnt/c/Users/aldwin/project/weatherflow/pipeline/main.py", line 75, in main
    load_postgresql(parquet_file, table_name, if_exists="replace")
    ~~~~~~~~~~~~~~~^^^^^^^^^^^^^^^^^^^^^^^^^^^^^^^^^^^^^^^^^^^^^^^
  File "/mnt/c/Users/aldwin/project/weatherflow/pipeline/loaded/load_postresql.py", line 324, in load_postgresql
    with engine.begin() as connection:
         ~~~~~~~~~~~~^^
  File "/usr/lib/python3.14/contextlib.py", line 141, in __enter__
    return next(self.gen)
  File "/mnt/c/Users/aldwin/project/weatherflow/.venv/lib/python3.14/site-packages/sqlalchemy/engine/base.py", line 3259, in begin
    with self.connect() as conn:
         ~~~~~~~~~~~~^^
  File "/mnt/c/Users/aldwin/project/weatherflow/.venv/lib/python3.14/site-packages/sqlalchemy/engine/base.py", line 3295, in connect
    return self._connection_cls(self)
           ~~~~~~~~~~~~~~~~~~~~^^^^^^
  File "/mnt/c/Users/aldwin/project/weatherflow/.venv/lib/python3.14/site-packages/sqlalchemy/engine/base.py", line 146, in __init__
    Connection._handle_dbapi_exception_noconnection(
    ~~~~~~~~~~~~~~~~~~~~~~~~~~~~~~~~~~~~~~~~~~~~~~~^
        err, dialect, engine
        ^^^^^^^^^^^^^^^^^^^^
    )
    ^
  File "/mnt/c/Users/aldwin/project/weatherflow/.venv/lib/python3.14/site-packages/sqlalchemy/engine/base.py", line 2450, in _handle_dbapi_exception_noconnection
    raise sqlalchemy_exception.with_traceback(exc_info[2]) from e
  File "/mnt/c/Users/aldwin/project/weatherflow/.venv/lib/python3.14/site-packages/sqlalchemy/engine/base.py", line 144, in __init__
    self._dbapi_connection = engine.raw_connection()
                             ~~~~~~~~~~~~~~~~~~~~~^^
  File "/mnt/c/Users/aldwin/project/weatherflow/.venv/lib/python3.14/site-packages/sqlalchemy/engine/base.py", line 3319, in raw_connection
    return self.pool.connect()
           ~~~~~~~~~~~~~~~~~^^
  File "/mnt/c/Users/aldwin/project/weatherflow/.venv/lib/python3.14/site-packages/sqlalchemy/pool/base.py", line 448, in connect
    return _ConnectionFairy._checkout(self)
           ~~~~~~~~~~~~~~~~~~~~~~~~~~^^^^^^
  File "/mnt/c/Users/aldwin/project/weatherflow/.venv/lib/python3.14/site-packages/sqlalchemy/pool/base.py", line 1290, in _checkout
    fairy = _ConnectionRecord.checkout(pool)
  File "/mnt/c/Users/aldwin/project/weatherflow/.venv/lib/python3.14/site-packages/sqlalchemy/pool/base.py", line 712, in checkout
    rec = pool._do_get()
  File "/mnt/c/Users/aldwin/project/weatherflow/.venv/lib/python3.14/site-packages/sqlalchemy/pool/impl.py", line 178, in _do_get
    with util.safe_reraise():
         ~~~~~~~~~~~~~~~~~^^
  File "/mnt/c/Users/aldwin/project/weatherflow/.venv/lib/python3.14/site-packages/sqlalchemy/util/langhelpers.py", line 122, in __exit__
    raise exc_value.with_traceback(exc_tb)
  File "/mnt/c/Users/aldwin/project/weatherflow/.venv/lib/python3.14/site-packages/sqlalchemy/pool/impl.py", line 176, in _do_get
    return self._create_connection()
           ~~~~~~~~~~~~~~~~~~~~~~~^^
  File "/mnt/c/Users/aldwin/project/weatherflow/.venv/lib/python3.14/site-packages/sqlalchemy/pool/base.py", line 389, in _create_connection
    return _ConnectionRecord(self)
  File "/mnt/c/Users/aldwin/project/weatherflow/.venv/lib/python3.14/site-packages/sqlalchemy/pool/base.py", line 674, in __init__
    self.__connect()
    ~~~~~~~~~~~~~~^^
  File "/mnt/c/Users/aldwin/project/weatherflow/.venv/lib/python3.14/site-packages/sqlalchemy/pool/base.py", line 900, in __connect
    with util.safe_reraise():
         ~~~~~~~~~~~~~~~~~^^
  File "/mnt/c/Users/aldwin/project/weatherflow/.venv/lib/python3.14/site-packages/sqlalchemy/util/langhelpers.py", line 122, in __exit__
    raise exc_value.with_traceback(exc_tb)
  File "/mnt/c/Users/aldwin/project/weatherflow/.venv/lib/python3.14/site-packages/sqlalchemy/pool/base.py", line 896, in __connect
    self.dbapi_connection = connection = pool._invoke_creator(self)
                                         ~~~~~~~~~~~~~~~~~~~~^^^^^^
  File "/mnt/c/Users/aldwin/project/weatherflow/.venv/lib/python3.14/site-packages/sqlalchemy/engine/create.py", line 667, in connect
    return dialect.connect(*cargs_tup, **cparams)
           ~~~~~~~~~~~~~~~^^^^^^^^^^^^^^^^^^^^^^^
  File "/mnt/c/Users/aldwin/project/weatherflow/.venv/lib/python3.14/site-packages/sqlalchemy/engine/default.py", line 630, in connect
    return self.loaded_dbapi.connect(*cargs, **cparams)  # type: ignore[no-any-return]  # NOQA: E501
           ~~~~~~~~~~~~~~~~~~~~~~~~~^^^^^^^^^^^^^^^^^^^
  File "/mnt/c/Users/aldwin/project/weatherflow/.venv/lib/python3.14/site-packages/psycopg2/__init__.py", line 122, in connect
    conn = _connect(dsn, connection_factory=connection_factory, **kwasync)
sqlalchemy.exc.OperationalError: (psycopg2.OperationalError) connection to server at "localhost" (127.0.0.1), port 5433 failed: Connection refused
	Is the server running on that host and accepting TCP/IP connections?

(Background on this error at: https://sqlalche.me/e/20/e3q8)
2026-10-06 19:17:24,652 | INFO | __main__ | Processing city: Cebu City
2026-10-06 19:17:25,014 | INFO | __main__ | Geocoding extracted for Cebu City
2026-10-06 19:17:25,204 | ERROR | __main__ | Failed to process city: Cebu City
Traceback (most recent call last):
  File "/mnt/c/Users/aldwin/project/weatherflow/.venv/lib/python3.14/site-packages/sqlalchemy/engine/base.py", line 144, in __init__
    self._dbapi_connection = engine.raw_connection()
                             ~~~~~~~~~~~~~~~~~~~~~^^
  File "/mnt/c/Users/aldwin/project/weatherflow/.venv/lib/python3.14/site-packages/sqlalchemy/engine/base.py", line 3319, in raw_connection
    return self.pool.connect()
           ~~~~~~~~~~~~~~~~~^^
  File "/mnt/c/Users/aldwin/project/weatherflow/.venv/lib/python3.14/site-packages/sqlalchemy/pool/base.py", line 448, in connect
    return _ConnectionFairy._checkout(self)
           ~~~~~~~~~~~~~~~~~~~~~~~~~~^^^^^^
  File "/mnt/c/Users/aldwin/project/weatherflow/.venv/lib/python3.14/site-packages/sqlalchemy/pool/base.py", line 1290, in _checkout
    fairy = _ConnectionRecord.checkout(pool)
  File "/mnt/c/Users/aldwin/project/weatherflow/.venv/lib/python3.14/site-packages/sqlalchemy/pool/base.py", line 712, in checkout
    rec = pool._do_get()
  File "/mnt/c/Users/aldwin/project/weatherflow/.venv/lib/python3.14/site-packages/sqlalchemy/pool/impl.py", line 178, in _do_get
    with util.safe_reraise():
         ~~~~~~~~~~~~~~~~~^^
  File "/mnt/c/Users/aldwin/project/weatherflow/.venv/lib/python3.14/site-packages/sqlalchemy/util/langhelpers.py", line 122, in __exit__
    raise exc_value.with_traceback(exc_tb)
  File "/mnt/c/Users/aldwin/project/weatherflow/.venv/lib/python3.14/site-packages/sqlalchemy/pool/impl.py", line 176, in _do_get
    return self._create_connection()
           ~~~~~~~~~~~~~~~~~~~~~~~^^
  File "/mnt/c/Users/aldwin/project/weatherflow/.venv/lib/python3.14/site-packages/sqlalchemy/pool/base.py", line 389, in _create_connection
    return _ConnectionRecord(self)
  File "/mnt/c/Users/aldwin/project/weatherflow/.venv/lib/python3.14/site-packages/sqlalchemy/pool/base.py", line 674, in __init__
    self.__connect()
    ~~~~~~~~~~~~~~^^
  File "/mnt/c/Users/aldwin/project/weatherflow/.venv/lib/python3.14/site-packages/sqlalchemy/pool/base.py", line 900, in __connect
    with util.safe_reraise():
         ~~~~~~~~~~~~~~~~~^^
  File "/mnt/c/Users/aldwin/project/weatherflow/.venv/lib/python3.14/site-packages/sqlalchemy/util/langhelpers.py", line 122, in __exit__
    raise exc_value.with_traceback(exc_tb)
  File "/mnt/c/Users/aldwin/project/weatherflow/.venv/lib/python3.14/site-packages/sqlalchemy/pool/base.py", line 896, in __connect
    self.dbapi_connection = connection = pool._invoke_creator(self)
                                         ~~~~~~~~~~~~~~~~~~~~^^^^^^
  File "/mnt/c/Users/aldwin/project/weatherflow/.venv/lib/python3.14/site-packages/sqlalchemy/engine/create.py", line 667, in connect
    return dialect.connect(*cargs_tup, **cparams)
           ~~~~~~~~~~~~~~~^^^^^^^^^^^^^^^^^^^^^^^
  File "/mnt/c/Users/aldwin/project/weatherflow/.venv/lib/python3.14/site-packages/sqlalchemy/engine/default.py", line 630, in connect
    return self.loaded_dbapi.connect(*cargs, **cparams)  # type: ignore[no-any-return]  # NOQA: E501
           ~~~~~~~~~~~~~~~~~~~~~~~~~^^^^^^^^^^^^^^^^^^^
  File "/mnt/c/Users/aldwin/project/weatherflow/.venv/lib/python3.14/site-packages/psycopg2/__init__.py", line 122, in connect
    conn = _connect(dsn, connection_factory=connection_factory, **kwasync)
psycopg2.OperationalError: connection to server at "localhost" (127.0.0.1), port 5433 failed: Connection refused
	Is the server running on that host and accepting TCP/IP connections?


The above exception was the direct cause of the following exception:

Traceback (most recent call last):
  File "/mnt/c/Users/aldwin/project/weatherflow/pipeline/main.py", line 75, in main
    load_postgresql(parquet_file, table_name, if_exists="replace")
    ~~~~~~~~~~~~~~~^^^^^^^^^^^^^^^^^^^^^^^^^^^^^^^^^^^^^^^^^^^^^^^
  File "/mnt/c/Users/aldwin/project/weatherflow/pipeline/loaded/load_postresql.py", line 324, in load_postgresql
    with engine.begin() as connection:
         ~~~~~~~~~~~~^^
  File "/usr/lib/python3.14/contextlib.py", line 141, in __enter__
    return next(self.gen)
  File "/mnt/c/Users/aldwin/project/weatherflow/.venv/lib/python3.14/site-packages/sqlalchemy/engine/base.py", line 3259, in begin
    with self.connect() as conn:
         ~~~~~~~~~~~~^^
  File "/mnt/c/Users/aldwin/project/weatherflow/.venv/lib/python3.14/site-packages/sqlalchemy/engine/base.py", line 3295, in connect
    return self._connection_cls(self)
           ~~~~~~~~~~~~~~~~~~~~^^^^^^
  File "/mnt/c/Users/aldwin/project/weatherflow/.venv/lib/python3.14/site-packages/sqlalchemy/engine/base.py", line 146, in __init__
    Connection._handle_dbapi_exception_noconnection(
    ~~~~~~~~~~~~~~~~~~~~~~~~~~~~~~~~~~~~~~~~~~~~~~~^
        err, dialect, engine
        ^^^^^^^^^^^^^^^^^^^^
    )
    ^
  File "/mnt/c/Users/aldwin/project/weatherflow/.venv/lib/python3.14/site-packages/sqlalchemy/engine/base.py", line 2450, in _handle_dbapi_exception_noconnection
    raise sqlalchemy_exception.with_traceback(exc_info[2]) from e
  File "/mnt/c/Users/aldwin/project/weatherflow/.venv/lib/python3.14/site-packages/sqlalchemy/engine/base.py", line 144, in __init__
    self._dbapi_connection = engine.raw_connection()
                             ~~~~~~~~~~~~~~~~~~~~~^^
  File "/mnt/c/Users/aldwin/project/weatherflow/.venv/lib/python3.14/site-packages/sqlalchemy/engine/base.py", line 3319, in raw_connection
    return self.pool.connect()
           ~~~~~~~~~~~~~~~~~^^
  File "/mnt/c/Users/aldwin/project/weatherflow/.venv/lib/python3.14/site-packages/sqlalchemy/pool/base.py", line 448, in connect
    return _ConnectionFairy._checkout(self)
           ~~~~~~~~~~~~~~~~~~~~~~~~~~^^^^^^
  File "/mnt/c/Users/aldwin/project/weatherflow/.venv/lib/python3.14/site-packages/sqlalchemy/pool/base.py", line 1290, in _checkout
    fairy = _ConnectionRecord.checkout(pool)
  File "/mnt/c/Users/aldwin/project/weatherflow/.venv/lib/python3.14/site-packages/sqlalchemy/pool/base.py", line 712, in checkout
    rec = pool._do_get()
  File "/mnt/c/Users/aldwin/project/weatherflow/.venv/lib/python3.14/site-packages/sqlalchemy/pool/impl.py", line 178, in _do_get
    with util.safe_reraise():
         ~~~~~~~~~~~~~~~~~^^
  File "/mnt/c/Users/aldwin/project/weatherflow/.venv/lib/python3.14/site-packages/sqlalchemy/util/langhelpers.py", line 122, in __exit__
    raise exc_value.with_traceback(exc_tb)
  File "/mnt/c/Users/aldwin/project/weatherflow/.venv/lib/python3.14/site-packages/sqlalchemy/pool/impl.py", line 176, in _do_get
    return self._create_connection()
           ~~~~~~~~~~~~~~~~~~~~~~~^^
  File "/mnt/c/Users/aldwin/project/weatherflow/.venv/lib/python3.14/site-packages/sqlalchemy/pool/base.py", line 389, in _create_connection
    return _ConnectionRecord(self)
  File "/mnt/c/Users/aldwin/project/weatherflow/.venv/lib/python3.14/site-packages/sqlalchemy/pool/base.py", line 674, in __init__
    self.__connect()
    ~~~~~~~~~~~~~~^^
  File "/mnt/c/Users/aldwin/project/weatherflow/.venv/lib/python3.14/site-packages/sqlalchemy/pool/base.py", line 900, in __connect
    with util.safe_reraise():
         ~~~~~~~~~~~~~~~~~^^
  File "/mnt/c/Users/aldwin/project/weatherflow/.venv/lib/python3.14/site-packages/sqlalchemy/util/langhelpers.py", line 122, in __exit__
    raise exc_value.with_traceback(exc_tb)
  File "/mnt/c/Users/aldwin/project/weatherflow/.venv/lib/python3.14/site-packages/sqlalchemy/pool/base.py", line 896, in __connect
    self.dbapi_connection = connection = pool._invoke_creator(self)
                                         ~~~~~~~~~~~~~~~~~~~~^^^^^^
  File "/mnt/c/Users/aldwin/project/weatherflow/.venv/lib/python3.14/site-packages/sqlalchemy/engine/create.py", line 667, in connect
    return dialect.connect(*cargs_tup, **cparams)
           ~~~~~~~~~~~~~~~^^^^^^^^^^^^^^^^^^^^^^^
  File "/mnt/c/Users/aldwin/project/weatherflow/.venv/lib/python3.14/site-packages/sqlalchemy/engine/default.py", line 630, in connect
    return self.loaded_dbapi.connect(*cargs, **cparams)  # type: ignore[no-any-return]  # NOQA: E501
           ~~~~~~~~~~~~~~~~~~~~~~~~~^^^^^^^^^^^^^^^^^^^
  File "/mnt/c/Users/aldwin/project/weatherflow/.venv/lib/python3.14/site-packages/psycopg2/__init__.py", line 122, in connect
    conn = _connect(dsn, connection_factory=connection_factory, **kwasync)
sqlalchemy.exc.OperationalError: (psycopg2.OperationalError) connection to server at "localhost" (127.0.0.1), port 5433 failed: Connection refused
	Is the server running on that host and accepting TCP/IP connections?

(Background on this error at: https://sqlalche.me/e/20/e3q8)
2026-10-06 19:17:25,251 | INFO | __main__ | Processing city: Davao City
2026-10-06 19:17:25,848 | INFO | __main__ | Geocoding extracted for Davao City
2026-10-06 19:17:26,031 | ERROR | __main__ | Failed to process city: Davao City
Traceback (most recent call last):
  File "/mnt/c/Users/aldwin/project/weatherflow/.venv/lib/python3.14/site-packages/sqlalchemy/engine/base.py", line 144, in __init__
    self._dbapi_connection = engine.raw_connection()
                             ~~~~~~~~~~~~~~~~~~~~~^^
  File "/mnt/c/Users/aldwin/project/weatherflow/.venv/lib/python3.14/site-packages/sqlalchemy/engine/base.py", line 3319, in raw_connection
    return self.pool.connect()
           ~~~~~~~~~~~~~~~~~^^
  File "/mnt/c/Users/aldwin/project/weatherflow/.venv/lib/python3.14/site-packages/sqlalchemy/pool/base.py", line 448, in connect
    return _ConnectionFairy._checkout(self)
           ~~~~~~~~~~~~~~~~~~~~~~~~~~^^^^^^
  File "/mnt/c/Users/aldwin/project/weatherflow/.venv/lib/python3.14/site-packages/sqlalchemy/pool/base.py", line 1290, in _checkout
    fairy = _ConnectionRecord.checkout(pool)
  File "/mnt/c/Users/aldwin/project/weatherflow/.venv/lib/python3.14/site-packages/sqlalchemy/pool/base.py", line 712, in checkout
    rec = pool._do_get()
  File "/mnt/c/Users/aldwin/project/weatherflow/.venv/lib/python3.14/site-packages/sqlalchemy/pool/impl.py", line 178, in _do_get
    with util.safe_reraise():
         ~~~~~~~~~~~~~~~~~^^
  File "/mnt/c/Users/aldwin/project/weatherflow/.venv/lib/python3.14/site-packages/sqlalchemy/util/langhelpers.py", line 122, in __exit__
    raise exc_value.with_traceback(exc_tb)
  File "/mnt/c/Users/aldwin/project/weatherflow/.venv/lib/python3.14/site-packages/sqlalchemy/pool/impl.py", line 176, in _do_get
    return self._create_connection()
           ~~~~~~~~~~~~~~~~~~~~~~~^^
  File "/mnt/c/Users/aldwin/project/weatherflow/.venv/lib/python3.14/site-packages/sqlalchemy/pool/base.py", line 389, in _create_connection
    return _ConnectionRecord(self)
  File "/mnt/c/Users/aldwin/project/weatherflow/.venv/lib/python3.14/site-packages/sqlalchemy/pool/base.py", line 674, in __init__
    self.__connect()
    ~~~~~~~~~~~~~~^^
  File "/mnt/c/Users/aldwin/project/weatherflow/.venv/lib/python3.14/site-packages/sqlalchemy/pool/base.py", line 900, in __connect
    with util.safe_reraise():
         ~~~~~~~~~~~~~~~~~^^
  File "/mnt/c/Users/aldwin/project/weatherflow/.venv/lib/python3.14/site-packages/sqlalchemy/util/langhelpers.py", line 122, in __exit__
    raise exc_value.with_traceback(exc_tb)
  File "/mnt/c/Users/aldwin/project/weatherflow/.venv/lib/python3.14/site-packages/sqlalchemy/pool/base.py", line 896, in __connect
    self.dbapi_connection = connection = pool._invoke_creator(self)
                                         ~~~~~~~~~~~~~~~~~~~~^^^^^^
  File "/mnt/c/Users/aldwin/project/weatherflow/.venv/lib/python3.14/site-packages/sqlalchemy/engine/create.py", line 667, in connect
    return dialect.connect(*cargs_tup, **cparams)
           ~~~~~~~~~~~~~~~^^^^^^^^^^^^^^^^^^^^^^^
  File "/mnt/c/Users/aldwin/project/weatherflow/.venv/lib/python3.14/site-packages/sqlalchemy/engine/default.py", line 630, in connect
    return self.loaded_dbapi.connect(*cargs, **cparams)  # type: ignore[no-any-return]  # NOQA: E501
           ~~~~~~~~~~~~~~~~~~~~~~~~~^^^^^^^^^^^^^^^^^^^
  File "/mnt/c/Users/aldwin/project/weatherflow/.venv/lib/python3.14/site-packages/psycopg2/__init__.py", line 122, in connect
    conn = _connect(dsn, connection_factory=connection_factory, **kwasync)
psycopg2.OperationalError: connection to server at "localhost" (127.0.0.1), port 5433 failed: Connection refused
	Is the server running on that host and accepting TCP/IP connections?


The above exception was the direct cause of the following exception:

Traceback (most recent call last):
  File "/mnt/c/Users/aldwin/project/weatherflow/pipeline/main.py", line 75, in main
    load_postgresql(parquet_file, table_name, if_exists="replace")
    ~~~~~~~~~~~~~~~^^^^^^^^^^^^^^^^^^^^^^^^^^^^^^^^^^^^^^^^^^^^^^^
  File "/mnt/c/Users/aldwin/project/weatherflow/pipeline/loaded/load_postresql.py", line 324, in load_postgresql
    with engine.begin() as connection:
         ~~~~~~~~~~~~^^
  File "/usr/lib/python3.14/contextlib.py", line 141, in __enter__
    return next(self.gen)
  File "/mnt/c/Users/aldwin/project/weatherflow/.venv/lib/python3.14/site-packages/sqlalchemy/engine/base.py", line 3259, in begin
    with self.connect() as conn:
         ~~~~~~~~~~~~^^
  File "/mnt/c/Users/aldwin/project/weatherflow/.venv/lib/python3.14/site-packages/sqlalchemy/engine/base.py", line 3295, in connect
    return self._connection_cls(self)
           ~~~~~~~~~~~~~~~~~~~~^^^^^^
  File "/mnt/c/Users/aldwin/project/weatherflow/.venv/lib/python3.14/site-packages/sqlalchemy/engine/base.py", line 146, in __init__
    Connection._handle_dbapi_exception_noconnection(
    ~~~~~~~~~~~~~~~~~~~~~~~~~~~~~~~~~~~~~~~~~~~~~~~^
        err, dialect, engine
        ^^^^^^^^^^^^^^^^^^^^
    )
    ^
  File "/mnt/c/Users/aldwin/project/weatherflow/.venv/lib/python3.14/site-packages/sqlalchemy/engine/base.py", line 2450, in _handle_dbapi_exception_noconnection
    raise sqlalchemy_exception.with_traceback(exc_info[2]) from e
  File "/mnt/c/Users/aldwin/project/weatherflow/.venv/lib/python3.14/site-packages/sqlalchemy/engine/base.py", line 144, in __init__
    self._dbapi_connection = engine.raw_connection()
                             ~~~~~~~~~~~~~~~~~~~~~^^
  File "/mnt/c/Users/aldwin/project/weatherflow/.venv/lib/python3.14/site-packages/sqlalchemy/engine/base.py", line 3319, in raw_connection
    return self.pool.connect()
           ~~~~~~~~~~~~~~~~~^^
  File "/mnt/c/Users/aldwin/project/weatherflow/.venv/lib/python3.14/site-packages/sqlalchemy/pool/base.py", line 448, in connect
    return _ConnectionFairy._checkout(self)
           ~~~~~~~~~~~~~~~~~~~~~~~~~~^^^^^^
  File "/mnt/c/Users/aldwin/project/weatherflow/.venv/lib/python3.14/site-packages/sqlalchemy/pool/base.py", line 1290, in _checkout
    fairy = _ConnectionRecord.checkout(pool)
  File "/mnt/c/Users/aldwin/project/weatherflow/.venv/lib/python3.14/site-packages/sqlalchemy/pool/base.py", line 712, in checkout
    rec = pool._do_get()
  File "/mnt/c/Users/aldwin/project/weatherflow/.venv/lib/python3.14/site-packages/sqlalchemy/pool/impl.py", line 178, in _do_get
    with util.safe_reraise():
         ~~~~~~~~~~~~~~~~~^^
  File "/mnt/c/Users/aldwin/project/weatherflow/.venv/lib/python3.14/site-packages/sqlalchemy/util/langhelpers.py", line 122, in __exit__
    raise exc_value.with_traceback(exc_tb)
  File "/mnt/c/Users/aldwin/project/weatherflow/.venv/lib/python3.14/site-packages/sqlalchemy/pool/impl.py", line 176, in _do_get
    return self._create_connection()
           ~~~~~~~~~~~~~~~~~~~~~~~^^
  File "/mnt/c/Users/aldwin/project/weatherflow/.venv/lib/python3.14/site-packages/sqlalchemy/pool/base.py", line 389, in _create_connection
    return _ConnectionRecord(self)
  File "/mnt/c/Users/aldwin/project/weatherflow/.venv/lib/python3.14/site-packages/sqlalchemy/pool/base.py", line 674, in __init__
    self.__connect()
    ~~~~~~~~~~~~~~^^
  File "/mnt/c/Users/aldwin/project/weatherflow/.venv/lib/python3.14/site-packages/sqlalchemy/pool/base.py", line 900, in __connect
    with util.safe_reraise():
         ~~~~~~~~~~~~~~~~~^^
  File "/mnt/c/Users/aldwin/project/weatherflow/.venv/lib/python3.14/site-packages/sqlalchemy/util/langhelpers.py", line 122, in __exit__
    raise exc_value.with_traceback(exc_tb)
  File "/mnt/c/Users/aldwin/project/weatherflow/.venv/lib/python3.14/site-packages/sqlalchemy/pool/base.py", line 896, in __connect
    self.dbapi_connection = connection = pool._invoke_creator(self)
                                         ~~~~~~~~~~~~~~~~~~~~^^^^^^
  File "/mnt/c/Users/aldwin/project/weatherflow/.venv/lib/python3.14/site-packages/sqlalchemy/engine/create.py", line 667, in connect
    return dialect.connect(*cargs_tup, **cparams)
           ~~~~~~~~~~~~~~~^^^^^^^^^^^^^^^^^^^^^^^
  File "/mnt/c/Users/aldwin/project/weatherflow/.venv/lib/python3.14/site-packages/sqlalchemy/engine/default.py", line 630, in connect
    return self.loaded_dbapi.connect(*cargs, **cparams)  # type: ignore[no-any-return]  # NOQA: E501
           ~~~~~~~~~~~~~~~~~~~~~~~~~^^^^^^^^^^^^^^^^^^^
  File "/mnt/c/Users/aldwin/project/weatherflow/.venv/lib/python3.14/site-packages/psycopg2/__init__.py", line 122, in connect
    conn = _connect(dsn, connection_factory=connection_factory, **kwasync)
sqlalchemy.exc.OperationalError: (psycopg2.OperationalError) connection to server at "localhost" (127.0.0.1), port 5433 failed: Connection refused
	Is the server running on that host and accepting TCP/IP connections?

(Background on this error at: https://sqlalche.me/e/20/e3q8)
2026-10-06 19:17:26,106 | INFO | __main__ | Processing city: Baguio
2026-10-06 19:17:26,642 | INFO | __main__ | Geocoding extracted for Baguio
2026-10-06 19:17:26,893 | ERROR | __main__ | Failed to process city: Baguio
Traceback (most recent call last):
  File "/mnt/c/Users/aldwin/project/weatherflow/.venv/lib/python3.14/site-packages/sqlalchemy/engine/base.py", line 144, in __init__
    self._dbapi_connection = engine.raw_connection()
                             ~~~~~~~~~~~~~~~~~~~~~^^
  File "/mnt/c/Users/aldwin/project/weatherflow/.venv/lib/python3.14/site-packages/sqlalchemy/engine/base.py", line 3319, in raw_connection
    return self.pool.connect()
           ~~~~~~~~~~~~~~~~~^^
  File "/mnt/c/Users/aldwin/project/weatherflow/.venv/lib/python3.14/site-packages/sqlalchemy/pool/base.py", line 448, in connect
    return _ConnectionFairy._checkout(self)
           ~~~~~~~~~~~~~~~~~~~~~~~~~~^^^^^^
  File "/mnt/c/Users/aldwin/project/weatherflow/.venv/lib/python3.14/site-packages/sqlalchemy/pool/base.py", line 1290, in _checkout
    fairy = _ConnectionRecord.checkout(pool)
  File "/mnt/c/Users/aldwin/project/weatherflow/.venv/lib/python3.14/site-packages/sqlalchemy/pool/base.py", line 712, in checkout
    rec = pool._do_get()
  File "/mnt/c/Users/aldwin/project/weatherflow/.venv/lib/python3.14/site-packages/sqlalchemy/pool/impl.py", line 178, in _do_get
    with util.safe_reraise():
         ~~~~~~~~~~~~~~~~~^^
  File "/mnt/c/Users/aldwin/project/weatherflow/.venv/lib/python3.14/site-packages/sqlalchemy/util/langhelpers.py", line 122, in __exit__
    raise exc_value.with_traceback(exc_tb)
  File "/mnt/c/Users/aldwin/project/weatherflow/.venv/lib/python3.14/site-packages/sqlalchemy/pool/impl.py", line 176, in _do_get
    return self._create_connection()
           ~~~~~~~~~~~~~~~~~~~~~~~^^
  File "/mnt/c/Users/aldwin/project/weatherflow/.venv/lib/python3.14/site-packages/sqlalchemy/pool/base.py", line 389, in _create_connection
    return _ConnectionRecord(self)
  File "/mnt/c/Users/aldwin/project/weatherflow/.venv/lib/python3.14/site-packages/sqlalchemy/pool/base.py", line 674, in __init__
    self.__connect()
    ~~~~~~~~~~~~~~^^
  File "/mnt/c/Users/aldwin/project/weatherflow/.venv/lib/python3.14/site-packages/sqlalchemy/pool/base.py", line 900, in __connect
    with util.safe_reraise():
         ~~~~~~~~~~~~~~~~~^^
  File "/mnt/c/Users/aldwin/project/weatherflow/.venv/lib/python3.14/site-packages/sqlalchemy/util/langhelpers.py", line 122, in __exit__
    raise exc_value.with_traceback(exc_tb)
  File "/mnt/c/Users/aldwin/project/weatherflow/.venv/lib/python3.14/site-packages/sqlalchemy/pool/base.py", line 896, in __connect
    self.dbapi_connection = connection = pool._invoke_creator(self)
                                         ~~~~~~~~~~~~~~~~~~~~^^^^^^
  File "/mnt/c/Users/aldwin/project/weatherflow/.venv/lib/python3.14/site-packages/sqlalchemy/engine/create.py", line 667, in connect
    return dialect.connect(*cargs_tup, **cparams)
           ~~~~~~~~~~~~~~~^^^^^^^^^^^^^^^^^^^^^^^
  File "/mnt/c/Users/aldwin/project/weatherflow/.venv/lib/python3.14/site-packages/sqlalchemy/engine/default.py", line 630, in connect
    return self.loaded_dbapi.connect(*cargs, **cparams)  # type: ignore[no-any-return]  # NOQA: E501
           ~~~~~~~~~~~~~~~~~~~~~~~~~^^^^^^^^^^^^^^^^^^^
  File "/mnt/c/Users/aldwin/project/weatherflow/.venv/lib/python3.14/site-packages/psycopg2/__init__.py", line 122, in connect
    conn = _connect(dsn, connection_factory=connection_factory, **kwasync)
psycopg2.OperationalError: connection to server at "localhost" (127.0.0.1), port 5433 failed: Connection refused
	Is the server running on that host and accepting TCP/IP connections?


The above exception was the direct cause of the following exception:

Traceback (most recent call last):
  File "/mnt/c/Users/aldwin/project/weatherflow/pipeline/main.py", line 75, in main
    load_postgresql(parquet_file, table_name, if_exists="replace")
    ~~~~~~~~~~~~~~~^^^^^^^^^^^^^^^^^^^^^^^^^^^^^^^^^^^^^^^^^^^^^^^
  File "/mnt/c/Users/aldwin/project/weatherflow/pipeline/loaded/load_postresql.py", line 324, in load_postgresql
    with engine.begin() as connection:
         ~~~~~~~~~~~~^^
  File "/usr/lib/python3.14/contextlib.py", line 141, in __enter__
    return next(self.gen)
  File "/mnt/c/Users/aldwin/project/weatherflow/.venv/lib/python3.14/site-packages/sqlalchemy/engine/base.py", line 3259, in begin
    with self.connect() as conn:
         ~~~~~~~~~~~~^^
  File "/mnt/c/Users/aldwin/project/weatherflow/.venv/lib/python3.14/site-packages/sqlalchemy/engine/base.py", line 3295, in connect
    return self._connection_cls(self)
           ~~~~~~~~~~~~~~~~~~~~^^^^^^
  File "/mnt/c/Users/aldwin/project/weatherflow/.venv/lib/python3.14/site-packages/sqlalchemy/engine/base.py", line 146, in __init__
    Connection._handle_dbapi_exception_noconnection(
    ~~~~~~~~~~~~~~~~~~~~~~~~~~~~~~~~~~~~~~~~~~~~~~~^
        err, dialect, engine
        ^^^^^^^^^^^^^^^^^^^^
    )
    ^
  File "/mnt/c/Users/aldwin/project/weatherflow/.venv/lib/python3.14/site-packages/sqlalchemy/engine/base.py", line 2450, in _handle_dbapi_exception_noconnection
    raise sqlalchemy_exception.with_traceback(exc_info[2]) from e
  File "/mnt/c/Users/aldwin/project/weatherflow/.venv/lib/python3.14/site-packages/sqlalchemy/engine/base.py", line 144, in __init__
    self._dbapi_connection = engine.raw_connection()
                             ~~~~~~~~~~~~~~~~~~~~~^^
  File "/mnt/c/Users/aldwin/project/weatherflow/.venv/lib/python3.14/site-packages/sqlalchemy/engine/base.py", line 3319, in raw_connection
    return self.pool.connect()
           ~~~~~~~~~~~~~~~~~^^
  File "/mnt/c/Users/aldwin/project/weatherflow/.venv/lib/python3.14/site-packages/sqlalchemy/pool/base.py", line 448, in connect
    return _ConnectionFairy._checkout(self)
           ~~~~~~~~~~~~~~~~~~~~~~~~~~^^^^^^
  File "/mnt/c/Users/aldwin/project/weatherflow/.venv/lib/python3.14/site-packages/sqlalchemy/pool/base.py", line 1290, in _checkout
    fairy = _ConnectionRecord.checkout(pool)
  File "/mnt/c/Users/aldwin/project/weatherflow/.venv/lib/python3.14/site-packages/sqlalchemy/pool/base.py", line 712, in checkout
    rec = pool._do_get()
  File "/mnt/c/Users/aldwin/project/weatherflow/.venv/lib/python3.14/site-packages/sqlalchemy/pool/impl.py", line 178, in _do_get
    with util.safe_reraise():
         ~~~~~~~~~~~~~~~~~^^
  File "/mnt/c/Users/aldwin/project/weatherflow/.venv/lib/python3.14/site-packages/sqlalchemy/util/langhelpers.py", line 122, in __exit__
    raise exc_value.with_traceback(exc_tb)
  File "/mnt/c/Users/aldwin/project/weatherflow/.venv/lib/python3.14/site-packages/sqlalchemy/pool/impl.py", line 176, in _do_get
    return self._create_connection()
           ~~~~~~~~~~~~~~~~~~~~~~~^^
  File "/mnt/c/Users/aldwin/project/weatherflow/.venv/lib/python3.14/site-packages/sqlalchemy/pool/base.py", line 389, in _create_connection
    return _ConnectionRecord(self)
  File "/mnt/c/Users/aldwin/project/weatherflow/.venv/lib/python3.14/site-packages/sqlalchemy/pool/base.py", line 674, in __init__
    self.__connect()
    ~~~~~~~~~~~~~~^^
  File "/mnt/c/Users/aldwin/project/weatherflow/.venv/lib/python3.14/site-packages/sqlalchemy/pool/base.py", line 900, in __connect
    with util.safe_reraise():
         ~~~~~~~~~~~~~~~~~^^
  File "/mnt/c/Users/aldwin/project/weatherflow/.venv/lib/python3.14/site-packages/sqlalchemy/util/langhelpers.py", line 122, in __exit__
    raise exc_value.with_traceback(exc_tb)
  File "/mnt/c/Users/aldwin/project/weatherflow/.venv/lib/python3.14/site-packages/sqlalchemy/pool/base.py", line 896, in __connect
    self.dbapi_connection = connection = pool._invoke_creator(self)
                                         ~~~~~~~~~~~~~~~~~~~~^^^^^^
  File "/mnt/c/Users/aldwin/project/weatherflow/.venv/lib/python3.14/site-packages/sqlalchemy/engine/create.py", line 667, in connect
    return dialect.connect(*cargs_tup, **cparams)
           ~~~~~~~~~~~~~~~^^^^^^^^^^^^^^^^^^^^^^^
  File "/mnt/c/Users/aldwin/project/weatherflow/.venv/lib/python3.14/site-packages/sqlalchemy/engine/default.py", line 630, in connect
    return self.loaded_dbapi.connect(*cargs, **cparams)  # type: ignore[no-any-return]  # NOQA: E501
           ~~~~~~~~~~~~~~~~~~~~~~~~~^^^^^^^^^^^^^^^^^^^
  File "/mnt/c/Users/aldwin/project/weatherflow/.venv/lib/python3.14/site-packages/psycopg2/__init__.py", line 122, in connect
    conn = _connect(dsn, connection_factory=connection_factory, **kwasync)
sqlalchemy.exc.OperationalError: (psycopg2.OperationalError) connection to server at "localhost" (127.0.0.1), port 5433 failed: Connection refused
	Is the server running on that host and accepting TCP/IP connections?

(Background on this error at: https://sqlalche.me/e/20/e3q8)
2026-10-06 19:17:26,930 | INFO | __main__ | Processing city: Iloilo City
2026-10-06 19:17:27,355 | INFO | __main__ | Geocoding extracted for Iloilo City
2026-10-06 19:17:27,472 | ERROR | __main__ | Failed to process city: Iloilo City
Traceback (most recent call last):
  File "/mnt/c/Users/aldwin/project/weatherflow/.venv/lib/python3.14/site-packages/sqlalchemy/engine/base.py", line 144, in __init__
    self._dbapi_connection = engine.raw_connection()
                             ~~~~~~~~~~~~~~~~~~~~~^^
  File "/mnt/c/Users/aldwin/project/weatherflow/.venv/lib/python3.14/site-packages/sqlalchemy/engine/base.py", line 3319, in raw_connection
    return self.pool.connect()
           ~~~~~~~~~~~~~~~~~^^
  File "/mnt/c/Users/aldwin/project/weatherflow/.venv/lib/python3.14/site-packages/sqlalchemy/pool/base.py", line 448, in connect
    return _ConnectionFairy._checkout(self)
           ~~~~~~~~~~~~~~~~~~~~~~~~~~^^^^^^
  File "/mnt/c/Users/aldwin/project/weatherflow/.venv/lib/python3.14/site-packages/sqlalchemy/pool/base.py", line 1290, in _checkout
    fairy = _ConnectionRecord.checkout(pool)
  File "/mnt/c/Users/aldwin/project/weatherflow/.venv/lib/python3.14/site-packages/sqlalchemy/pool/base.py", line 712, in checkout
    rec = pool._do_get()
  File "/mnt/c/Users/aldwin/project/weatherflow/.venv/lib/python3.14/site-packages/sqlalchemy/pool/impl.py", line 178, in _do_get
    with util.safe_reraise():
         ~~~~~~~~~~~~~~~~~^^
  File "/mnt/c/Users/aldwin/project/weatherflow/.venv/lib/python3.14/site-packages/sqlalchemy/util/langhelpers.py", line 122, in __exit__
    raise exc_value.with_traceback(exc_tb)
  File "/mnt/c/Users/aldwin/project/weatherflow/.venv/lib/python3.14/site-packages/sqlalchemy/pool/impl.py", line 176, in _do_get
    return self._create_connection()
           ~~~~~~~~~~~~~~~~~~~~~~~^^
  File "/mnt/c/Users/aldwin/project/weatherflow/.venv/lib/python3.14/site-packages/sqlalchemy/pool/base.py", line 389, in _create_connection
    return _ConnectionRecord(self)
  File "/mnt/c/Users/aldwin/project/weatherflow/.venv/lib/python3.14/site-packages/sqlalchemy/pool/base.py", line 674, in __init__
    self.__connect()
    ~~~~~~~~~~~~~~^^
  File "/mnt/c/Users/aldwin/project/weatherflow/.venv/lib/python3.14/site-packages/sqlalchemy/pool/base.py", line 900, in __connect
    with util.safe_reraise():
         ~~~~~~~~~~~~~~~~~^^
  File "/mnt/c/Users/aldwin/project/weatherflow/.venv/lib/python3.14/site-packages/sqlalchemy/util/langhelpers.py", line 122, in __exit__
    raise exc_value.with_traceback(exc_tb)
  File "/mnt/c/Users/aldwin/project/weatherflow/.venv/lib/python3.14/site-packages/sqlalchemy/pool/base.py", line 896, in __connect
    self.dbapi_connection = connection = pool._invoke_creator(self)
                                         ~~~~~~~~~~~~~~~~~~~~^^^^^^
  File "/mnt/c/Users/aldwin/project/weatherflow/.venv/lib/python3.14/site-packages/sqlalchemy/engine/create.py", line 667, in connect
    return dialect.connect(*cargs_tup, **cparams)
           ~~~~~~~~~~~~~~~^^^^^^^^^^^^^^^^^^^^^^^
  File "/mnt/c/Users/aldwin/project/weatherflow/.venv/lib/python3.14/site-packages/sqlalchemy/engine/default.py", line 630, in connect
    return self.loaded_dbapi.connect(*cargs, **cparams)  # type: ignore[no-any-return]  # NOQA: E501
           ~~~~~~~~~~~~~~~~~~~~~~~~~^^^^^^^^^^^^^^^^^^^
  File "/mnt/c/Users/aldwin/project/weatherflow/.venv/lib/python3.14/site-packages/psycopg2/__init__.py", line 122, in connect
    conn = _connect(dsn, connection_factory=connection_factory, **kwasync)
psycopg2.OperationalError: connection to server at "localhost" (127.0.0.1), port 5433 failed: Connection refused
	Is the server running on that host and accepting TCP/IP connections?


The above exception was the direct cause of the following exception:

Traceback (most recent call last):
  File "/mnt/c/Users/aldwin/project/weatherflow/pipeline/main.py", line 75, in main
    load_postgresql(parquet_file, table_name, if_exists="replace")
    ~~~~~~~~~~~~~~~^^^^^^^^^^^^^^^^^^^^^^^^^^^^^^^^^^^^^^^^^^^^^^^
  File "/mnt/c/Users/aldwin/project/weatherflow/pipeline/loaded/load_postresql.py", line 324, in load_postgresql
    with engine.begin() as connection:
         ~~~~~~~~~~~~^^
  File "/usr/lib/python3.14/contextlib.py", line 141, in __enter__
    return next(self.gen)
  File "/mnt/c/Users/aldwin/project/weatherflow/.venv/lib/python3.14/site-packages/sqlalchemy/engine/base.py", line 3259, in begin
    with self.connect() as conn:
         ~~~~~~~~~~~~^^
  File "/mnt/c/Users/aldwin/project/weatherflow/.venv/lib/python3.14/site-packages/sqlalchemy/engine/base.py", line 3295, in connect
    return self._connection_cls(self)
           ~~~~~~~~~~~~~~~~~~~~^^^^^^
  File "/mnt/c/Users/aldwin/project/weatherflow/.venv/lib/python3.14/site-packages/sqlalchemy/engine/base.py", line 146, in __init__
    Connection._handle_dbapi_exception_noconnection(
    ~~~~~~~~~~~~~~~~~~~~~~~~~~~~~~~~~~~~~~~~~~~~~~~^
        err, dialect, engine
        ^^^^^^^^^^^^^^^^^^^^
    )
    ^
  File "/mnt/c/Users/aldwin/project/weatherflow/.venv/lib/python3.14/site-packages/sqlalchemy/engine/base.py", line 2450, in _handle_dbapi_exception_noconnection
    raise sqlalchemy_exception.with_traceback(exc_info[2]) from e
  File "/mnt/c/Users/aldwin/project/weatherflow/.venv/lib/python3.14/site-packages/sqlalchemy/engine/base.py", line 144, in __init__
    self._dbapi_connection = engine.raw_connection()
                             ~~~~~~~~~~~~~~~~~~~~~^^
  File "/mnt/c/Users/aldwin/project/weatherflow/.venv/lib/python3.14/site-packages/sqlalchemy/engine/base.py", line 3319, in raw_connection
    return self.pool.connect()
           ~~~~~~~~~~~~~~~~~^^
  File "/mnt/c/Users/aldwin/project/weatherflow/.venv/lib/python3.14/site-packages/sqlalchemy/pool/base.py", line 448, in connect
    return _ConnectionFairy._checkout(self)
           ~~~~~~~~~~~~~~~~~~~~~~~~~~^^^^^^
  File "/mnt/c/Users/aldwin/project/weatherflow/.venv/lib/python3.14/site-packages/sqlalchemy/pool/base.py", line 1290, in _checkout
    fairy = _ConnectionRecord.checkout(pool)
  File "/mnt/c/Users/aldwin/project/weatherflow/.venv/lib/python3.14/site-packages/sqlalchemy/pool/base.py", line 712, in checkout
    rec = pool._do_get()
  File "/mnt/c/Users/aldwin/project/weatherflow/.venv/lib/python3.14/site-packages/sqlalchemy/pool/impl.py", line 178, in _do_get
    with util.safe_reraise():
         ~~~~~~~~~~~~~~~~~^^
  File "/mnt/c/Users/aldwin/project/weatherflow/.venv/lib/python3.14/site-packages/sqlalchemy/util/langhelpers.py", line 122, in __exit__
    raise exc_value.with_traceback(exc_tb)
  File "/mnt/c/Users/aldwin/project/weatherflow/.venv/lib/python3.14/site-packages/sqlalchemy/pool/impl.py", line 176, in _do_get
    return self._create_connection()
           ~~~~~~~~~~~~~~~~~~~~~~~^^
  File "/mnt/c/Users/aldwin/project/weatherflow/.venv/lib/python3.14/site-packages/sqlalchemy/pool/base.py", line 389, in _create_connection
    return _ConnectionRecord(self)
  File "/mnt/c/Users/aldwin/project/weatherflow/.venv/lib/python3.14/site-packages/sqlalchemy/pool/base.py", line 674, in __init__
    self.__connect()
    ~~~~~~~~~~~~~~^^
  File "/mnt/c/Users/aldwin/project/weatherflow/.venv/lib/python3.14/site-packages/sqlalchemy/pool/base.py", line 900, in __connect
    with util.safe_reraise():
         ~~~~~~~~~~~~~~~~~^^
  File "/mnt/c/Users/aldwin/project/weatherflow/.venv/lib/python3.14/site-packages/sqlalchemy/util/langhelpers.py", line 122, in __exit__
    raise exc_value.with_traceback(exc_tb)
  File "/mnt/c/Users/aldwin/project/weatherflow/.venv/lib/python3.14/site-packages/sqlalchemy/pool/base.py", line 896, in __connect
    self.dbapi_connection = connection = pool._invoke_creator(self)
                                         ~~~~~~~~~~~~~~~~~~~~^^^^^^
  File "/mnt/c/Users/aldwin/project/weatherflow/.venv/lib/python3.14/site-packages/sqlalchemy/engine/create.py", line 667, in connect
    return dialect.connect(*cargs_tup, **cparams)
           ~~~~~~~~~~~~~~~^^^^^^^^^^^^^^^^^^^^^^^
  File "/mnt/c/Users/aldwin/project/weatherflow/.venv/lib/python3.14/site-packages/sqlalchemy/engine/default.py", line 630, in connect
    return self.loaded_dbapi.connect(*cargs, **cparams)  # type: ignore[no-any-return]  # NOQA: E501
           ~~~~~~~~~~~~~~~~~~~~~~~~~^^^^^^^^^^^^^^^^^^^
  File "/mnt/c/Users/aldwin/project/weatherflow/.venv/lib/python3.14/site-packages/psycopg2/__init__.py", line 122, in connect
    conn = _connect(dsn, connection_factory=connection_factory, **kwasync)
sqlalchemy.exc.OperationalError: (psycopg2.OperationalError) connection to server at "localhost" (127.0.0.1), port 5433 failed: Connection refused
	Is the server running on that host and accepting TCP/IP connections?

(Background on this error at: https://sqlalche.me/e/20/e3q8)
2026-10-06 19:17:27,525 | INFO | __main__ | Processing city: Cagayan de Oro
2026-10-06 19:17:28,185 | INFO | __main__ | Geocoding extracted for Cagayan de Oro
2026-10-06 19:17:28,369 | ERROR | __main__ | Failed to process city: Cagayan de Oro
Traceback (most recent call last):
  File "/mnt/c/Users/aldwin/project/weatherflow/.venv/lib/python3.14/site-packages/sqlalchemy/engine/base.py", line 144, in __init__
    self._dbapi_connection = engine.raw_connection()
                             ~~~~~~~~~~~~~~~~~~~~~^^
  File "/mnt/c/Users/aldwin/project/weatherflow/.venv/lib/python3.14/site-packages/sqlalchemy/engine/base.py", line 3319, in raw_connection
    return self.pool.connect()
           ~~~~~~~~~~~~~~~~~^^
  File "/mnt/c/Users/aldwin/project/weatherflow/.venv/lib/python3.14/site-packages/sqlalchemy/pool/base.py", line 448, in connect
    return _ConnectionFairy._checkout(self)
           ~~~~~~~~~~~~~~~~~~~~~~~~~~^^^^^^
  File "/mnt/c/Users/aldwin/project/weatherflow/.venv/lib/python3.14/site-packages/sqlalchemy/pool/base.py", line 1290, in _checkout
    fairy = _ConnectionRecord.checkout(pool)
  File "/mnt/c/Users/aldwin/project/weatherflow/.venv/lib/python3.14/site-packages/sqlalchemy/pool/base.py", line 712, in checkout
    rec = pool._do_get()
  File "/mnt/c/Users/aldwin/project/weatherflow/.venv/lib/python3.14/site-packages/sqlalchemy/pool/impl.py", line 178, in _do_get
    with util.safe_reraise():
         ~~~~~~~~~~~~~~~~~^^
  File "/mnt/c/Users/aldwin/project/weatherflow/.venv/lib/python3.14/site-packages/sqlalchemy/util/langhelpers.py", line 122, in __exit__
    raise exc_value.with_traceback(exc_tb)
  File "/mnt/c/Users/aldwin/project/weatherflow/.venv/lib/python3.14/site-packages/sqlalchemy/pool/impl.py", line 176, in _do_get
    return self._create_connection()
           ~~~~~~~~~~~~~~~~~~~~~~~^^
  File "/mnt/c/Users/aldwin/project/weatherflow/.venv/lib/python3.14/site-packages/sqlalchemy/pool/base.py", line 389, in _create_connection
    return _ConnectionRecord(self)
  File "/mnt/c/Users/aldwin/project/weatherflow/.venv/lib/python3.14/site-packages/sqlalchemy/pool/base.py", line 674, in __init__
    self.__connect()
    ~~~~~~~~~~~~~~^^
  File "/mnt/c/Users/aldwin/project/weatherflow/.venv/lib/python3.14/site-packages/sqlalchemy/pool/base.py", line 900, in __connect
    with util.safe_reraise():
         ~~~~~~~~~~~~~~~~~^^
  File "/mnt/c/Users/aldwin/project/weatherflow/.venv/lib/python3.14/site-packages/sqlalchemy/util/langhelpers.py", line 122, in __exit__
    raise exc_value.with_traceback(exc_tb)
  File "/mnt/c/Users/aldwin/project/weatherflow/.venv/lib/python3.14/site-packages/sqlalchemy/pool/base.py", line 896, in __connect
    self.dbapi_connection = connection = pool._invoke_creator(self)
                                         ~~~~~~~~~~~~~~~~~~~~^^^^^^
  File "/mnt/c/Users/aldwin/project/weatherflow/.venv/lib/python3.14/site-packages/sqlalchemy/engine/create.py", line 667, in connect
    return dialect.connect(*cargs_tup, **cparams)
           ~~~~~~~~~~~~~~~^^^^^^^^^^^^^^^^^^^^^^^
  File "/mnt/c/Users/aldwin/project/weatherflow/.venv/lib/python3.14/site-packages/sqlalchemy/engine/default.py", line 630, in connect
    return self.loaded_dbapi.connect(*cargs, **cparams)  # type: ignore[no-any-return]  # NOQA: E501
           ~~~~~~~~~~~~~~~~~~~~~~~~~^^^^^^^^^^^^^^^^^^^
  File "/mnt/c/Users/aldwin/project/weatherflow/.venv/lib/python3.14/site-packages/psycopg2/__init__.py", line 122, in connect
    conn = _connect(dsn, connection_factory=connection_factory, **kwasync)
psycopg2.OperationalError: connection to server at "localhost" (127.0.0.1), port 5433 failed: Connection refused
	Is the server running on that host and accepting TCP/IP connections?


The above exception was the direct cause of the following exception:

Traceback (most recent call last):
  File "/mnt/c/Users/aldwin/project/weatherflow/pipeline/main.py", line 75, in main
    load_postgresql(parquet_file, table_name, if_exists="replace")
    ~~~~~~~~~~~~~~~^^^^^^^^^^^^^^^^^^^^^^^^^^^^^^^^^^^^^^^^^^^^^^^
  File "/mnt/c/Users/aldwin/project/weatherflow/pipeline/loaded/load_postresql.py", line 324, in load_postgresql
    with engine.begin() as connection:
         ~~~~~~~~~~~~^^
  File "/usr/lib/python3.14/contextlib.py", line 141, in __enter__
    return next(self.gen)
  File "/mnt/c/Users/aldwin/project/weatherflow/.venv/lib/python3.14/site-packages/sqlalchemy/engine/base.py", line 3259, in begin
    with self.connect() as conn:
         ~~~~~~~~~~~~^^
  File "/mnt/c/Users/aldwin/project/weatherflow/.venv/lib/python3.14/site-packages/sqlalchemy/engine/base.py", line 3295, in connect
    return self._connection_cls(self)
           ~~~~~~~~~~~~~~~~~~~~^^^^^^
  File "/mnt/c/Users/aldwin/project/weatherflow/.venv/lib/python3.14/site-packages/sqlalchemy/engine/base.py", line 146, in __init__
    Connection._handle_dbapi_exception_noconnection(
    ~~~~~~~~~~~~~~~~~~~~~~~~~~~~~~~~~~~~~~~~~~~~~~~^
        err, dialect, engine
        ^^^^^^^^^^^^^^^^^^^^
    )
    ^
  File "/mnt/c/Users/aldwin/project/weatherflow/.venv/lib/python3.14/site-packages/sqlalchemy/engine/base.py", line 2450, in _handle_dbapi_exception_noconnection
    raise sqlalchemy_exception.with_traceback(exc_info[2]) from e
  File "/mnt/c/Users/aldwin/project/weatherflow/.venv/lib/python3.14/site-packages/sqlalchemy/engine/base.py", line 144, in __init__
    self._dbapi_connection = engine.raw_connection()
                             ~~~~~~~~~~~~~~~~~~~~~^^
  File "/mnt/c/Users/aldwin/project/weatherflow/.venv/lib/python3.14/site-packages/sqlalchemy/engine/base.py", line 3319, in raw_connection
    return self.pool.connect()
           ~~~~~~~~~~~~~~~~~^^
  File "/mnt/c/Users/aldwin/project/weatherflow/.venv/lib/python3.14/site-packages/sqlalchemy/pool/base.py", line 448, in connect
    return _ConnectionFairy._checkout(self)
           ~~~~~~~~~~~~~~~~~~~~~~~~~~^^^^^^
  File "/mnt/c/Users/aldwin/project/weatherflow/.venv/lib/python3.14/site-packages/sqlalchemy/pool/base.py", line 1290, in _checkout
    fairy = _ConnectionRecord.checkout(pool)
  File "/mnt/c/Users/aldwin/project/weatherflow/.venv/lib/python3.14/site-packages/sqlalchemy/pool/base.py", line 712, in checkout
    rec = pool._do_get()
  File "/mnt/c/Users/aldwin/project/weatherflow/.venv/lib/python3.14/site-packages/sqlalchemy/pool/impl.py", line 178, in _do_get
    with util.safe_reraise():
         ~~~~~~~~~~~~~~~~~^^
  File "/mnt/c/Users/aldwin/project/weatherflow/.venv/lib/python3.14/site-packages/sqlalchemy/util/langhelpers.py", line 122, in __exit__
    raise exc_value.with_traceback(exc_tb)
  File "/mnt/c/Users/aldwin/project/weatherflow/.venv/lib/python3.14/site-packages/sqlalchemy/pool/impl.py", line 176, in _do_get
    return self._create_connection()
           ~~~~~~~~~~~~~~~~~~~~~~~^^
  File "/mnt/c/Users/aldwin/project/weatherflow/.venv/lib/python3.14/site-packages/sqlalchemy/pool/base.py", line 389, in _create_connection
    return _ConnectionRecord(self)
  File "/mnt/c/Users/aldwin/project/weatherflow/.venv/lib/python3.14/site-packages/sqlalchemy/pool/base.py", line 674, in __init__
    self.__connect()
    ~~~~~~~~~~~~~~^^
  File "/mnt/c/Users/aldwin/project/weatherflow/.venv/lib/python3.14/site-packages/sqlalchemy/pool/base.py", line 900, in __connect
    with util.safe_reraise():
         ~~~~~~~~~~~~~~~~~^^
  File "/mnt/c/Users/aldwin/project/weatherflow/.venv/lib/python3.14/site-packages/sqlalchemy/util/langhelpers.py", line 122, in __exit__
    raise exc_value.with_traceback(exc_tb)
  File "/mnt/c/Users/aldwin/project/weatherflow/.venv/lib/python3.14/site-packages/sqlalchemy/pool/base.py", line 896, in __connect
    self.dbapi_connection = connection = pool._invoke_creator(self)
                                         ~~~~~~~~~~~~~~~~~~~~^^^^^^
  File "/mnt/c/Users/aldwin/project/weatherflow/.venv/lib/python3.14/site-packages/sqlalchemy/engine/create.py", line 667, in connect
    return dialect.connect(*cargs_tup, **cparams)
           ~~~~~~~~~~~~~~~^^^^^^^^^^^^^^^^^^^^^^^
  File "/mnt/c/Users/aldwin/project/weatherflow/.venv/lib/python3.14/site-packages/sqlalchemy/engine/default.py", line 630, in connect
    return self.loaded_dbapi.connect(*cargs, **cparams)  # type: ignore[no-any-return]  # NOQA: E501
           ~~~~~~~~~~~~~~~~~~~~~~~~~^^^^^^^^^^^^^^^^^^^
  File "/mnt/c/Users/aldwin/project/weatherflow/.venv/lib/python3.14/site-packages/psycopg2/__init__.py", line 122, in connect
    conn = _connect(dsn, connection_factory=connection_factory, **kwasync)
sqlalchemy.exc.OperationalError: (psycopg2.OperationalError) connection to server at "localhost" (127.0.0.1), port 5433 failed: Connection refused
	Is the server running on that host and accepting TCP/IP connections?

(Background on this error at: https://sqlalche.me/e/20/e3q8)
2026-10-06 19:17:28,471 | INFO | __main__ | Processing city: Zamboanga City
2026-10-06 19:17:29,108 | INFO | __main__ | Geocoding extracted for Zamboanga City
2026-10-06 19:17:29,314 | ERROR | __main__ | Failed to process city: Zamboanga City
Traceback (most recent call last):
  File "/mnt/c/Users/aldwin/project/weatherflow/.venv/lib/python3.14/site-packages/sqlalchemy/engine/base.py", line 144, in __init__
    self._dbapi_connection = engine.raw_connection()
                             ~~~~~~~~~~~~~~~~~~~~~^^
  File "/mnt/c/Users/aldwin/project/weatherflow/.venv/lib/python3.14/site-packages/sqlalchemy/engine/base.py", line 3319, in raw_connection
    return self.pool.connect()
           ~~~~~~~~~~~~~~~~~^^
  File "/mnt/c/Users/aldwin/project/weatherflow/.venv/lib/python3.14/site-packages/sqlalchemy/pool/base.py", line 448, in connect
    return _ConnectionFairy._checkout(self)
           ~~~~~~~~~~~~~~~~~~~~~~~~~~^^^^^^
  File "/mnt/c/Users/aldwin/project/weatherflow/.venv/lib/python3.14/site-packages/sqlalchemy/pool/base.py", line 1290, in _checkout
    fairy = _ConnectionRecord.checkout(pool)
  File "/mnt/c/Users/aldwin/project/weatherflow/.venv/lib/python3.14/site-packages/sqlalchemy/pool/base.py", line 712, in checkout
    rec = pool._do_get()
  File "/mnt/c/Users/aldwin/project/weatherflow/.venv/lib/python3.14/site-packages/sqlalchemy/pool/impl.py", line 178, in _do_get
    with util.safe_reraise():
         ~~~~~~~~~~~~~~~~~^^
  File "/mnt/c/Users/aldwin/project/weatherflow/.venv/lib/python3.14/site-packages/sqlalchemy/util/langhelpers.py", line 122, in __exit__
    raise exc_value.with_traceback(exc_tb)
  File "/mnt/c/Users/aldwin/project/weatherflow/.venv/lib/python3.14/site-packages/sqlalchemy/pool/impl.py", line 176, in _do_get
    return self._create_connection()
           ~~~~~~~~~~~~~~~~~~~~~~~^^
  File "/mnt/c/Users/aldwin/project/weatherflow/.venv/lib/python3.14/site-packages/sqlalchemy/pool/base.py", line 389, in _create_connection
    return _ConnectionRecord(self)
  File "/mnt/c/Users/aldwin/project/weatherflow/.venv/lib/python3.14/site-packages/sqlalchemy/pool/base.py", line 674, in __init__
    self.__connect()
    ~~~~~~~~~~~~~~^^
  File "/mnt/c/Users/aldwin/project/weatherflow/.venv/lib/python3.14/site-packages/sqlalchemy/pool/base.py", line 900, in __connect
    with util.safe_reraise():
         ~~~~~~~~~~~~~~~~~^^
  File "/mnt/c/Users/aldwin/project/weatherflow/.venv/lib/python3.14/site-packages/sqlalchemy/util/langhelpers.py", line 122, in __exit__
    raise exc_value.with_traceback(exc_tb)
  File "/mnt/c/Users/aldwin/project/weatherflow/.venv/lib/python3.14/site-packages/sqlalchemy/pool/base.py", line 896, in __connect
    self.dbapi_connection = connection = pool._invoke_creator(self)
                                         ~~~~~~~~~~~~~~~~~~~~^^^^^^
  File "/mnt/c/Users/aldwin/project/weatherflow/.venv/lib/python3.14/site-packages/sqlalchemy/engine/create.py", line 667, in connect
    return dialect.connect(*cargs_tup, **cparams)
           ~~~~~~~~~~~~~~~^^^^^^^^^^^^^^^^^^^^^^^
  File "/mnt/c/Users/aldwin/project/weatherflow/.venv/lib/python3.14/site-packages/sqlalchemy/engine/default.py", line 630, in connect
    return self.loaded_dbapi.connect(*cargs, **cparams)  # type: ignore[no-any-return]  # NOQA: E501
           ~~~~~~~~~~~~~~~~~~~~~~~~~^^^^^^^^^^^^^^^^^^^
  File "/mnt/c/Users/aldwin/project/weatherflow/.venv/lib/python3.14/site-packages/psycopg2/__init__.py", line 122, in connect
    conn = _connect(dsn, connection_factory=connection_factory, **kwasync)
psycopg2.OperationalError: connection to server at "localhost" (127.0.0.1), port 5433 failed: Connection refused
	Is the server running on that host and accepting TCP/IP connections?


The above exception was the direct cause of the following exception:

Traceback (most recent call last):
  File "/mnt/c/Users/aldwin/project/weatherflow/pipeline/main.py", line 75, in main
    load_postgresql(parquet_file, table_name, if_exists="replace")
    ~~~~~~~~~~~~~~~^^^^^^^^^^^^^^^^^^^^^^^^^^^^^^^^^^^^^^^^^^^^^^^
  File "/mnt/c/Users/aldwin/project/weatherflow/pipeline/loaded/load_postresql.py", line 324, in load_postgresql
    with engine.begin() as connection:
         ~~~~~~~~~~~~^^
  File "/usr/lib/python3.14/contextlib.py", line 141, in __enter__
    return next(self.gen)
  File "/mnt/c/Users/aldwin/project/weatherflow/.venv/lib/python3.14/site-packages/sqlalchemy/engine/base.py", line 3259, in begin
    with self.connect() as conn:
         ~~~~~~~~~~~~^^
  File "/mnt/c/Users/aldwin/project/weatherflow/.venv/lib/python3.14/site-packages/sqlalchemy/engine/base.py", line 3295, in connect
    return self._connection_cls(self)
           ~~~~~~~~~~~~~~~~~~~~^^^^^^
  File "/mnt/c/Users/aldwin/project/weatherflow/.venv/lib/python3.14/site-packages/sqlalchemy/engine/base.py", line 146, in __init__
    Connection._handle_dbapi_exception_noconnection(
    ~~~~~~~~~~~~~~~~~~~~~~~~~~~~~~~~~~~~~~~~~~~~~~~^
        err, dialect, engine
        ^^^^^^^^^^^^^^^^^^^^
    )
    ^
  File "/mnt/c/Users/aldwin/project/weatherflow/.venv/lib/python3.14/site-packages/sqlalchemy/engine/base.py", line 2450, in _handle_dbapi_exception_noconnection
    raise sqlalchemy_exception.with_traceback(exc_info[2]) from e
  File "/mnt/c/Users/aldwin/project/weatherflow/.venv/lib/python3.14/site-packages/sqlalchemy/engine/base.py", line 144, in __init__
    self._dbapi_connection = engine.raw_connection()
                             ~~~~~~~~~~~~~~~~~~~~~^^
  File "/mnt/c/Users/aldwin/project/weatherflow/.venv/lib/python3.14/site-packages/sqlalchemy/engine/base.py", line 3319, in raw_connection
    return self.pool.connect()
           ~~~~~~~~~~~~~~~~~^^
  File "/mnt/c/Users/aldwin/project/weatherflow/.venv/lib/python3.14/site-packages/sqlalchemy/pool/base.py", line 448, in connect
    return _ConnectionFairy._checkout(self)
           ~~~~~~~~~~~~~~~~~~~~~~~~~~^^^^^^
  File "/mnt/c/Users/aldwin/project/weatherflow/.venv/lib/python3.14/site-packages/sqlalchemy/pool/base.py", line 1290, in _checkout
    fairy = _ConnectionRecord.checkout(pool)
  File "/mnt/c/Users/aldwin/project/weatherflow/.venv/lib/python3.14/site-packages/sqlalchemy/pool/base.py", line 712, in checkout
    rec = pool._do_get()
  File "/mnt/c/Users/aldwin/project/weatherflow/.venv/lib/python3.14/site-packages/sqlalchemy/pool/impl.py", line 178, in _do_get
    with util.safe_reraise():
         ~~~~~~~~~~~~~~~~~^^
  File "/mnt/c/Users/aldwin/project/weatherflow/.venv/lib/python3.14/site-packages/sqlalchemy/util/langhelpers.py", line 122, in __exit__
    raise exc_value.with_traceback(exc_tb)
  File "/mnt/c/Users/aldwin/project/weatherflow/.venv/lib/python3.14/site-packages/sqlalchemy/pool/impl.py", line 176, in _do_get
    return self._create_connection()
           ~~~~~~~~~~~~~~~~~~~~~~~^^
  File "/mnt/c/Users/aldwin/project/weatherflow/.venv/lib/python3.14/site-packages/sqlalchemy/pool/base.py", line 389, in _create_connection
    return _ConnectionRecord(self)
  File "/mnt/c/Users/aldwin/project/weatherflow/.venv/lib/python3.14/site-packages/sqlalchemy/pool/base.py", line 674, in __init__
    self.__connect()
    ~~~~~~~~~~~~~~^^
  File "/mnt/c/Users/aldwin/project/weatherflow/.venv/lib/python3.14/site-packages/sqlalchemy/pool/base.py", line 900, in __connect
    with util.safe_reraise():
         ~~~~~~~~~~~~~~~~~^^
  File "/mnt/c/Users/aldwin/project/weatherflow/.venv/lib/python3.14/site-packages/sqlalchemy/util/langhelpers.py", line 122, in __exit__
    raise exc_value.with_traceback(exc_tb)
  File "/mnt/c/Users/aldwin/project/weatherflow/.venv/lib/python3.14/site-packages/sqlalchemy/pool/base.py", line 896, in __connect
    self.dbapi_connection = connection = pool._invoke_creator(self)
                                         ~~~~~~~~~~~~~~~~~~~~^^^^^^
  File "/mnt/c/Users/aldwin/project/weatherflow/.venv/lib/python3.14/site-packages/sqlalchemy/engine/create.py", line 667, in connect
    return dialect.connect(*cargs_tup, **cparams)
           ~~~~~~~~~~~~~~~^^^^^^^^^^^^^^^^^^^^^^^
  File "/mnt/c/Users/aldwin/project/weatherflow/.venv/lib/python3.14/site-packages/sqlalchemy/engine/default.py", line 630, in connect
    return self.loaded_dbapi.connect(*cargs, **cparams)  # type: ignore[no-any-return]  # NOQA: E501
           ~~~~~~~~~~~~~~~~~~~~~~~~~^^^^^^^^^^^^^^^^^^^
  File "/mnt/c/Users/aldwin/project/weatherflow/.venv/lib/python3.14/site-packages/psycopg2/__init__.py", line 122, in connect
    conn = _connect(dsn, connection_factory=connection_factory, **kwasync)
sqlalchemy.exc.OperationalError: (psycopg2.OperationalError) connection to server at "localhost" (127.0.0.1), port 5433 failed: Connection refused
	Is the server running on that host and accepting TCP/IP connections?

(Background on this error at: https://sqlalche.me/e/20/e3q8)
2026-10-06 19:17:29,428 | INFO | __main__ | Weather ingestion completed.
2026-10-06 19:25:32,137 | INFO | pipeline.main | Starting Weather Ingestion...
2026-10-06 19:25:32,138 | INFO | pipeline.main | Processing city: Manila
2026-10-06 19:25:32,139 | INFO | pipeline.main | Geocoding extracted for Manila
2026-10-06 19:25:32,142 | INFO | pipeline.main | Loaded parquet data for Manila into PostgreSQL table openweather_manila
2026-10-06 19:25:32,143 | INFO | pipeline.main | New weather data saved for Manila: /tmp/pytest-of-aldwin/pytest-19/test_pipeline_main_saves_parqu0/manila.json
2026-10-06 19:25:32,144 | INFO | pipeline.main | Weather ingestion completed.
2026-10-06 20:03:09,345 | INFO | __main__ | Starting Weather Ingestion...
2026-10-06 20:03:09,349 | INFO | __main__ | Processing city: Manila
2026-10-06 20:03:10,175 | INFO | __main__ | Geocoding extracted for Manila
2026-10-06 20:03:10,177 | ERROR | __main__ | Failed to process city: Manila
Traceback (most recent call last):
  File "/mnt/c/Users/aldwin/project/weatherflow/pipeline/main.py", line 58, in main
    geocoding_df = weathertranform(geocoding_data, "geocoding").transform()
                   ^^^^^^^^^^^^^^^
NameError: name 'weathertranform' is not defined. Did you mean: 'WeatherTransform'?
2026-10-06 20:03:10,189 | INFO | __main__ | Processing city: Quezon City
2026-10-06 20:03:10,574 | INFO | __main__ | Geocoding extracted for Quezon City
2026-10-06 20:03:10,579 | ERROR | __main__ | Failed to process city: Quezon City
Traceback (most recent call last):
  File "/mnt/c/Users/aldwin/project/weatherflow/pipeline/main.py", line 58, in main
    geocoding_df = weathertranform(geocoding_data, "geocoding").transform()
                   ^^^^^^^^^^^^^^^
NameError: name 'weathertranform' is not defined. Did you mean: 'WeatherTransform'?
2026-10-06 20:03:10,589 | INFO | __main__ | Processing city: Cebu City
2026-10-06 20:03:11,018 | INFO | __main__ | Geocoding extracted for Cebu City
2026-10-06 20:03:11,021 | ERROR | __main__ | Failed to process city: Cebu City
Traceback (most recent call last):
  File "/mnt/c/Users/aldwin/project/weatherflow/pipeline/main.py", line 58, in main
    geocoding_df = weathertranform(geocoding_data, "geocoding").transform()
                   ^^^^^^^^^^^^^^^
NameError: name 'weathertranform' is not defined. Did you mean: 'WeatherTransform'?
2026-10-06 20:03:11,033 | INFO | __main__ | Processing city: Davao City
2026-10-06 20:03:11,478 | INFO | __main__ | Geocoding extracted for Davao City
2026-10-06 20:03:11,480 | ERROR | __main__ | Failed to process city: Davao City
Traceback (most recent call last):
  File "/mnt/c/Users/aldwin/project/weatherflow/pipeline/main.py", line 58, in main
    geocoding_df = weathertranform(geocoding_data, "geocoding").transform()
                   ^^^^^^^^^^^^^^^
NameError: name 'weathertranform' is not defined. Did you mean: 'WeatherTransform'?
2026-10-06 20:03:11,487 | INFO | __main__ | Processing city: Baguio
2026-10-06 20:03:11,915 | INFO | __main__ | Geocoding extracted for Baguio
2026-10-06 20:03:11,916 | ERROR | __main__ | Failed to process city: Baguio
Traceback (most recent call last):
  File "/mnt/c/Users/aldwin/project/weatherflow/pipeline/main.py", line 58, in main
    geocoding_df = weathertranform(geocoding_data, "geocoding").transform()
                   ^^^^^^^^^^^^^^^
NameError: name 'weathertranform' is not defined. Did you mean: 'WeatherTransform'?
2026-10-06 20:03:11,922 | INFO | __main__ | Processing city: Iloilo City
2026-10-06 20:03:12,389 | INFO | __main__ | Geocoding extracted for Iloilo City
2026-10-06 20:03:12,390 | ERROR | __main__ | Failed to process city: Iloilo City
Traceback (most recent call last):
  File "/mnt/c/Users/aldwin/project/weatherflow/pipeline/main.py", line 58, in main
    geocoding_df = weathertranform(geocoding_data, "geocoding").transform()
                   ^^^^^^^^^^^^^^^
NameError: name 'weathertranform' is not defined. Did you mean: 'WeatherTransform'?
2026-10-06 20:03:12,394 | INFO | __main__ | Processing city: Cagayan de Oro
2026-10-06 20:03:12,916 | INFO | __main__ | Geocoding extracted for Cagayan de Oro
2026-10-06 20:03:12,918 | ERROR | __main__ | Failed to process city: Cagayan de Oro
Traceback (most recent call last):
  File "/mnt/c/Users/aldwin/project/weatherflow/pipeline/main.py", line 58, in main
    geocoding_df = weathertranform(geocoding_data, "geocoding").transform()
                   ^^^^^^^^^^^^^^^
NameError: name 'weathertranform' is not defined. Did you mean: 'WeatherTransform'?
2026-10-06 20:03:12,923 | INFO | __main__ | Processing city: Zamboanga City
2026-10-06 20:03:13,278 | INFO | __main__ | Geocoding extracted for Zamboanga City
2026-10-06 20:03:13,280 | ERROR | __main__ | Failed to process city: Zamboanga City
Traceback (most recent call last):
  File "/mnt/c/Users/aldwin/project/weatherflow/pipeline/main.py", line 58, in main
    geocoding_df = weathertranform(geocoding_data, "geocoding").transform()
                   ^^^^^^^^^^^^^^^
NameError: name 'weathertranform' is not defined. Did you mean: 'WeatherTransform'?
2026-10-06 20:03:13,294 | INFO | __main__ | Weather ingestion completed.
2026-10-06 20:05:39,092 | INFO | __main__ | Starting Weather Ingestion...
2026-10-06 20:05:39,095 | INFO | __main__ | Processing city: Manila
2026-10-06 20:05:39,675 | INFO | __main__ | Geocoding extracted for Manila
2026-10-06 20:05:40,853 | INFO | __main__ | Geocoding loaded for Manila into geocoding_manila
2026-10-06 20:05:40,914 | INFO | __main__ | Raw JSON saved for Manila: /mnt/c/Users/aldwin/project/weatherflow/data/raw/openweather/manila.json
2026-10-06 20:05:40,926 | INFO | __main__ | Weather data transformed for Manila.
2026-10-06 20:05:41,477 | INFO | __main__ | Parquet saved for Manila: /mnt/c/Users/aldwin/project/weatherflow/data/parquet/openweather/manila.parquet
2026-10-06 20:05:41,643 | INFO | __main__ | Loaded 2 row(s) for Manila into openweather_manila.
2026-10-06 20:05:41,699 | INFO | __main__ | Checkpoint updated for Manila.
2026-10-06 20:05:41,701 | INFO | __main__ | Processing city: Quezon City
2026-10-06 20:05:42,445 | INFO | __main__ | Geocoding extracted for Quezon City
2026-10-06 20:05:42,579 | INFO | __main__ | Geocoding loaded for Quezon City into geocoding_quezon_city
2026-10-06 20:05:42,617 | INFO | __main__ | Raw JSON saved for Quezon City: /mnt/c/Users/aldwin/project/weatherflow/data/raw/openweather/quezon_city.json
2026-10-06 20:05:42,621 | INFO | __main__ | Weather data transformed for Quezon City.
2026-10-06 20:05:42,699 | INFO | __main__ | Parquet saved for Quezon City: /mnt/c/Users/aldwin/project/weatherflow/data/parquet/openweather/quezon_city.parquet
2026-10-06 20:05:42,846 | INFO | __main__ | Loaded 2 row(s) for Quezon City into openweather_quezon_city.
2026-10-06 20:05:42,921 | INFO | __main__ | Checkpoint updated for Quezon City.
2026-10-06 20:05:42,925 | INFO | __main__ | Processing city: Cebu City
2026-10-06 20:05:43,434 | INFO | __main__ | Geocoding extracted for Cebu City
2026-10-06 20:05:43,529 | INFO | __main__ | Geocoding loaded for Cebu City into geocoding_cebu_city
2026-10-06 20:05:43,594 | INFO | __main__ | Raw JSON saved for Cebu City: /mnt/c/Users/aldwin/project/weatherflow/data/raw/openweather/cebu_city.json
2026-10-06 20:05:43,597 | INFO | __main__ | Weather data transformed for Cebu City.
2026-10-06 20:05:43,709 | INFO | __main__ | Parquet saved for Cebu City: /mnt/c/Users/aldwin/project/weatherflow/data/parquet/openweather/cebu_city.parquet
2026-10-06 20:05:43,860 | INFO | __main__ | Loaded 2 row(s) for Cebu City into openweather_cebu_city.
2026-10-06 20:05:43,901 | INFO | __main__ | Checkpoint updated for Cebu City.
2026-10-06 20:05:43,904 | INFO | __main__ | Processing city: Davao City
2026-10-06 20:05:44,308 | INFO | __main__ | Geocoding extracted for Davao City
2026-10-06 20:05:44,434 | INFO | __main__ | Geocoding loaded for Davao City into geocoding_davao_city
2026-10-06 20:05:44,486 | INFO | __main__ | Raw JSON saved for Davao City: /mnt/c/Users/aldwin/project/weatherflow/data/raw/openweather/davao_city.json
2026-10-06 20:05:44,488 | INFO | __main__ | Weather data transformed for Davao City.
2026-10-06 20:05:44,573 | INFO | __main__ | Parquet saved for Davao City: /mnt/c/Users/aldwin/project/weatherflow/data/parquet/openweather/davao_city.parquet
2026-10-06 20:05:44,689 | INFO | __main__ | Loaded 2 row(s) for Davao City into openweather_davao_city.
2026-10-06 20:05:44,728 | INFO | __main__ | Checkpoint updated for Davao City.
2026-10-06 20:05:44,730 | INFO | __main__ | Processing city: Baguio
2026-10-06 20:05:45,243 | INFO | __main__ | Geocoding extracted for Baguio
2026-10-06 20:05:45,318 | INFO | __main__ | Geocoding loaded for Baguio into geocoding_baguio
2026-10-06 20:05:45,364 | INFO | __main__ | Raw JSON saved for Baguio: /mnt/c/Users/aldwin/project/weatherflow/data/raw/openweather/baguio.json
2026-10-06 20:05:45,367 | INFO | __main__ | Weather data transformed for Baguio.
2026-10-06 20:05:45,444 | INFO | __main__ | Parquet saved for Baguio: /mnt/c/Users/aldwin/project/weatherflow/data/parquet/openweather/baguio.parquet
2026-10-06 20:05:45,615 | INFO | __main__ | Loaded 2 row(s) for Baguio into openweather_baguio.
2026-10-06 20:05:45,654 | INFO | __main__ | Checkpoint updated for Baguio.
2026-10-06 20:05:45,655 | INFO | __main__ | Processing city: Iloilo City
2026-10-06 20:05:46,133 | INFO | __main__ | Geocoding extracted for Iloilo City
2026-10-06 20:05:46,252 | INFO | __main__ | Geocoding loaded for Iloilo City into geocoding_iloilo_city
2026-10-06 20:05:46,318 | INFO | __main__ | Raw JSON saved for Iloilo City: /mnt/c/Users/aldwin/project/weatherflow/data/raw/openweather/iloilo_city.json
2026-10-06 20:05:46,325 | INFO | __main__ | Weather data transformed for Iloilo City.
2026-10-06 20:05:46,440 | INFO | __main__ | Parquet saved for Iloilo City: /mnt/c/Users/aldwin/project/weatherflow/data/parquet/openweather/iloilo_city.parquet
2026-10-06 20:05:46,555 | INFO | __main__ | Loaded 2 row(s) for Iloilo City into openweather_iloilo_city.
2026-10-06 20:05:46,587 | INFO | __main__ | Checkpoint updated for Iloilo City.
2026-10-06 20:05:46,588 | INFO | __main__ | Processing city: Cagayan de Oro
2026-10-06 20:05:47,072 | INFO | __main__ | Geocoding extracted for Cagayan de Oro
2026-10-06 20:05:47,190 | INFO | __main__ | Geocoding loaded for Cagayan de Oro into geocoding_cagayan_de_oro
2026-10-06 20:05:47,238 | INFO | __main__ | Raw JSON saved for Cagayan de Oro: /mnt/c/Users/aldwin/project/weatherflow/data/raw/openweather/cagayan_de_oro.json
2026-10-06 20:05:47,241 | INFO | __main__ | Weather data transformed for Cagayan de Oro.
2026-10-06 20:05:47,309 | ERROR | __main__ | Failed to process city: Cagayan de Oro
Traceback (most recent call last):
  File "/mnt/c/Users/aldwin/project/weatherflow/pipeline/main.py", line 75, in main
    parquet_file = save_parquet(weather_df, city, "openweather")
  File "/mnt/c/Users/aldwin/project/weatherflow/pipeline/loaded/save_parquet.py", line 84, in save_parquet
    combined = pl.concat([existing_df, df], how="diagonal", rechunk=True)
  File "/mnt/c/Users/aldwin/project/weatherflow/.venv/lib/python3.14/site-packages/polars/functions/eager.py", line 300, in concat
    out = wrap_df(plr.concat_df_diagonal(elems))
                  ~~~~~~~~~~~~~~~~~~~~~~^^^^^^^
polars.exceptions.SchemaError: type Int64 is incompatible with expected type Float64

This error occurred with the following context stack:
	[1] failed to vstack column 'wind_speed'

2026-10-06 20:05:47,440 | INFO | __main__ | Processing city: Zamboanga City
2026-10-06 20:05:47,840 | INFO | __main__ | Geocoding extracted for Zamboanga City
2026-10-06 20:05:47,960 | INFO | __main__ | Geocoding loaded for Zamboanga City into geocoding_zamboanga_city
2026-10-06 20:05:48,028 | INFO | __main__ | Raw JSON saved for Zamboanga City: /mnt/c/Users/aldwin/project/weatherflow/data/raw/openweather/zamboanga_city.json
2026-10-06 20:05:48,033 | INFO | __main__ | Weather data transformed for Zamboanga City.
2026-10-06 20:05:48,176 | INFO | __main__ | Parquet saved for Zamboanga City: /mnt/c/Users/aldwin/project/weatherflow/data/parquet/openweather/zamboanga_city.parquet
2026-10-06 20:05:48,318 | INFO | __main__ | Loaded 2 row(s) for Zamboanga City into openweather_zamboanga_city.
2026-10-06 20:05:48,356 | INFO | __main__ | Checkpoint updated for Zamboanga City.
2026-10-06 20:05:48,359 | INFO | __main__ | Weather ingestion completed.
2026-10-06 20:07:44,499 | INFO | __main__ | Starting Weather Ingestion...
2026-10-06 20:07:44,501 | INFO | __main__ | Processing city: Manila
2026-10-06 20:07:45,062 | INFO | __main__ | Geocoding extracted for Manila
2026-10-06 20:07:46,116 | INFO | __main__ | Geocoding loaded for Manila into geocoding_manila
2026-10-06 20:07:46,128 | INFO | __main__ | No new weather data for Manila. Skipping.
2026-10-06 20:07:46,130 | INFO | __main__ | Processing city: Quezon City
2026-10-06 20:07:46,627 | INFO | __main__ | Geocoding extracted for Quezon City
2026-10-06 20:07:46,751 | INFO | __main__ | Geocoding loaded for Quezon City into geocoding_quezon_city
2026-10-06 20:07:46,763 | INFO | __main__ | No new weather data for Quezon City. Skipping.
2026-10-06 20:07:46,765 | INFO | __main__ | Processing city: Cebu City
2026-10-06 20:07:47,273 | INFO | __main__ | Geocoding extracted for Cebu City
2026-10-06 20:07:47,391 | INFO | __main__ | Geocoding loaded for Cebu City into geocoding_cebu_city
2026-10-06 20:07:47,400 | INFO | __main__ | No new weather data for Cebu City. Skipping.
2026-10-06 20:07:47,401 | INFO | __main__ | Processing city: Davao City
2026-10-06 20:07:47,854 | INFO | __main__ | Geocoding extracted for Davao City
2026-10-06 20:07:47,994 | INFO | __main__ | Geocoding loaded for Davao City into geocoding_davao_city
2026-10-06 20:07:48,058 | INFO | __main__ | Raw JSON saved for Davao City: /mnt/c/Users/aldwin/project/weatherflow/data/raw/openweather/davao_city.json
2026-10-06 20:07:48,069 | INFO | __main__ | Weather data transformed for Davao City.
2026-10-06 20:07:48,461 | INFO | __main__ | Parquet saved for Davao City: /mnt/c/Users/aldwin/project/weatherflow/data/parquet/openweather/davao_city.parquet
2026-10-06 20:07:48,627 | INFO | __main__ | Loaded 3 row(s) for Davao City into openweather_davao_city.
2026-10-06 20:07:48,663 | INFO | __main__ | Checkpoint updated for Davao City.
2026-10-06 20:07:48,666 | INFO | __main__ | Processing city: Baguio
2026-10-06 20:07:49,138 | INFO | __main__ | Geocoding extracted for Baguio
2026-10-06 20:07:49,429 | INFO | __main__ | Geocoding loaded for Baguio into geocoding_baguio
2026-10-06 20:07:49,441 | INFO | __main__ | No new weather data for Baguio. Skipping.
2026-10-06 20:07:49,442 | INFO | __main__ | Processing city: Iloilo City
2026-10-06 20:07:49,951 | INFO | __main__ | Geocoding extracted for Iloilo City
2026-10-06 20:07:50,077 | INFO | __main__ | Geocoding loaded for Iloilo City into geocoding_iloilo_city
2026-10-06 20:07:50,097 | INFO | __main__ | No new weather data for Iloilo City. Skipping.
2026-10-06 20:07:50,099 | INFO | __main__ | Processing city: Cagayan de Oro
2026-10-06 20:07:50,532 | INFO | __main__ | Geocoding extracted for Cagayan de Oro
2026-10-06 20:07:50,670 | INFO | __main__ | Geocoding loaded for Cagayan de Oro into geocoding_cagayan_de_oro
2026-10-06 20:07:50,727 | INFO | __main__ | Raw JSON saved for Cagayan de Oro: /mnt/c/Users/aldwin/project/weatherflow/data/raw/openweather/cagayan_de_oro.json
2026-10-06 20:07:50,729 | INFO | __main__ | Weather data transformed for Cagayan de Oro.
2026-10-06 20:07:50,761 | ERROR | __main__ | Failed to process city: Cagayan de Oro
Traceback (most recent call last):
  File "/mnt/c/Users/aldwin/project/weatherflow/pipeline/main.py", line 75, in main
    parquet_file = save_parquet(weather_df, city, "openweather")
  File "/mnt/c/Users/aldwin/project/weatherflow/pipeline/loaded/save_parquet.py", line 84, in save_parquet
    combined = pl.concat([existing_df, df], how="diagonal", rechunk=True)
  File "/mnt/c/Users/aldwin/project/weatherflow/.venv/lib/python3.14/site-packages/polars/functions/eager.py", line 300, in concat
    out = wrap_df(plr.concat_df_diagonal(elems))
                  ~~~~~~~~~~~~~~~~~~~~~~^^^^^^^
polars.exceptions.SchemaError: type Int64 is incompatible with expected type Float64

This error occurred with the following context stack:
	[1] failed to vstack column 'wind_speed'

2026-10-06 20:07:50,788 | INFO | __main__ | Processing city: Zamboanga City
2026-10-06 20:07:51,437 | INFO | __main__ | Geocoding extracted for Zamboanga City
2026-10-06 20:07:51,541 | INFO | __main__ | Geocoding loaded for Zamboanga City into geocoding_zamboanga_city
2026-10-06 20:07:51,596 | INFO | __main__ | Raw JSON saved for Zamboanga City: /mnt/c/Users/aldwin/project/weatherflow/data/raw/openweather/zamboanga_city.json
2026-10-06 20:07:51,599 | INFO | __main__ | Weather data transformed for Zamboanga City.
2026-10-06 20:07:51,673 | INFO | __main__ | Parquet saved for Zamboanga City: /mnt/c/Users/aldwin/project/weatherflow/data/parquet/openweather/zamboanga_city.parquet
2026-10-06 20:07:51,835 | INFO | __main__ | Loaded 3 row(s) for Zamboanga City into openweather_zamboanga_city.
2026-10-06 20:07:51,876 | INFO | __main__ | Checkpoint updated for Zamboanga City.
2026-10-06 20:07:51,878 | INFO | __main__ | Weather ingestion completed.
2026-10-06 20:12:06,512 | INFO | __main__ | Starting Weather Ingestion...
2026-10-06 20:12:06,514 | INFO | __main__ | Processing city: Manila
2026-10-06 20:12:07,024 | INFO | __main__ | Geocoding extracted for Manila
2026-10-06 20:12:08,555 | INFO | __main__ | Geocoding loaded for Manila into geocoding_manila
2026-10-06 20:12:08,611 | INFO | __main__ | Raw JSON saved for Manila: /mnt/c/Users/aldwin/project/weatherflow/data/raw/openweather/manila.json
2026-10-06 20:12:08,621 | INFO | __main__ | Weather data transformed for Manila.
2026-10-06 20:12:09,179 | INFO | __main__ | Parquet saved for Manila: /mnt/c/Users/aldwin/project/weatherflow/data/parquet/openweather/manila.parquet
2026-10-06 20:12:09,354 | INFO | __main__ | Loaded 3 row(s) for Manila into openweather_manila.
2026-10-06 20:12:09,400 | INFO | __main__ | Checkpoint updated for Manila.
2026-10-06 20:12:09,404 | INFO | __main__ | Processing city: Quezon City
2026-10-06 20:12:09,972 | INFO | __main__ | Geocoding extracted for Quezon City
2026-10-06 20:12:10,133 | INFO | __main__ | Geocoding loaded for Quezon City into geocoding_quezon_city
2026-10-06 20:12:10,196 | INFO | __main__ | Raw JSON saved for Quezon City: /mnt/c/Users/aldwin/project/weatherflow/data/raw/openweather/quezon_city.json
2026-10-06 20:12:10,199 | INFO | __main__ | Weather data transformed for Quezon City.
2026-10-06 20:12:10,327 | INFO | __main__ | Parquet saved for Quezon City: /mnt/c/Users/aldwin/project/weatherflow/data/parquet/openweather/quezon_city.parquet
2026-10-06 20:12:10,547 | INFO | __main__ | Loaded 3 row(s) for Quezon City into openweather_quezon_city.
2026-10-06 20:12:10,591 | INFO | __main__ | Checkpoint updated for Quezon City.
2026-10-06 20:12:10,593 | INFO | __main__ | Processing city: Cebu City
2026-10-06 20:12:11,388 | INFO | __main__ | Geocoding extracted for Cebu City
2026-10-06 20:12:11,572 | INFO | __main__ | Geocoding loaded for Cebu City into geocoding_cebu_city
2026-10-06 20:12:11,624 | INFO | __main__ | Raw JSON saved for Cebu City: /mnt/c/Users/aldwin/project/weatherflow/data/raw/openweather/cebu_city.json
2026-10-06 20:12:11,629 | INFO | __main__ | Weather data transformed for Cebu City.
2026-10-06 20:12:11,755 | INFO | __main__ | Parquet saved for Cebu City: /mnt/c/Users/aldwin/project/weatherflow/data/parquet/openweather/cebu_city.parquet
2026-10-06 20:12:11,894 | INFO | __main__ | Loaded 3 row(s) for Cebu City into openweather_cebu_city.
2026-10-06 20:12:11,970 | INFO | __main__ | Checkpoint updated for Cebu City.
2026-10-06 20:12:11,972 | INFO | __main__ | Processing city: Davao City
2026-10-06 20:12:12,461 | INFO | __main__ | Geocoding extracted for Davao City
2026-10-06 20:12:12,569 | INFO | __main__ | Geocoding loaded for Davao City into geocoding_davao_city
2026-10-06 20:12:12,581 | INFO | __main__ | No new weather data for Davao City. Skipping.
2026-10-06 20:12:12,582 | INFO | __main__ | Processing city: Baguio
2026-10-06 20:12:13,211 | INFO | __main__ | Geocoding extracted for Baguio
2026-10-06 20:12:13,316 | INFO | __main__ | Geocoding loaded for Baguio into geocoding_baguio
2026-10-06 20:12:13,428 | INFO | __main__ | Raw JSON saved for Baguio: /mnt/c/Users/aldwin/project/weatherflow/data/raw/openweather/baguio.json
2026-10-06 20:12:13,431 | INFO | __main__ | Weather data transformed for Baguio.
2026-10-06 20:12:13,554 | INFO | __main__ | Parquet saved for Baguio: /mnt/c/Users/aldwin/project/weatherflow/data/parquet/openweather/baguio.parquet
2026-10-06 20:12:13,698 | INFO | __main__ | Loaded 3 row(s) for Baguio into openweather_baguio.
2026-10-06 20:12:13,767 | INFO | __main__ | Checkpoint updated for Baguio.
2026-10-06 20:12:13,771 | INFO | __main__ | Processing city: Iloilo City
2026-10-06 20:12:14,283 | INFO | __main__ | Geocoding extracted for Iloilo City
2026-10-06 20:12:14,408 | INFO | __main__ | Geocoding loaded for Iloilo City into geocoding_iloilo_city
2026-10-06 20:12:14,466 | INFO | __main__ | Raw JSON saved for Iloilo City: /mnt/c/Users/aldwin/project/weatherflow/data/raw/openweather/iloilo_city.json
2026-10-06 20:12:14,470 | INFO | __main__ | Weather data transformed for Iloilo City.
2026-10-06 20:12:14,602 | INFO | __main__ | Parquet saved for Iloilo City: /mnt/c/Users/aldwin/project/weatherflow/data/parquet/openweather/iloilo_city.parquet
2026-10-06 20:12:14,796 | INFO | __main__ | Loaded 3 row(s) for Iloilo City into openweather_iloilo_city.
2026-10-06 20:12:14,856 | INFO | __main__ | Checkpoint updated for Iloilo City.
2026-10-06 20:12:14,858 | INFO | __main__ | Processing city: Cagayan de Oro
2026-10-06 20:12:15,367 | INFO | __main__ | Geocoding extracted for Cagayan de Oro
2026-10-06 20:12:15,510 | INFO | __main__ | Geocoding loaded for Cagayan de Oro into geocoding_cagayan_de_oro
2026-10-06 20:12:15,595 | INFO | __main__ | Raw JSON saved for Cagayan de Oro: /mnt/c/Users/aldwin/project/weatherflow/data/raw/openweather/cagayan_de_oro.json
2026-10-06 20:12:15,601 | INFO | __main__ | Weather data transformed for Cagayan de Oro.
2026-10-06 20:12:15,729 | INFO | __main__ | Parquet saved for Cagayan de Oro: /mnt/c/Users/aldwin/project/weatherflow/data/parquet/openweather/cagayan_de_oro.parquet
2026-10-06 20:12:15,902 | INFO | __main__ | Loaded 2 row(s) for Cagayan de Oro into openweather_cagayan_de_oro.
2026-10-06 20:12:15,962 | INFO | __main__ | Checkpoint updated for Cagayan de Oro.
2026-10-06 20:12:15,966 | INFO | __main__ | Processing city: Zamboanga City
2026-10-06 20:12:16,449 | INFO | __main__ | Geocoding extracted for Zamboanga City
2026-10-06 20:12:16,567 | INFO | __main__ | Geocoding loaded for Zamboanga City into geocoding_zamboanga_city
2026-10-06 20:12:16,644 | INFO | __main__ | Raw JSON saved for Zamboanga City: /mnt/c/Users/aldwin/project/weatherflow/data/raw/openweather/zamboanga_city.json
2026-10-06 20:12:16,647 | INFO | __main__ | Weather data transformed for Zamboanga City.
2026-10-06 20:12:16,777 | INFO | __main__ | Parquet saved for Zamboanga City: /mnt/c/Users/aldwin/project/weatherflow/data/parquet/openweather/zamboanga_city.parquet
2026-10-06 20:12:16,917 | INFO | __main__ | Loaded 4 row(s) for Zamboanga City into openweather_zamboanga_city.
2026-10-06 20:12:16,989 | INFO | __main__ | Checkpoint updated for Zamboanga City.
2026-10-06 20:12:16,992 | INFO | __main__ | Weather ingestion completed.
2026-10-06 20:14:50,515 | INFO | __main__ | Starting Weather Ingestion...
2026-10-06 20:14:50,517 | INFO | __main__ | Processing city: Manila
2026-10-06 20:14:51,209 | INFO | __main__ | Geocoding extracted for Manila
2026-10-06 20:14:52,041 | INFO | __main__ | Geocoding loaded for Manila into geocoding_manila
2026-10-06 20:14:52,055 | INFO | __main__ | No new weather data for Manila. Skipping.
2026-10-06 20:14:52,057 | INFO | __main__ | Processing city: Quezon City
2026-10-06 20:14:52,618 | INFO | __main__ | Geocoding extracted for Quezon City
2026-10-06 20:14:52,694 | INFO | __main__ | Geocoding loaded for Quezon City into geocoding_quezon_city
2026-10-06 20:14:52,701 | INFO | __main__ | No new weather data for Quezon City. Skipping.
2026-10-06 20:14:52,702 | INFO | __main__ | Processing city: Cebu City
2026-10-06 20:14:53,137 | INFO | __main__ | Geocoding extracted for Cebu City
2026-10-06 20:14:53,211 | INFO | __main__ | Geocoding loaded for Cebu City into geocoding_cebu_city
2026-10-06 20:14:53,219 | INFO | __main__ | No new weather data for Cebu City. Skipping.
2026-10-06 20:14:53,222 | INFO | __main__ | Processing city: Davao City
2026-10-06 20:14:53,724 | INFO | __main__ | Geocoding extracted for Davao City
2026-10-06 20:14:53,794 | INFO | __main__ | Geocoding loaded for Davao City into geocoding_davao_city
2026-10-06 20:14:53,854 | INFO | __main__ | Raw JSON saved for Davao City: /mnt/c/Users/aldwin/project/weatherflow/data/raw/openweather/davao_city.json
2026-10-06 20:14:53,873 | INFO | __main__ | Weather data transformed for Davao City.
2026-10-06 20:14:54,306 | INFO | __main__ | Parquet saved for Davao City: /mnt/c/Users/aldwin/project/weatherflow/data/parquet/openweather/davao_city.parquet
2026-10-06 20:14:54,447 | INFO | __main__ | Loaded 4 row(s) for Davao City into openweather_davao_city.
2026-10-06 20:14:54,475 | INFO | __main__ | Checkpoint updated for Davao City.
2026-10-06 20:14:54,477 | INFO | __main__ | Processing city: Baguio
2026-10-06 20:14:54,980 | INFO | __main__ | Geocoding extracted for Baguio
2026-10-06 20:14:55,071 | INFO | __main__ | Geocoding loaded for Baguio into geocoding_baguio
2026-10-06 20:14:55,079 | INFO | __main__ | No new weather data for Baguio. Skipping.
2026-10-06 20:14:55,080 | INFO | __main__ | Processing city: Iloilo City
2026-10-06 20:14:55,530 | INFO | __main__ | Geocoding extracted for Iloilo City
2026-10-06 20:14:55,666 | INFO | __main__ | Geocoding loaded for Iloilo City into geocoding_iloilo_city
2026-10-06 20:14:55,677 | INFO | __main__ | No new weather data for Iloilo City. Skipping.
2026-10-06 20:14:55,679 | INFO | __main__ | Processing city: Cagayan de Oro
2026-10-06 20:14:56,177 | INFO | __main__ | Geocoding extracted for Cagayan de Oro
2026-10-06 20:14:56,367 | INFO | __main__ | Geocoding loaded for Cagayan de Oro into geocoding_cagayan_de_oro
2026-10-06 20:14:56,391 | INFO | __main__ | No new weather data for Cagayan de Oro. Skipping.
2026-10-06 20:14:56,393 | INFO | __main__ | Processing city: Zamboanga City
2026-10-06 20:14:56,949 | INFO | __main__ | Geocoding extracted for Zamboanga City
2026-10-06 20:14:57,081 | INFO | __main__ | Geocoding loaded for Zamboanga City into geocoding_zamboanga_city
2026-10-06 20:14:57,190 | INFO | __main__ | Raw JSON saved for Zamboanga City: /mnt/c/Users/aldwin/project/weatherflow/data/raw/openweather/zamboanga_city.json
2026-10-06 20:14:57,207 | INFO | __main__ | Weather data transformed for Zamboanga City.
2026-10-06 20:14:57,317 | INFO | __main__ | Parquet saved for Zamboanga City: /mnt/c/Users/aldwin/project/weatherflow/data/parquet/openweather/zamboanga_city.parquet
2026-10-06 20:14:57,453 | INFO | __main__ | Loaded 5 row(s) for Zamboanga City into openweather_zamboanga_city.
2026-10-06 20:14:57,528 | INFO | __main__ | Checkpoint updated for Zamboanga City.
2026-10-06 20:14:57,531 | INFO | __main__ | Weather ingestion completed.
2026-10-06 12:42:40,689 | INFO | __main__ | Starting Weather Ingestion...
2026-10-06 12:42:40,694 | INFO | __main__ | Processing city: Manila
2026-10-06 12:42:41,033 | INFO | __main__ | Geocoding extracted for Manila
2026-10-06 12:42:41,202 | ERROR | __main__ | Failed to process city: Manila
Traceback (most recent call last):
  File "/usr/local/lib/python3.14/site-packages/sqlalchemy/engine/base.py", line 149, in __init__
    self._dbapi_connection = engine.raw_connection()
                             ~~~~~~~~~~~~~~~~~~~~~^^
  File "/usr/local/lib/python3.14/site-packages/sqlalchemy/engine/base.py", line 3284, in raw_connection
    return self.pool.connect()
           ~~~~~~~~~~~~~~~~~^^
  File "/usr/local/lib/python3.14/site-packages/sqlalchemy/pool/base.py", line 445, in connect
    return _ConnectionFairy._checkout(self)
           ~~~~~~~~~~~~~~~~~~~~~~~~~~^^^^^^
  File "/usr/local/lib/python3.14/site-packages/sqlalchemy/pool/base.py", line 1303, in _checkout
    fairy = _ConnectionRecord.checkout(pool)
  File "/usr/local/lib/python3.14/site-packages/sqlalchemy/pool/base.py", line 709, in checkout
    rec = pool._do_get()
  File "/usr/local/lib/python3.14/site-packages/sqlalchemy/pool/impl.py", line 176, in _do_get
    with util.safe_reraise():
         ~~~~~~~~~~~~~~~~~^^
  File "/usr/local/lib/python3.14/site-packages/sqlalchemy/util/langhelpers.py", line 166, in __exit__
    raise exc_value.with_traceback(exc_tb)
  File "/usr/local/lib/python3.14/site-packages/sqlalchemy/pool/impl.py", line 174, in _do_get
    return self._create_connection()
           ~~~~~~~~~~~~~~~~~~~~~~~^^
  File "/usr/local/lib/python3.14/site-packages/sqlalchemy/pool/base.py", line 386, in _create_connection
    return _ConnectionRecord(self)
  File "/usr/local/lib/python3.14/site-packages/sqlalchemy/pool/base.py", line 671, in __init__
    self.__connect()
    ~~~~~~~~~~~~~~^^
  File "/usr/local/lib/python3.14/site-packages/sqlalchemy/pool/base.py", line 906, in __connect
    with util.safe_reraise():
         ~~~~~~~~~~~~~~~~~^^
  File "/usr/local/lib/python3.14/site-packages/sqlalchemy/util/langhelpers.py", line 166, in __exit__
    raise exc_value.with_traceback(exc_tb)
  File "/usr/local/lib/python3.14/site-packages/sqlalchemy/pool/base.py", line 902, in __connect
    self.dbapi_connection = connection = pool._invoke_creator(self)
                                         ~~~~~~~~~~~~~~~~~~~~^^^^^^
  File "/usr/local/lib/python3.14/site-packages/sqlalchemy/engine/create.py", line 645, in connect
    return dialect.connect(*cargs_tup, **cparams)
           ~~~~~~~~~~~~~~~^^^^^^^^^^^^^^^^^^^^^^^
  File "/usr/local/lib/python3.14/site-packages/sqlalchemy/engine/default.py", line 869, in connect
    return self.loaded_dbapi.connect(*cargs, **cparams)  # type: ignore[no-any-return]  # NOQA: E501
           ~~~~~~~~~~~~~~~~~~~~~~~~~^^^^^^^^^^^^^^^^^^^
  File "/usr/local/lib/python3.14/site-packages/psycopg2/__init__.py", line 122, in connect
    conn = _connect(dsn, connection_factory=connection_factory, **kwasync)
psycopg2.OperationalError: connection to server at "host.docker.internal" (192.168.65.254), port 5432 failed: FATAL:  password authentication failed for user "weatherflow"


The above exception was the direct cause of the following exception:

Traceback (most recent call last):
  File "/app/pipeline/main.py", line 47, in main
    load_postgresql(geocoding_df, geocoding_table, if_exists="replace")
    ~~~~~~~~~~~~~~~^^^^^^^^^^^^^^^^^^^^^^^^^^^^^^^^^^^^^^^^^^^^^^^^^^^^
  File "/app/pipeline/loaded/load_postresql.py", line 324, in load_postgresql
    with engine.begin() as connection:
         ~~~~~~~~~~~~^^
  File "/usr/local/lib/python3.14/contextlib.py", line 141, in __enter__
    return next(self.gen)
  File "/usr/local/lib/python3.14/site-packages/sqlalchemy/engine/base.py", line 3224, in begin
    with self.connect() as conn:
         ~~~~~~~~~~~~^^
  File "/usr/local/lib/python3.14/site-packages/sqlalchemy/engine/base.py", line 3260, in connect
    return self._connection_cls(self)
           ~~~~~~~~~~~~~~~~~~~~^^^^^^
  File "/usr/local/lib/python3.14/site-packages/sqlalchemy/engine/base.py", line 151, in __init__
    Connection._handle_dbapi_exception_noconnection(
    ~~~~~~~~~~~~~~~~~~~~~~~~~~~~~~~~~~~~~~~~~~~~~~~^
        err, dialect, engine
        ^^^^^^^^^^^^^^^^^^^^
    )
    ^
  File "/usr/local/lib/python3.14/site-packages/sqlalchemy/engine/base.py", line 2417, in _handle_dbapi_exception_noconnection
    raise sqlalchemy_exception.with_traceback(exc_info[2]) from e
  File "/usr/local/lib/python3.14/site-packages/sqlalchemy/engine/base.py", line 149, in __init__
    self._dbapi_connection = engine.raw_connection()
                             ~~~~~~~~~~~~~~~~~~~~~^^
  File "/usr/local/lib/python3.14/site-packages/sqlalchemy/engine/base.py", line 3284, in raw_connection
    return self.pool.connect()
           ~~~~~~~~~~~~~~~~~^^
  File "/usr/local/lib/python3.14/site-packages/sqlalchemy/pool/base.py", line 445, in connect
    return _ConnectionFairy._checkout(self)
           ~~~~~~~~~~~~~~~~~~~~~~~~~~^^^^^^
  File "/usr/local/lib/python3.14/site-packages/sqlalchemy/pool/base.py", line 1303, in _checkout
    fairy = _ConnectionRecord.checkout(pool)
  File "/usr/local/lib/python3.14/site-packages/sqlalchemy/pool/base.py", line 709, in checkout
    rec = pool._do_get()
  File "/usr/local/lib/python3.14/site-packages/sqlalchemy/pool/impl.py", line 176, in _do_get
    with util.safe_reraise():
         ~~~~~~~~~~~~~~~~~^^
  File "/usr/local/lib/python3.14/site-packages/sqlalchemy/util/langhelpers.py", line 166, in __exit__
    raise exc_value.with_traceback(exc_tb)
  File "/usr/local/lib/python3.14/site-packages/sqlalchemy/pool/impl.py", line 174, in _do_get
    return self._create_connection()
           ~~~~~~~~~~~~~~~~~~~~~~~^^
  File "/usr/local/lib/python3.14/site-packages/sqlalchemy/pool/base.py", line 386, in _create_connection
    return _ConnectionRecord(self)
  File "/usr/local/lib/python3.14/site-packages/sqlalchemy/pool/base.py", line 671, in __init__
    self.__connect()
    ~~~~~~~~~~~~~~^^
  File "/usr/local/lib/python3.14/site-packages/sqlalchemy/pool/base.py", line 906, in __connect
    with util.safe_reraise():
         ~~~~~~~~~~~~~~~~~^^
  File "/usr/local/lib/python3.14/site-packages/sqlalchemy/util/langhelpers.py", line 166, in __exit__
    raise exc_value.with_traceback(exc_tb)
  File "/usr/local/lib/python3.14/site-packages/sqlalchemy/pool/base.py", line 902, in __connect
    self.dbapi_connection = connection = pool._invoke_creator(self)
                                         ~~~~~~~~~~~~~~~~~~~~^^^^^^
  File "/usr/local/lib/python3.14/site-packages/sqlalchemy/engine/create.py", line 645, in connect
    return dialect.connect(*cargs_tup, **cparams)
           ~~~~~~~~~~~~~~~^^^^^^^^^^^^^^^^^^^^^^^
  File "/usr/local/lib/python3.14/site-packages/sqlalchemy/engine/default.py", line 869, in connect
    return self.loaded_dbapi.connect(*cargs, **cparams)  # type: ignore[no-any-return]  # NOQA: E501
           ~~~~~~~~~~~~~~~~~~~~~~~~~^^^^^^^^^^^^^^^^^^^
  File "/usr/local/lib/python3.14/site-packages/psycopg2/__init__.py", line 122, in connect
    conn = _connect(dsn, connection_factory=connection_factory, **kwasync)
sqlalchemy.exc.OperationalError: (psycopg2.OperationalError) connection to server at "host.docker.internal" (192.168.65.254), port 5432 failed: FATAL:  password authentication failed for user "weatherflow"

(Background on this error at: https://sqlalche.me/e/21/e3q8)
2026-10-06 12:42:41,215 | INFO | __main__ | Processing city: Quezon City
2026-10-06 12:42:41,434 | INFO | __main__ | Geocoding extracted for Quezon City
2026-10-06 12:42:41,498 | ERROR | __main__ | Failed to process city: Quezon City
Traceback (most recent call last):
  File "/usr/local/lib/python3.14/site-packages/sqlalchemy/engine/base.py", line 149, in __init__
    self._dbapi_connection = engine.raw_connection()
                             ~~~~~~~~~~~~~~~~~~~~~^^
  File "/usr/local/lib/python3.14/site-packages/sqlalchemy/engine/base.py", line 3284, in raw_connection
    return self.pool.connect()
           ~~~~~~~~~~~~~~~~~^^
  File "/usr/local/lib/python3.14/site-packages/sqlalchemy/pool/base.py", line 445, in connect
    return _ConnectionFairy._checkout(self)
           ~~~~~~~~~~~~~~~~~~~~~~~~~~^^^^^^
  File "/usr/local/lib/python3.14/site-packages/sqlalchemy/pool/base.py", line 1303, in _checkout
    fairy = _ConnectionRecord.checkout(pool)
  File "/usr/local/lib/python3.14/site-packages/sqlalchemy/pool/base.py", line 709, in checkout
    rec = pool._do_get()
  File "/usr/local/lib/python3.14/site-packages/sqlalchemy/pool/impl.py", line 176, in _do_get
    with util.safe_reraise():
         ~~~~~~~~~~~~~~~~~^^
  File "/usr/local/lib/python3.14/site-packages/sqlalchemy/util/langhelpers.py", line 166, in __exit__
    raise exc_value.with_traceback(exc_tb)
  File "/usr/local/lib/python3.14/site-packages/sqlalchemy/pool/impl.py", line 174, in _do_get
    return self._create_connection()
           ~~~~~~~~~~~~~~~~~~~~~~~^^
  File "/usr/local/lib/python3.14/site-packages/sqlalchemy/pool/base.py", line 386, in _create_connection
    return _ConnectionRecord(self)
  File "/usr/local/lib/python3.14/site-packages/sqlalchemy/pool/base.py", line 671, in __init__
    self.__connect()
    ~~~~~~~~~~~~~~^^
  File "/usr/local/lib/python3.14/site-packages/sqlalchemy/pool/base.py", line 906, in __connect
    with util.safe_reraise():
         ~~~~~~~~~~~~~~~~~^^
  File "/usr/local/lib/python3.14/site-packages/sqlalchemy/util/langhelpers.py", line 166, in __exit__
    raise exc_value.with_traceback(exc_tb)
  File "/usr/local/lib/python3.14/site-packages/sqlalchemy/pool/base.py", line 902, in __connect
    self.dbapi_connection = connection = pool._invoke_creator(self)
                                         ~~~~~~~~~~~~~~~~~~~~^^^^^^
  File "/usr/local/lib/python3.14/site-packages/sqlalchemy/engine/create.py", line 645, in connect
    return dialect.connect(*cargs_tup, **cparams)
           ~~~~~~~~~~~~~~~^^^^^^^^^^^^^^^^^^^^^^^
  File "/usr/local/lib/python3.14/site-packages/sqlalchemy/engine/default.py", line 869, in connect
    return self.loaded_dbapi.connect(*cargs, **cparams)  # type: ignore[no-any-return]  # NOQA: E501
           ~~~~~~~~~~~~~~~~~~~~~~~~~^^^^^^^^^^^^^^^^^^^
  File "/usr/local/lib/python3.14/site-packages/psycopg2/__init__.py", line 122, in connect
    conn = _connect(dsn, connection_factory=connection_factory, **kwasync)
psycopg2.OperationalError: connection to server at "host.docker.internal" (192.168.65.254), port 5432 failed: FATAL:  password authentication failed for user "weatherflow"


The above exception was the direct cause of the following exception:

Traceback (most recent call last):
  File "/app/pipeline/main.py", line 47, in main
    load_postgresql(geocoding_df, geocoding_table, if_exists="replace")
    ~~~~~~~~~~~~~~~^^^^^^^^^^^^^^^^^^^^^^^^^^^^^^^^^^^^^^^^^^^^^^^^^^^^
  File "/app/pipeline/loaded/load_postresql.py", line 324, in load_postgresql
    with engine.begin() as connection:
         ~~~~~~~~~~~~^^
  File "/usr/local/lib/python3.14/contextlib.py", line 141, in __enter__
    return next(self.gen)
  File "/usr/local/lib/python3.14/site-packages/sqlalchemy/engine/base.py", line 3224, in begin
    with self.connect() as conn:
         ~~~~~~~~~~~~^^
  File "/usr/local/lib/python3.14/site-packages/sqlalchemy/engine/base.py", line 3260, in connect
    return self._connection_cls(self)
           ~~~~~~~~~~~~~~~~~~~~^^^^^^
  File "/usr/local/lib/python3.14/site-packages/sqlalchemy/engine/base.py", line 151, in __init__
    Connection._handle_dbapi_exception_noconnection(
    ~~~~~~~~~~~~~~~~~~~~~~~~~~~~~~~~~~~~~~~~~~~~~~~^
        err, dialect, engine
        ^^^^^^^^^^^^^^^^^^^^
    )
    ^
  File "/usr/local/lib/python3.14/site-packages/sqlalchemy/engine/base.py", line 2417, in _handle_dbapi_exception_noconnection
    raise sqlalchemy_exception.with_traceback(exc_info[2]) from e
  File "/usr/local/lib/python3.14/site-packages/sqlalchemy/engine/base.py", line 149, in __init__
    self._dbapi_connection = engine.raw_connection()
                             ~~~~~~~~~~~~~~~~~~~~~^^
  File "/usr/local/lib/python3.14/site-packages/sqlalchemy/engine/base.py", line 3284, in raw_connection
    return self.pool.connect()
           ~~~~~~~~~~~~~~~~~^^
  File "/usr/local/lib/python3.14/site-packages/sqlalchemy/pool/base.py", line 445, in connect
    return _ConnectionFairy._checkout(self)
           ~~~~~~~~~~~~~~~~~~~~~~~~~~^^^^^^
  File "/usr/local/lib/python3.14/site-packages/sqlalchemy/pool/base.py", line 1303, in _checkout
    fairy = _ConnectionRecord.checkout(pool)
  File "/usr/local/lib/python3.14/site-packages/sqlalchemy/pool/base.py", line 709, in checkout
    rec = pool._do_get()
  File "/usr/local/lib/python3.14/site-packages/sqlalchemy/pool/impl.py", line 176, in _do_get
    with util.safe_reraise():
         ~~~~~~~~~~~~~~~~~^^
  File "/usr/local/lib/python3.14/site-packages/sqlalchemy/util/langhelpers.py", line 166, in __exit__
    raise exc_value.with_traceback(exc_tb)
  File "/usr/local/lib/python3.14/site-packages/sqlalchemy/pool/impl.py", line 174, in _do_get
    return self._create_connection()
           ~~~~~~~~~~~~~~~~~~~~~~~^^
  File "/usr/local/lib/python3.14/site-packages/sqlalchemy/pool/base.py", line 386, in _create_connection
    return _ConnectionRecord(self)
  File "/usr/local/lib/python3.14/site-packages/sqlalchemy/pool/base.py", line 671, in __init__
    self.__connect()
    ~~~~~~~~~~~~~~^^
  File "/usr/local/lib/python3.14/site-packages/sqlalchemy/pool/base.py", line 906, in __connect
    with util.safe_reraise():
         ~~~~~~~~~~~~~~~~~^^
  File "/usr/local/lib/python3.14/site-packages/sqlalchemy/util/langhelpers.py", line 166, in __exit__
    raise exc_value.with_traceback(exc_tb)
  File "/usr/local/lib/python3.14/site-packages/sqlalchemy/pool/base.py", line 902, in __connect
    self.dbapi_connection = connection = pool._invoke_creator(self)
                                         ~~~~~~~~~~~~~~~~~~~~^^^^^^
  File "/usr/local/lib/python3.14/site-packages/sqlalchemy/engine/create.py", line 645, in connect
    return dialect.connect(*cargs_tup, **cparams)
           ~~~~~~~~~~~~~~~^^^^^^^^^^^^^^^^^^^^^^^
  File "/usr/local/lib/python3.14/site-packages/sqlalchemy/engine/default.py", line 869, in connect
    return self.loaded_dbapi.connect(*cargs, **cparams)  # type: ignore[no-any-return]  # NOQA: E501
           ~~~~~~~~~~~~~~~~~~~~~~~~~^^^^^^^^^^^^^^^^^^^
  File "/usr/local/lib/python3.14/site-packages/psycopg2/__init__.py", line 122, in connect
    conn = _connect(dsn, connection_factory=connection_factory, **kwasync)
sqlalchemy.exc.OperationalError: (psycopg2.OperationalError) connection to server at "host.docker.internal" (192.168.65.254), port 5432 failed: FATAL:  password authentication failed for user "weatherflow"

(Background on this error at: https://sqlalche.me/e/21/e3q8)
2026-10-06 12:42:41,504 | INFO | __main__ | Processing city: Cebu City
2026-10-06 12:42:41,791 | INFO | __main__ | Geocoding extracted for Cebu City
2026-10-06 12:42:41,864 | ERROR | __main__ | Failed to process city: Cebu City
Traceback (most recent call last):
  File "/usr/local/lib/python3.14/site-packages/sqlalchemy/engine/base.py", line 149, in __init__
    self._dbapi_connection = engine.raw_connection()
                             ~~~~~~~~~~~~~~~~~~~~~^^
  File "/usr/local/lib/python3.14/site-packages/sqlalchemy/engine/base.py", line 3284, in raw_connection
    return self.pool.connect()
           ~~~~~~~~~~~~~~~~~^^
  File "/usr/local/lib/python3.14/site-packages/sqlalchemy/pool/base.py", line 445, in connect
    return _ConnectionFairy._checkout(self)
           ~~~~~~~~~~~~~~~~~~~~~~~~~~^^^^^^
  File "/usr/local/lib/python3.14/site-packages/sqlalchemy/pool/base.py", line 1303, in _checkout
    fairy = _ConnectionRecord.checkout(pool)
  File "/usr/local/lib/python3.14/site-packages/sqlalchemy/pool/base.py", line 709, in checkout
    rec = pool._do_get()
  File "/usr/local/lib/python3.14/site-packages/sqlalchemy/pool/impl.py", line 176, in _do_get
    with util.safe_reraise():
         ~~~~~~~~~~~~~~~~~^^
  File "/usr/local/lib/python3.14/site-packages/sqlalchemy/util/langhelpers.py", line 166, in __exit__
    raise exc_value.with_traceback(exc_tb)
  File "/usr/local/lib/python3.14/site-packages/sqlalchemy/pool/impl.py", line 174, in _do_get
    return self._create_connection()
           ~~~~~~~~~~~~~~~~~~~~~~~^^
  File "/usr/local/lib/python3.14/site-packages/sqlalchemy/pool/base.py", line 386, in _create_connection
    return _ConnectionRecord(self)
  File "/usr/local/lib/python3.14/site-packages/sqlalchemy/pool/base.py", line 671, in __init__
    self.__connect()
    ~~~~~~~~~~~~~~^^
  File "/usr/local/lib/python3.14/site-packages/sqlalchemy/pool/base.py", line 906, in __connect
    with util.safe_reraise():
         ~~~~~~~~~~~~~~~~~^^
  File "/usr/local/lib/python3.14/site-packages/sqlalchemy/util/langhelpers.py", line 166, in __exit__
    raise exc_value.with_traceback(exc_tb)
  File "/usr/local/lib/python3.14/site-packages/sqlalchemy/pool/base.py", line 902, in __connect
    self.dbapi_connection = connection = pool._invoke_creator(self)
                                         ~~~~~~~~~~~~~~~~~~~~^^^^^^
  File "/usr/local/lib/python3.14/site-packages/sqlalchemy/engine/create.py", line 645, in connect
    return dialect.connect(*cargs_tup, **cparams)
           ~~~~~~~~~~~~~~~^^^^^^^^^^^^^^^^^^^^^^^
  File "/usr/local/lib/python3.14/site-packages/sqlalchemy/engine/default.py", line 869, in connect
    return self.loaded_dbapi.connect(*cargs, **cparams)  # type: ignore[no-any-return]  # NOQA: E501
           ~~~~~~~~~~~~~~~~~~~~~~~~~^^^^^^^^^^^^^^^^^^^
  File "/usr/local/lib/python3.14/site-packages/psycopg2/__init__.py", line 122, in connect
    conn = _connect(dsn, connection_factory=connection_factory, **kwasync)
psycopg2.OperationalError: connection to server at "host.docker.internal" (192.168.65.254), port 5432 failed: FATAL:  password authentication failed for user "weatherflow"


The above exception was the direct cause of the following exception:

Traceback (most recent call last):
  File "/app/pipeline/main.py", line 47, in main
    load_postgresql(geocoding_df, geocoding_table, if_exists="replace")
    ~~~~~~~~~~~~~~~^^^^^^^^^^^^^^^^^^^^^^^^^^^^^^^^^^^^^^^^^^^^^^^^^^^^
  File "/app/pipeline/loaded/load_postresql.py", line 324, in load_postgresql
    with engine.begin() as connection:
         ~~~~~~~~~~~~^^
  File "/usr/local/lib/python3.14/contextlib.py", line 141, in __enter__
    return next(self.gen)
  File "/usr/local/lib/python3.14/site-packages/sqlalchemy/engine/base.py", line 3224, in begin
    with self.connect() as conn:
         ~~~~~~~~~~~~^^
  File "/usr/local/lib/python3.14/site-packages/sqlalchemy/engine/base.py", line 3260, in connect
    return self._connection_cls(self)
           ~~~~~~~~~~~~~~~~~~~~^^^^^^
  File "/usr/local/lib/python3.14/site-packages/sqlalchemy/engine/base.py", line 151, in __init__
    Connection._handle_dbapi_exception_noconnection(
    ~~~~~~~~~~~~~~~~~~~~~~~~~~~~~~~~~~~~~~~~~~~~~~~^
        err, dialect, engine
        ^^^^^^^^^^^^^^^^^^^^
    )
    ^
  File "/usr/local/lib/python3.14/site-packages/sqlalchemy/engine/base.py", line 2417, in _handle_dbapi_exception_noconnection
    raise sqlalchemy_exception.with_traceback(exc_info[2]) from e
  File "/usr/local/lib/python3.14/site-packages/sqlalchemy/engine/base.py", line 149, in __init__
    self._dbapi_connection = engine.raw_connection()
                             ~~~~~~~~~~~~~~~~~~~~~^^
  File "/usr/local/lib/python3.14/site-packages/sqlalchemy/engine/base.py", line 3284, in raw_connection
    return self.pool.connect()
           ~~~~~~~~~~~~~~~~~^^
  File "/usr/local/lib/python3.14/site-packages/sqlalchemy/pool/base.py", line 445, in connect
    return _ConnectionFairy._checkout(self)
           ~~~~~~~~~~~~~~~~~~~~~~~~~~^^^^^^
  File "/usr/local/lib/python3.14/site-packages/sqlalchemy/pool/base.py", line 1303, in _checkout
    fairy = _ConnectionRecord.checkout(pool)
  File "/usr/local/lib/python3.14/site-packages/sqlalchemy/pool/base.py", line 709, in checkout
    rec = pool._do_get()
  File "/usr/local/lib/python3.14/site-packages/sqlalchemy/pool/impl.py", line 176, in _do_get
    with util.safe_reraise():
         ~~~~~~~~~~~~~~~~~^^
  File "/usr/local/lib/python3.14/site-packages/sqlalchemy/util/langhelpers.py", line 166, in __exit__
    raise exc_value.with_traceback(exc_tb)
  File "/usr/local/lib/python3.14/site-packages/sqlalchemy/pool/impl.py", line 174, in _do_get
    return self._create_connection()
           ~~~~~~~~~~~~~~~~~~~~~~~^^
  File "/usr/local/lib/python3.14/site-packages/sqlalchemy/pool/base.py", line 386, in _create_connection
    return _ConnectionRecord(self)
  File "/usr/local/lib/python3.14/site-packages/sqlalchemy/pool/base.py", line 671, in __init__
    self.__connect()
    ~~~~~~~~~~~~~~^^
  File "/usr/local/lib/python3.14/site-packages/sqlalchemy/pool/base.py", line 906, in __connect
    with util.safe_reraise():
         ~~~~~~~~~~~~~~~~~^^
  File "/usr/local/lib/python3.14/site-packages/sqlalchemy/util/langhelpers.py", line 166, in __exit__
    raise exc_value.with_traceback(exc_tb)
  File "/usr/local/lib/python3.14/site-packages/sqlalchemy/pool/base.py", line 902, in __connect
    self.dbapi_connection = connection = pool._invoke_creator(self)
                                         ~~~~~~~~~~~~~~~~~~~~^^^^^^
  File "/usr/local/lib/python3.14/site-packages/sqlalchemy/engine/create.py", line 645, in connect
    return dialect.connect(*cargs_tup, **cparams)
           ~~~~~~~~~~~~~~~^^^^^^^^^^^^^^^^^^^^^^^
  File "/usr/local/lib/python3.14/site-packages/sqlalchemy/engine/default.py", line 869, in connect
    return self.loaded_dbapi.connect(*cargs, **cparams)  # type: ignore[no-any-return]  # NOQA: E501
           ~~~~~~~~~~~~~~~~~~~~~~~~~^^^^^^^^^^^^^^^^^^^
  File "/usr/local/lib/python3.14/site-packages/psycopg2/__init__.py", line 122, in connect
    conn = _connect(dsn, connection_factory=connection_factory, **kwasync)
sqlalchemy.exc.OperationalError: (psycopg2.OperationalError) connection to server at "host.docker.internal" (192.168.65.254), port 5432 failed: FATAL:  password authentication failed for user "weatherflow"

(Background on this error at: https://sqlalche.me/e/21/e3q8)
2026-10-06 12:42:41,870 | INFO | __main__ | Processing city: Davao City
2026-10-06 12:42:42,087 | INFO | __main__ | Geocoding extracted for Davao City
2026-10-06 12:42:42,157 | ERROR | __main__ | Failed to process city: Davao City
Traceback (most recent call last):
  File "/usr/local/lib/python3.14/site-packages/sqlalchemy/engine/base.py", line 149, in __init__
    self._dbapi_connection = engine.raw_connection()
                             ~~~~~~~~~~~~~~~~~~~~~^^
  File "/usr/local/lib/python3.14/site-packages/sqlalchemy/engine/base.py", line 3284, in raw_connection
    return self.pool.connect()
           ~~~~~~~~~~~~~~~~~^^
  File "/usr/local/lib/python3.14/site-packages/sqlalchemy/pool/base.py", line 445, in connect
    return _ConnectionFairy._checkout(self)
           ~~~~~~~~~~~~~~~~~~~~~~~~~~^^^^^^
  File "/usr/local/lib/python3.14/site-packages/sqlalchemy/pool/base.py", line 1303, in _checkout
    fairy = _ConnectionRecord.checkout(pool)
  File "/usr/local/lib/python3.14/site-packages/sqlalchemy/pool/base.py", line 709, in checkout
    rec = pool._do_get()
  File "/usr/local/lib/python3.14/site-packages/sqlalchemy/pool/impl.py", line 176, in _do_get
    with util.safe_reraise():
         ~~~~~~~~~~~~~~~~~^^
  File "/usr/local/lib/python3.14/site-packages/sqlalchemy/util/langhelpers.py", line 166, in __exit__
    raise exc_value.with_traceback(exc_tb)
  File "/usr/local/lib/python3.14/site-packages/sqlalchemy/pool/impl.py", line 174, in _do_get
    return self._create_connection()
           ~~~~~~~~~~~~~~~~~~~~~~~^^
  File "/usr/local/lib/python3.14/site-packages/sqlalchemy/pool/base.py", line 386, in _create_connection
    return _ConnectionRecord(self)
  File "/usr/local/lib/python3.14/site-packages/sqlalchemy/pool/base.py", line 671, in __init__
    self.__connect()
    ~~~~~~~~~~~~~~^^
  File "/usr/local/lib/python3.14/site-packages/sqlalchemy/pool/base.py", line 906, in __connect
    with util.safe_reraise():
         ~~~~~~~~~~~~~~~~~^^
  File "/usr/local/lib/python3.14/site-packages/sqlalchemy/util/langhelpers.py", line 166, in __exit__
    raise exc_value.with_traceback(exc_tb)
  File "/usr/local/lib/python3.14/site-packages/sqlalchemy/pool/base.py", line 902, in __connect
    self.dbapi_connection = connection = pool._invoke_creator(self)
                                         ~~~~~~~~~~~~~~~~~~~~^^^^^^
  File "/usr/local/lib/python3.14/site-packages/sqlalchemy/engine/create.py", line 645, in connect
    return dialect.connect(*cargs_tup, **cparams)
           ~~~~~~~~~~~~~~~^^^^^^^^^^^^^^^^^^^^^^^
  File "/usr/local/lib/python3.14/site-packages/sqlalchemy/engine/default.py", line 869, in connect
    return self.loaded_dbapi.connect(*cargs, **cparams)  # type: ignore[no-any-return]  # NOQA: E501
           ~~~~~~~~~~~~~~~~~~~~~~~~~^^^^^^^^^^^^^^^^^^^
  File "/usr/local/lib/python3.14/site-packages/psycopg2/__init__.py", line 122, in connect
    conn = _connect(dsn, connection_factory=connection_factory, **kwasync)
psycopg2.OperationalError: connection to server at "host.docker.internal" (192.168.65.254), port 5432 failed: FATAL:  password authentication failed for user "weatherflow"


The above exception was the direct cause of the following exception:

Traceback (most recent call last):
  File "/app/pipeline/main.py", line 47, in main
    load_postgresql(geocoding_df, geocoding_table, if_exists="replace")
    ~~~~~~~~~~~~~~~^^^^^^^^^^^^^^^^^^^^^^^^^^^^^^^^^^^^^^^^^^^^^^^^^^^^
  File "/app/pipeline/loaded/load_postresql.py", line 324, in load_postgresql
    with engine.begin() as connection:
         ~~~~~~~~~~~~^^
  File "/usr/local/lib/python3.14/contextlib.py", line 141, in __enter__
    return next(self.gen)
  File "/usr/local/lib/python3.14/site-packages/sqlalchemy/engine/base.py", line 3224, in begin
    with self.connect() as conn:
         ~~~~~~~~~~~~^^
  File "/usr/local/lib/python3.14/site-packages/sqlalchemy/engine/base.py", line 3260, in connect
    return self._connection_cls(self)
           ~~~~~~~~~~~~~~~~~~~~^^^^^^
  File "/usr/local/lib/python3.14/site-packages/sqlalchemy/engine/base.py", line 151, in __init__
    Connection._handle_dbapi_exception_noconnection(
    ~~~~~~~~~~~~~~~~~~~~~~~~~~~~~~~~~~~~~~~~~~~~~~~^
        err, dialect, engine
        ^^^^^^^^^^^^^^^^^^^^
    )
    ^
  File "/usr/local/lib/python3.14/site-packages/sqlalchemy/engine/base.py", line 2417, in _handle_dbapi_exception_noconnection
    raise sqlalchemy_exception.with_traceback(exc_info[2]) from e
  File "/usr/local/lib/python3.14/site-packages/sqlalchemy/engine/base.py", line 149, in __init__
    self._dbapi_connection = engine.raw_connection()
                             ~~~~~~~~~~~~~~~~~~~~~^^
  File "/usr/local/lib/python3.14/site-packages/sqlalchemy/engine/base.py", line 3284, in raw_connection
    return self.pool.connect()
           ~~~~~~~~~~~~~~~~~^^
  File "/usr/local/lib/python3.14/site-packages/sqlalchemy/pool/base.py", line 445, in connect
    return _ConnectionFairy._checkout(self)
           ~~~~~~~~~~~~~~~~~~~~~~~~~~^^^^^^
  File "/usr/local/lib/python3.14/site-packages/sqlalchemy/pool/base.py", line 1303, in _checkout
    fairy = _ConnectionRecord.checkout(pool)
  File "/usr/local/lib/python3.14/site-packages/sqlalchemy/pool/base.py", line 709, in checkout
    rec = pool._do_get()
  File "/usr/local/lib/python3.14/site-packages/sqlalchemy/pool/impl.py", line 176, in _do_get
    with util.safe_reraise():
         ~~~~~~~~~~~~~~~~~^^
  File "/usr/local/lib/python3.14/site-packages/sqlalchemy/util/langhelpers.py", line 166, in __exit__
    raise exc_value.with_traceback(exc_tb)
  File "/usr/local/lib/python3.14/site-packages/sqlalchemy/pool/impl.py", line 174, in _do_get
    return self._create_connection()
           ~~~~~~~~~~~~~~~~~~~~~~~^^
  File "/usr/local/lib/python3.14/site-packages/sqlalchemy/pool/base.py", line 386, in _create_connection
    return _ConnectionRecord(self)
  File "/usr/local/lib/python3.14/site-packages/sqlalchemy/pool/base.py", line 671, in __init__
    self.__connect()
    ~~~~~~~~~~~~~~^^
  File "/usr/local/lib/python3.14/site-packages/sqlalchemy/pool/base.py", line 906, in __connect
    with util.safe_reraise():
         ~~~~~~~~~~~~~~~~~^^
  File "/usr/local/lib/python3.14/site-packages/sqlalchemy/util/langhelpers.py", line 166, in __exit__
    raise exc_value.with_traceback(exc_tb)
  File "/usr/local/lib/python3.14/site-packages/sqlalchemy/pool/base.py", line 902, in __connect
    self.dbapi_connection = connection = pool._invoke_creator(self)
                                         ~~~~~~~~~~~~~~~~~~~~^^^^^^
  File "/usr/local/lib/python3.14/site-packages/sqlalchemy/engine/create.py", line 645, in connect
    return dialect.connect(*cargs_tup, **cparams)
           ~~~~~~~~~~~~~~~^^^^^^^^^^^^^^^^^^^^^^^
  File "/usr/local/lib/python3.14/site-packages/sqlalchemy/engine/default.py", line 869, in connect
    return self.loaded_dbapi.connect(*cargs, **cparams)  # type: ignore[no-any-return]  # NOQA: E501
           ~~~~~~~~~~~~~~~~~~~~~~~~~^^^^^^^^^^^^^^^^^^^
  File "/usr/local/lib/python3.14/site-packages/psycopg2/__init__.py", line 122, in connect
    conn = _connect(dsn, connection_factory=connection_factory, **kwasync)
sqlalchemy.exc.OperationalError: (psycopg2.OperationalError) connection to server at "host.docker.internal" (192.168.65.254), port 5432 failed: FATAL:  password authentication failed for user "weatherflow"

(Background on this error at: https://sqlalche.me/e/21/e3q8)
2026-10-06 12:42:42,163 | INFO | __main__ | Processing city: Baguio
2026-10-06 12:42:42,425 | INFO | __main__ | Geocoding extracted for Baguio
2026-10-06 12:42:42,541 | ERROR | __main__ | Failed to process city: Baguio
Traceback (most recent call last):
  File "/usr/local/lib/python3.14/site-packages/sqlalchemy/engine/base.py", line 149, in __init__
    self._dbapi_connection = engine.raw_connection()
                             ~~~~~~~~~~~~~~~~~~~~~^^
  File "/usr/local/lib/python3.14/site-packages/sqlalchemy/engine/base.py", line 3284, in raw_connection
    return self.pool.connect()
           ~~~~~~~~~~~~~~~~~^^
  File "/usr/local/lib/python3.14/site-packages/sqlalchemy/pool/base.py", line 445, in connect
    return _ConnectionFairy._checkout(self)
           ~~~~~~~~~~~~~~~~~~~~~~~~~~^^^^^^
  File "/usr/local/lib/python3.14/site-packages/sqlalchemy/pool/base.py", line 1303, in _checkout
    fairy = _ConnectionRecord.checkout(pool)
  File "/usr/local/lib/python3.14/site-packages/sqlalchemy/pool/base.py", line 709, in checkout
    rec = pool._do_get()
  File "/usr/local/lib/python3.14/site-packages/sqlalchemy/pool/impl.py", line 176, in _do_get
    with util.safe_reraise():
         ~~~~~~~~~~~~~~~~~^^
  File "/usr/local/lib/python3.14/site-packages/sqlalchemy/util/langhelpers.py", line 166, in __exit__
    raise exc_value.with_traceback(exc_tb)
  File "/usr/local/lib/python3.14/site-packages/sqlalchemy/pool/impl.py", line 174, in _do_get
    return self._create_connection()
           ~~~~~~~~~~~~~~~~~~~~~~~^^
  File "/usr/local/lib/python3.14/site-packages/sqlalchemy/pool/base.py", line 386, in _create_connection
    return _ConnectionRecord(self)
  File "/usr/local/lib/python3.14/site-packages/sqlalchemy/pool/base.py", line 671, in __init__
    self.__connect()
    ~~~~~~~~~~~~~~^^
  File "/usr/local/lib/python3.14/site-packages/sqlalchemy/pool/base.py", line 906, in __connect
    with util.safe_reraise():
         ~~~~~~~~~~~~~~~~~^^
  File "/usr/local/lib/python3.14/site-packages/sqlalchemy/util/langhelpers.py", line 166, in __exit__
    raise exc_value.with_traceback(exc_tb)
  File "/usr/local/lib/python3.14/site-packages/sqlalchemy/pool/base.py", line 902, in __connect
    self.dbapi_connection = connection = pool._invoke_creator(self)
                                         ~~~~~~~~~~~~~~~~~~~~^^^^^^
  File "/usr/local/lib/python3.14/site-packages/sqlalchemy/engine/create.py", line 645, in connect
    return dialect.connect(*cargs_tup, **cparams)
           ~~~~~~~~~~~~~~~^^^^^^^^^^^^^^^^^^^^^^^
  File "/usr/local/lib/python3.14/site-packages/sqlalchemy/engine/default.py", line 869, in connect
    return self.loaded_dbapi.connect(*cargs, **cparams)  # type: ignore[no-any-return]  # NOQA: E501
           ~~~~~~~~~~~~~~~~~~~~~~~~~^^^^^^^^^^^^^^^^^^^
  File "/usr/local/lib/python3.14/site-packages/psycopg2/__init__.py", line 122, in connect
    conn = _connect(dsn, connection_factory=connection_factory, **kwasync)
psycopg2.OperationalError: connection to server at "host.docker.internal" (192.168.65.254), port 5432 failed: FATAL:  password authentication failed for user "weatherflow"


The above exception was the direct cause of the following exception:

Traceback (most recent call last):
  File "/app/pipeline/main.py", line 47, in main
    load_postgresql(geocoding_df, geocoding_table, if_exists="replace")
    ~~~~~~~~~~~~~~~^^^^^^^^^^^^^^^^^^^^^^^^^^^^^^^^^^^^^^^^^^^^^^^^^^^^
  File "/app/pipeline/loaded/load_postresql.py", line 324, in load_postgresql
    with engine.begin() as connection:
         ~~~~~~~~~~~~^^
  File "/usr/local/lib/python3.14/contextlib.py", line 141, in __enter__
    return next(self.gen)
  File "/usr/local/lib/python3.14/site-packages/sqlalchemy/engine/base.py", line 3224, in begin
    with self.connect() as conn:
         ~~~~~~~~~~~~^^
  File "/usr/local/lib/python3.14/site-packages/sqlalchemy/engine/base.py", line 3260, in connect
    return self._connection_cls(self)
           ~~~~~~~~~~~~~~~~~~~~^^^^^^
  File "/usr/local/lib/python3.14/site-packages/sqlalchemy/engine/base.py", line 151, in __init__
    Connection._handle_dbapi_exception_noconnection(
    ~~~~~~~~~~~~~~~~~~~~~~~~~~~~~~~~~~~~~~~~~~~~~~~^
        err, dialect, engine
        ^^^^^^^^^^^^^^^^^^^^
    )
    ^
  File "/usr/local/lib/python3.14/site-packages/sqlalchemy/engine/base.py", line 2417, in _handle_dbapi_exception_noconnection
    raise sqlalchemy_exception.with_traceback(exc_info[2]) from e
  File "/usr/local/lib/python3.14/site-packages/sqlalchemy/engine/base.py", line 149, in __init__
    self._dbapi_connection = engine.raw_connection()
                             ~~~~~~~~~~~~~~~~~~~~~^^
  File "/usr/local/lib/python3.14/site-packages/sqlalchemy/engine/base.py", line 3284, in raw_connection
    return self.pool.connect()
           ~~~~~~~~~~~~~~~~~^^
  File "/usr/local/lib/python3.14/site-packages/sqlalchemy/pool/base.py", line 445, in connect
    return _ConnectionFairy._checkout(self)
           ~~~~~~~~~~~~~~~~~~~~~~~~~~^^^^^^
  File "/usr/local/lib/python3.14/site-packages/sqlalchemy/pool/base.py", line 1303, in _checkout
    fairy = _ConnectionRecord.checkout(pool)
  File "/usr/local/lib/python3.14/site-packages/sqlalchemy/pool/base.py", line 709, in checkout
    rec = pool._do_get()
  File "/usr/local/lib/python3.14/site-packages/sqlalchemy/pool/impl.py", line 176, in _do_get
    with util.safe_reraise():
         ~~~~~~~~~~~~~~~~~^^
  File "/usr/local/lib/python3.14/site-packages/sqlalchemy/util/langhelpers.py", line 166, in __exit__
    raise exc_value.with_traceback(exc_tb)
  File "/usr/local/lib/python3.14/site-packages/sqlalchemy/pool/impl.py", line 174, in _do_get
    return self._create_connection()
           ~~~~~~~~~~~~~~~~~~~~~~~^^
  File "/usr/local/lib/python3.14/site-packages/sqlalchemy/pool/base.py", line 386, in _create_connection
    return _ConnectionRecord(self)
  File "/usr/local/lib/python3.14/site-packages/sqlalchemy/pool/base.py", line 671, in __init__
    self.__connect()
    ~~~~~~~~~~~~~~^^
  File "/usr/local/lib/python3.14/site-packages/sqlalchemy/pool/base.py", line 906, in __connect
    with util.safe_reraise():
         ~~~~~~~~~~~~~~~~~^^
  File "/usr/local/lib/python3.14/site-packages/sqlalchemy/util/langhelpers.py", line 166, in __exit__
    raise exc_value.with_traceback(exc_tb)
  File "/usr/local/lib/python3.14/site-packages/sqlalchemy/pool/base.py", line 902, in __connect
    self.dbapi_connection = connection = pool._invoke_creator(self)
                                         ~~~~~~~~~~~~~~~~~~~~^^^^^^
  File "/usr/local/lib/python3.14/site-packages/sqlalchemy/engine/create.py", line 645, in connect
    return dialect.connect(*cargs_tup, **cparams)
           ~~~~~~~~~~~~~~~^^^^^^^^^^^^^^^^^^^^^^^
  File "/usr/local/lib/python3.14/site-packages/sqlalchemy/engine/default.py", line 869, in connect
    return self.loaded_dbapi.connect(*cargs, **cparams)  # type: ignore[no-any-return]  # NOQA: E501
           ~~~~~~~~~~~~~~~~~~~~~~~~~^^^^^^^^^^^^^^^^^^^
  File "/usr/local/lib/python3.14/site-packages/psycopg2/__init__.py", line 122, in connect
    conn = _connect(dsn, connection_factory=connection_factory, **kwasync)
sqlalchemy.exc.OperationalError: (psycopg2.OperationalError) connection to server at "host.docker.internal" (192.168.65.254), port 5432 failed: FATAL:  password authentication failed for user "weatherflow"

(Background on this error at: https://sqlalche.me/e/21/e3q8)
2026-10-06 12:42:42,549 | INFO | __main__ | Processing city: Iloilo City
2026-10-06 12:42:42,814 | INFO | __main__ | Geocoding extracted for Iloilo City
2026-10-06 12:42:42,868 | ERROR | __main__ | Failed to process city: Iloilo City
Traceback (most recent call last):
  File "/usr/local/lib/python3.14/site-packages/sqlalchemy/engine/base.py", line 149, in __init__
    self._dbapi_connection = engine.raw_connection()
                             ~~~~~~~~~~~~~~~~~~~~~^^
  File "/usr/local/lib/python3.14/site-packages/sqlalchemy/engine/base.py", line 3284, in raw_connection
    return self.pool.connect()
           ~~~~~~~~~~~~~~~~~^^
  File "/usr/local/lib/python3.14/site-packages/sqlalchemy/pool/base.py", line 445, in connect
    return _ConnectionFairy._checkout(self)
           ~~~~~~~~~~~~~~~~~~~~~~~~~~^^^^^^
  File "/usr/local/lib/python3.14/site-packages/sqlalchemy/pool/base.py", line 1303, in _checkout
    fairy = _ConnectionRecord.checkout(pool)
  File "/usr/local/lib/python3.14/site-packages/sqlalchemy/pool/base.py", line 709, in checkout
    rec = pool._do_get()
  File "/usr/local/lib/python3.14/site-packages/sqlalchemy/pool/impl.py", line 176, in _do_get
    with util.safe_reraise():
         ~~~~~~~~~~~~~~~~~^^
  File "/usr/local/lib/python3.14/site-packages/sqlalchemy/util/langhelpers.py", line 166, in __exit__
    raise exc_value.with_traceback(exc_tb)
  File "/usr/local/lib/python3.14/site-packages/sqlalchemy/pool/impl.py", line 174, in _do_get
    return self._create_connection()
           ~~~~~~~~~~~~~~~~~~~~~~~^^
  File "/usr/local/lib/python3.14/site-packages/sqlalchemy/pool/base.py", line 386, in _create_connection
    return _ConnectionRecord(self)
  File "/usr/local/lib/python3.14/site-packages/sqlalchemy/pool/base.py", line 671, in __init__
    self.__connect()
    ~~~~~~~~~~~~~~^^
  File "/usr/local/lib/python3.14/site-packages/sqlalchemy/pool/base.py", line 906, in __connect
    with util.safe_reraise():
         ~~~~~~~~~~~~~~~~~^^
  File "/usr/local/lib/python3.14/site-packages/sqlalchemy/util/langhelpers.py", line 166, in __exit__
    raise exc_value.with_traceback(exc_tb)
  File "/usr/local/lib/python3.14/site-packages/sqlalchemy/pool/base.py", line 902, in __connect
    self.dbapi_connection = connection = pool._invoke_creator(self)
                                         ~~~~~~~~~~~~~~~~~~~~^^^^^^
  File "/usr/local/lib/python3.14/site-packages/sqlalchemy/engine/create.py", line 645, in connect
    return dialect.connect(*cargs_tup, **cparams)
           ~~~~~~~~~~~~~~~^^^^^^^^^^^^^^^^^^^^^^^
  File "/usr/local/lib/python3.14/site-packages/sqlalchemy/engine/default.py", line 869, in connect
    return self.loaded_dbapi.connect(*cargs, **cparams)  # type: ignore[no-any-return]  # NOQA: E501
           ~~~~~~~~~~~~~~~~~~~~~~~~~^^^^^^^^^^^^^^^^^^^
  File "/usr/local/lib/python3.14/site-packages/psycopg2/__init__.py", line 122, in connect
    conn = _connect(dsn, connection_factory=connection_factory, **kwasync)
psycopg2.OperationalError: connection to server at "host.docker.internal" (192.168.65.254), port 5432 failed: FATAL:  password authentication failed for user "weatherflow"


The above exception was the direct cause of the following exception:

Traceback (most recent call last):
  File "/app/pipeline/main.py", line 47, in main
    load_postgresql(geocoding_df, geocoding_table, if_exists="replace")
    ~~~~~~~~~~~~~~~^^^^^^^^^^^^^^^^^^^^^^^^^^^^^^^^^^^^^^^^^^^^^^^^^^^^
  File "/app/pipeline/loaded/load_postresql.py", line 324, in load_postgresql
    with engine.begin() as connection:
         ~~~~~~~~~~~~^^
  File "/usr/local/lib/python3.14/contextlib.py", line 141, in __enter__
    return next(self.gen)
  File "/usr/local/lib/python3.14/site-packages/sqlalchemy/engine/base.py", line 3224, in begin
    with self.connect() as conn:
         ~~~~~~~~~~~~^^
  File "/usr/local/lib/python3.14/site-packages/sqlalchemy/engine/base.py", line 3260, in connect
    return self._connection_cls(self)
           ~~~~~~~~~~~~~~~~~~~~^^^^^^
  File "/usr/local/lib/python3.14/site-packages/sqlalchemy/engine/base.py", line 151, in __init__
    Connection._handle_dbapi_exception_noconnection(
    ~~~~~~~~~~~~~~~~~~~~~~~~~~~~~~~~~~~~~~~~~~~~~~~^
        err, dialect, engine
        ^^^^^^^^^^^^^^^^^^^^
    )
    ^
  File "/usr/local/lib/python3.14/site-packages/sqlalchemy/engine/base.py", line 2417, in _handle_dbapi_exception_noconnection
    raise sqlalchemy_exception.with_traceback(exc_info[2]) from e
  File "/usr/local/lib/python3.14/site-packages/sqlalchemy/engine/base.py", line 149, in __init__
    self._dbapi_connection = engine.raw_connection()
                             ~~~~~~~~~~~~~~~~~~~~~^^
  File "/usr/local/lib/python3.14/site-packages/sqlalchemy/engine/base.py", line 3284, in raw_connection
    return self.pool.connect()
           ~~~~~~~~~~~~~~~~~^^
  File "/usr/local/lib/python3.14/site-packages/sqlalchemy/pool/base.py", line 445, in connect
    return _ConnectionFairy._checkout(self)
           ~~~~~~~~~~~~~~~~~~~~~~~~~~^^^^^^
  File "/usr/local/lib/python3.14/site-packages/sqlalchemy/pool/base.py", line 1303, in _checkout
    fairy = _ConnectionRecord.checkout(pool)
  File "/usr/local/lib/python3.14/site-packages/sqlalchemy/pool/base.py", line 709, in checkout
    rec = pool._do_get()
  File "/usr/local/lib/python3.14/site-packages/sqlalchemy/pool/impl.py", line 176, in _do_get
    with util.safe_reraise():
         ~~~~~~~~~~~~~~~~~^^
  File "/usr/local/lib/python3.14/site-packages/sqlalchemy/util/langhelpers.py", line 166, in __exit__
    raise exc_value.with_traceback(exc_tb)
  File "/usr/local/lib/python3.14/site-packages/sqlalchemy/pool/impl.py", line 174, in _do_get
    return self._create_connection()
           ~~~~~~~~~~~~~~~~~~~~~~~^^
  File "/usr/local/lib/python3.14/site-packages/sqlalchemy/pool/base.py", line 386, in _create_connection
    return _ConnectionRecord(self)
  File "/usr/local/lib/python3.14/site-packages/sqlalchemy/pool/base.py", line 671, in __init__
    self.__connect()
    ~~~~~~~~~~~~~~^^
  File "/usr/local/lib/python3.14/site-packages/sqlalchemy/pool/base.py", line 906, in __connect
    with util.safe_reraise():
         ~~~~~~~~~~~~~~~~~^^
  File "/usr/local/lib/python3.14/site-packages/sqlalchemy/util/langhelpers.py", line 166, in __exit__
    raise exc_value.with_traceback(exc_tb)
  File "/usr/local/lib/python3.14/site-packages/sqlalchemy/pool/base.py", line 902, in __connect
    self.dbapi_connection = connection = pool._invoke_creator(self)
                                         ~~~~~~~~~~~~~~~~~~~~^^^^^^
  File "/usr/local/lib/python3.14/site-packages/sqlalchemy/engine/create.py", line 645, in connect
    return dialect.connect(*cargs_tup, **cparams)
           ~~~~~~~~~~~~~~~^^^^^^^^^^^^^^^^^^^^^^^
  File "/usr/local/lib/python3.14/site-packages/sqlalchemy/engine/default.py", line 869, in connect
    return self.loaded_dbapi.connect(*cargs, **cparams)  # type: ignore[no-any-return]  # NOQA: E501
           ~~~~~~~~~~~~~~~~~~~~~~~~~^^^^^^^^^^^^^^^^^^^
  File "/usr/local/lib/python3.14/site-packages/psycopg2/__init__.py", line 122, in connect
    conn = _connect(dsn, connection_factory=connection_factory, **kwasync)
sqlalchemy.exc.OperationalError: (psycopg2.OperationalError) connection to server at "host.docker.internal" (192.168.65.254), port 5432 failed: FATAL:  password authentication failed for user "weatherflow"

(Background on this error at: https://sqlalche.me/e/21/e3q8)
2026-10-06 12:42:42,873 | INFO | __main__ | Processing city: Cagayan de Oro
2026-10-06 12:42:43,120 | INFO | __main__ | Geocoding extracted for Cagayan de Oro
2026-10-06 12:42:43,224 | ERROR | __main__ | Failed to process city: Cagayan de Oro
Traceback (most recent call last):
  File "/usr/local/lib/python3.14/site-packages/sqlalchemy/engine/base.py", line 149, in __init__
    self._dbapi_connection = engine.raw_connection()
                             ~~~~~~~~~~~~~~~~~~~~~^^
  File "/usr/local/lib/python3.14/site-packages/sqlalchemy/engine/base.py", line 3284, in raw_connection
    return self.pool.connect()
           ~~~~~~~~~~~~~~~~~^^
  File "/usr/local/lib/python3.14/site-packages/sqlalchemy/pool/base.py", line 445, in connect
    return _ConnectionFairy._checkout(self)
           ~~~~~~~~~~~~~~~~~~~~~~~~~~^^^^^^
  File "/usr/local/lib/python3.14/site-packages/sqlalchemy/pool/base.py", line 1303, in _checkout
    fairy = _ConnectionRecord.checkout(pool)
  File "/usr/local/lib/python3.14/site-packages/sqlalchemy/pool/base.py", line 709, in checkout
    rec = pool._do_get()
  File "/usr/local/lib/python3.14/site-packages/sqlalchemy/pool/impl.py", line 176, in _do_get
    with util.safe_reraise():
         ~~~~~~~~~~~~~~~~~^^
  File "/usr/local/lib/python3.14/site-packages/sqlalchemy/util/langhelpers.py", line 166, in __exit__
    raise exc_value.with_traceback(exc_tb)
  File "/usr/local/lib/python3.14/site-packages/sqlalchemy/pool/impl.py", line 174, in _do_get
    return self._create_connection()
           ~~~~~~~~~~~~~~~~~~~~~~~^^
  File "/usr/local/lib/python3.14/site-packages/sqlalchemy/pool/base.py", line 386, in _create_connection
    return _ConnectionRecord(self)
  File "/usr/local/lib/python3.14/site-packages/sqlalchemy/pool/base.py", line 671, in __init__
    self.__connect()
    ~~~~~~~~~~~~~~^^
  File "/usr/local/lib/python3.14/site-packages/sqlalchemy/pool/base.py", line 906, in __connect
    with util.safe_reraise():
         ~~~~~~~~~~~~~~~~~^^
  File "/usr/local/lib/python3.14/site-packages/sqlalchemy/util/langhelpers.py", line 166, in __exit__
    raise exc_value.with_traceback(exc_tb)
  File "/usr/local/lib/python3.14/site-packages/sqlalchemy/pool/base.py", line 902, in __connect
    self.dbapi_connection = connection = pool._invoke_creator(self)
                                         ~~~~~~~~~~~~~~~~~~~~^^^^^^
  File "/usr/local/lib/python3.14/site-packages/sqlalchemy/engine/create.py", line 645, in connect
    return dialect.connect(*cargs_tup, **cparams)
           ~~~~~~~~~~~~~~~^^^^^^^^^^^^^^^^^^^^^^^
  File "/usr/local/lib/python3.14/site-packages/sqlalchemy/engine/default.py", line 869, in connect
    return self.loaded_dbapi.connect(*cargs, **cparams)  # type: ignore[no-any-return]  # NOQA: E501
           ~~~~~~~~~~~~~~~~~~~~~~~~~^^^^^^^^^^^^^^^^^^^
  File "/usr/local/lib/python3.14/site-packages/psycopg2/__init__.py", line 122, in connect
    conn = _connect(dsn, connection_factory=connection_factory, **kwasync)
psycopg2.OperationalError: connection to server at "host.docker.internal" (192.168.65.254), port 5432 failed: FATAL:  password authentication failed for user "weatherflow"


The above exception was the direct cause of the following exception:

Traceback (most recent call last):
  File "/app/pipeline/main.py", line 47, in main
    load_postgresql(geocoding_df, geocoding_table, if_exists="replace")
    ~~~~~~~~~~~~~~~^^^^^^^^^^^^^^^^^^^^^^^^^^^^^^^^^^^^^^^^^^^^^^^^^^^^
  File "/app/pipeline/loaded/load_postresql.py", line 324, in load_postgresql
    with engine.begin() as connection:
         ~~~~~~~~~~~~^^
  File "/usr/local/lib/python3.14/contextlib.py", line 141, in __enter__
    return next(self.gen)
  File "/usr/local/lib/python3.14/site-packages/sqlalchemy/engine/base.py", line 3224, in begin
    with self.connect() as conn:
         ~~~~~~~~~~~~^^
  File "/usr/local/lib/python3.14/site-packages/sqlalchemy/engine/base.py", line 3260, in connect
    return self._connection_cls(self)
           ~~~~~~~~~~~~~~~~~~~~^^^^^^
  File "/usr/local/lib/python3.14/site-packages/sqlalchemy/engine/base.py", line 151, in __init__
    Connection._handle_dbapi_exception_noconnection(
    ~~~~~~~~~~~~~~~~~~~~~~~~~~~~~~~~~~~~~~~~~~~~~~~^
        err, dialect, engine
        ^^^^^^^^^^^^^^^^^^^^
    )
    ^
  File "/usr/local/lib/python3.14/site-packages/sqlalchemy/engine/base.py", line 2417, in _handle_dbapi_exception_noconnection
    raise sqlalchemy_exception.with_traceback(exc_info[2]) from e
  File "/usr/local/lib/python3.14/site-packages/sqlalchemy/engine/base.py", line 149, in __init__
    self._dbapi_connection = engine.raw_connection()
                             ~~~~~~~~~~~~~~~~~~~~~^^
  File "/usr/local/lib/python3.14/site-packages/sqlalchemy/engine/base.py", line 3284, in raw_connection
    return self.pool.connect()
           ~~~~~~~~~~~~~~~~~^^
  File "/usr/local/lib/python3.14/site-packages/sqlalchemy/pool/base.py", line 445, in connect
    return _ConnectionFairy._checkout(self)
           ~~~~~~~~~~~~~~~~~~~~~~~~~~^^^^^^
  File "/usr/local/lib/python3.14/site-packages/sqlalchemy/pool/base.py", line 1303, in _checkout
    fairy = _ConnectionRecord.checkout(pool)
  File "/usr/local/lib/python3.14/site-packages/sqlalchemy/pool/base.py", line 709, in checkout
    rec = pool._do_get()
  File "/usr/local/lib/python3.14/site-packages/sqlalchemy/pool/impl.py", line 176, in _do_get
    with util.safe_reraise():
         ~~~~~~~~~~~~~~~~~^^
  File "/usr/local/lib/python3.14/site-packages/sqlalchemy/util/langhelpers.py", line 166, in __exit__
    raise exc_value.with_traceback(exc_tb)
  File "/usr/local/lib/python3.14/site-packages/sqlalchemy/pool/impl.py", line 174, in _do_get
    return self._create_connection()
           ~~~~~~~~~~~~~~~~~~~~~~~^^
  File "/usr/local/lib/python3.14/site-packages/sqlalchemy/pool/base.py", line 386, in _create_connection
    return _ConnectionRecord(self)
  File "/usr/local/lib/python3.14/site-packages/sqlalchemy/pool/base.py", line 671, in __init__
    self.__connect()
    ~~~~~~~~~~~~~~^^
  File "/usr/local/lib/python3.14/site-packages/sqlalchemy/pool/base.py", line 906, in __connect
    with util.safe_reraise():
         ~~~~~~~~~~~~~~~~~^^
  File "/usr/local/lib/python3.14/site-packages/sqlalchemy/util/langhelpers.py", line 166, in __exit__
    raise exc_value.with_traceback(exc_tb)
  File "/usr/local/lib/python3.14/site-packages/sqlalchemy/pool/base.py", line 902, in __connect
    self.dbapi_connection = connection = pool._invoke_creator(self)
                                         ~~~~~~~~~~~~~~~~~~~~^^^^^^
  File "/usr/local/lib/python3.14/site-packages/sqlalchemy/engine/create.py", line 645, in connect
    return dialect.connect(*cargs_tup, **cparams)
           ~~~~~~~~~~~~~~~^^^^^^^^^^^^^^^^^^^^^^^
  File "/usr/local/lib/python3.14/site-packages/sqlalchemy/engine/default.py", line 869, in connect
    return self.loaded_dbapi.connect(*cargs, **cparams)  # type: ignore[no-any-return]  # NOQA: E501
           ~~~~~~~~~~~~~~~~~~~~~~~~~^^^^^^^^^^^^^^^^^^^
  File "/usr/local/lib/python3.14/site-packages/psycopg2/__init__.py", line 122, in connect
    conn = _connect(dsn, connection_factory=connection_factory, **kwasync)
sqlalchemy.exc.OperationalError: (psycopg2.OperationalError) connection to server at "host.docker.internal" (192.168.65.254), port 5432 failed: FATAL:  password authentication failed for user "weatherflow"

(Background on this error at: https://sqlalche.me/e/21/e3q8)
2026-10-06 12:42:43,229 | INFO | __main__ | Processing city: Zamboanga City
2026-10-06 12:42:43,473 | INFO | __main__ | Geocoding extracted for Zamboanga City
2026-10-06 12:42:43,531 | ERROR | __main__ | Failed to process city: Zamboanga City
Traceback (most recent call last):
  File "/usr/local/lib/python3.14/site-packages/sqlalchemy/engine/base.py", line 149, in __init__
    self._dbapi_connection = engine.raw_connection()
                             ~~~~~~~~~~~~~~~~~~~~~^^
  File "/usr/local/lib/python3.14/site-packages/sqlalchemy/engine/base.py", line 3284, in raw_connection
    return self.pool.connect()
           ~~~~~~~~~~~~~~~~~^^
  File "/usr/local/lib/python3.14/site-packages/sqlalchemy/pool/base.py", line 445, in connect
    return _ConnectionFairy._checkout(self)
           ~~~~~~~~~~~~~~~~~~~~~~~~~~^^^^^^
  File "/usr/local/lib/python3.14/site-packages/sqlalchemy/pool/base.py", line 1303, in _checkout
    fairy = _ConnectionRecord.checkout(pool)
  File "/usr/local/lib/python3.14/site-packages/sqlalchemy/pool/base.py", line 709, in checkout
    rec = pool._do_get()
  File "/usr/local/lib/python3.14/site-packages/sqlalchemy/pool/impl.py", line 176, in _do_get
    with util.safe_reraise():
         ~~~~~~~~~~~~~~~~~^^
  File "/usr/local/lib/python3.14/site-packages/sqlalchemy/util/langhelpers.py", line 166, in __exit__
    raise exc_value.with_traceback(exc_tb)
  File "/usr/local/lib/python3.14/site-packages/sqlalchemy/pool/impl.py", line 174, in _do_get
    return self._create_connection()
           ~~~~~~~~~~~~~~~~~~~~~~~^^
  File "/usr/local/lib/python3.14/site-packages/sqlalchemy/pool/base.py", line 386, in _create_connection
    return _ConnectionRecord(self)
  File "/usr/local/lib/python3.14/site-packages/sqlalchemy/pool/base.py", line 671, in __init__
    self.__connect()
    ~~~~~~~~~~~~~~^^
  File "/usr/local/lib/python3.14/site-packages/sqlalchemy/pool/base.py", line 906, in __connect
    with util.safe_reraise():
         ~~~~~~~~~~~~~~~~~^^
  File "/usr/local/lib/python3.14/site-packages/sqlalchemy/util/langhelpers.py", line 166, in __exit__
    raise exc_value.with_traceback(exc_tb)
  File "/usr/local/lib/python3.14/site-packages/sqlalchemy/pool/base.py", line 902, in __connect
    self.dbapi_connection = connection = pool._invoke_creator(self)
                                         ~~~~~~~~~~~~~~~~~~~~^^^^^^
  File "/usr/local/lib/python3.14/site-packages/sqlalchemy/engine/create.py", line 645, in connect
    return dialect.connect(*cargs_tup, **cparams)
           ~~~~~~~~~~~~~~~^^^^^^^^^^^^^^^^^^^^^^^
  File "/usr/local/lib/python3.14/site-packages/sqlalchemy/engine/default.py", line 869, in connect
    return self.loaded_dbapi.connect(*cargs, **cparams)  # type: ignore[no-any-return]  # NOQA: E501
           ~~~~~~~~~~~~~~~~~~~~~~~~~^^^^^^^^^^^^^^^^^^^
  File "/usr/local/lib/python3.14/site-packages/psycopg2/__init__.py", line 122, in connect
    conn = _connect(dsn, connection_factory=connection_factory, **kwasync)
psycopg2.OperationalError: connection to server at "host.docker.internal" (192.168.65.254), port 5432 failed: FATAL:  password authentication failed for user "weatherflow"


The above exception was the direct cause of the following exception:

Traceback (most recent call last):
  File "/app/pipeline/main.py", line 47, in main
    load_postgresql(geocoding_df, geocoding_table, if_exists="replace")
    ~~~~~~~~~~~~~~~^^^^^^^^^^^^^^^^^^^^^^^^^^^^^^^^^^^^^^^^^^^^^^^^^^^^
  File "/app/pipeline/loaded/load_postresql.py", line 324, in load_postgresql
    with engine.begin() as connection:
         ~~~~~~~~~~~~^^
  File "/usr/local/lib/python3.14/contextlib.py", line 141, in __enter__
    return next(self.gen)
  File "/usr/local/lib/python3.14/site-packages/sqlalchemy/engine/base.py", line 3224, in begin
    with self.connect() as conn:
         ~~~~~~~~~~~~^^
  File "/usr/local/lib/python3.14/site-packages/sqlalchemy/engine/base.py", line 3260, in connect
    return self._connection_cls(self)
           ~~~~~~~~~~~~~~~~~~~~^^^^^^
  File "/usr/local/lib/python3.14/site-packages/sqlalchemy/engine/base.py", line 151, in __init__
    Connection._handle_dbapi_exception_noconnection(
    ~~~~~~~~~~~~~~~~~~~~~~~~~~~~~~~~~~~~~~~~~~~~~~~^
        err, dialect, engine
        ^^^^^^^^^^^^^^^^^^^^
    )
    ^
  File "/usr/local/lib/python3.14/site-packages/sqlalchemy/engine/base.py", line 2417, in _handle_dbapi_exception_noconnection
    raise sqlalchemy_exception.with_traceback(exc_info[2]) from e
  File "/usr/local/lib/python3.14/site-packages/sqlalchemy/engine/base.py", line 149, in __init__
    self._dbapi_connection = engine.raw_connection()
                             ~~~~~~~~~~~~~~~~~~~~~^^
  File "/usr/local/lib/python3.14/site-packages/sqlalchemy/engine/base.py", line 3284, in raw_connection
    return self.pool.connect()
           ~~~~~~~~~~~~~~~~~^^
  File "/usr/local/lib/python3.14/site-packages/sqlalchemy/pool/base.py", line 445, in connect
    return _ConnectionFairy._checkout(self)
           ~~~~~~~~~~~~~~~~~~~~~~~~~~^^^^^^
  File "/usr/local/lib/python3.14/site-packages/sqlalchemy/pool/base.py", line 1303, in _checkout
    fairy = _ConnectionRecord.checkout(pool)
  File "/usr/local/lib/python3.14/site-packages/sqlalchemy/pool/base.py", line 709, in checkout
    rec = pool._do_get()
  File "/usr/local/lib/python3.14/site-packages/sqlalchemy/pool/impl.py", line 176, in _do_get
    with util.safe_reraise():
         ~~~~~~~~~~~~~~~~~^^
  File "/usr/local/lib/python3.14/site-packages/sqlalchemy/util/langhelpers.py", line 166, in __exit__
    raise exc_value.with_traceback(exc_tb)
  File "/usr/local/lib/python3.14/site-packages/sqlalchemy/pool/impl.py", line 174, in _do_get
    return self._create_connection()
           ~~~~~~~~~~~~~~~~~~~~~~~^^
  File "/usr/local/lib/python3.14/site-packages/sqlalchemy/pool/base.py", line 386, in _create_connection
    return _ConnectionRecord(self)
  File "/usr/local/lib/python3.14/site-packages/sqlalchemy/pool/base.py", line 671, in __init__
    self.__connect()
    ~~~~~~~~~~~~~~^^
  File "/usr/local/lib/python3.14/site-packages/sqlalchemy/pool/base.py", line 906, in __connect
    with util.safe_reraise():
         ~~~~~~~~~~~~~~~~~^^
  File "/usr/local/lib/python3.14/site-packages/sqlalchemy/util/langhelpers.py", line 166, in __exit__
    raise exc_value.with_traceback(exc_tb)
  File "/usr/local/lib/python3.14/site-packages/sqlalchemy/pool/base.py", line 902, in __connect
    self.dbapi_connection = connection = pool._invoke_creator(self)
                                         ~~~~~~~~~~~~~~~~~~~~^^^^^^
  File "/usr/local/lib/python3.14/site-packages/sqlalchemy/engine/create.py", line 645, in connect
    return dialect.connect(*cargs_tup, **cparams)
           ~~~~~~~~~~~~~~~^^^^^^^^^^^^^^^^^^^^^^^
  File "/usr/local/lib/python3.14/site-packages/sqlalchemy/engine/default.py", line 869, in connect
    return self.loaded_dbapi.connect(*cargs, **cparams)  # type: ignore[no-any-return]  # NOQA: E501
           ~~~~~~~~~~~~~~~~~~~~~~~~~^^^^^^^^^^^^^^^^^^^
  File "/usr/local/lib/python3.14/site-packages/psycopg2/__init__.py", line 122, in connect
    conn = _connect(dsn, connection_factory=connection_factory, **kwasync)
sqlalchemy.exc.OperationalError: (psycopg2.OperationalError) connection to server at "host.docker.internal" (192.168.65.254), port 5432 failed: FATAL:  password authentication failed for user "weatherflow"

(Background on this error at: https://sqlalche.me/e/21/e3q8)
2026-10-06 12:42:43,537 | INFO | __main__ | Weather ingestion completed.
2026-10-06 12:52:24,244 | INFO | __main__ | Starting Weather Ingestion...
2026-10-06 12:52:24,247 | INFO | __main__ | Processing city: Manila
2026-10-06 12:52:24,558 | INFO | __main__ | Geocoding extracted for Manila
2026-10-06 12:52:32,664 | ERROR | __main__ | Failed to process city: Manila
Traceback (most recent call last):
  File "/usr/local/lib/python3.14/site-packages/sqlalchemy/engine/base.py", line 149, in __init__
    self._dbapi_connection = engine.raw_connection()
                             ~~~~~~~~~~~~~~~~~~~~~^^
  File "/usr/local/lib/python3.14/site-packages/sqlalchemy/engine/base.py", line 3284, in raw_connection
    return self.pool.connect()
           ~~~~~~~~~~~~~~~~~^^
  File "/usr/local/lib/python3.14/site-packages/sqlalchemy/pool/base.py", line 445, in connect
    return _ConnectionFairy._checkout(self)
           ~~~~~~~~~~~~~~~~~~~~~~~~~~^^^^^^
  File "/usr/local/lib/python3.14/site-packages/sqlalchemy/pool/base.py", line 1303, in _checkout
    fairy = _ConnectionRecord.checkout(pool)
  File "/usr/local/lib/python3.14/site-packages/sqlalchemy/pool/base.py", line 709, in checkout
    rec = pool._do_get()
  File "/usr/local/lib/python3.14/site-packages/sqlalchemy/pool/impl.py", line 176, in _do_get
    with util.safe_reraise():
         ~~~~~~~~~~~~~~~~~^^
  File "/usr/local/lib/python3.14/site-packages/sqlalchemy/util/langhelpers.py", line 166, in __exit__
    raise exc_value.with_traceback(exc_tb)
  File "/usr/local/lib/python3.14/site-packages/sqlalchemy/pool/impl.py", line 174, in _do_get
    return self._create_connection()
           ~~~~~~~~~~~~~~~~~~~~~~~^^
  File "/usr/local/lib/python3.14/site-packages/sqlalchemy/pool/base.py", line 386, in _create_connection
    return _ConnectionRecord(self)
  File "/usr/local/lib/python3.14/site-packages/sqlalchemy/pool/base.py", line 671, in __init__
    self.__connect()
    ~~~~~~~~~~~~~~^^
  File "/usr/local/lib/python3.14/site-packages/sqlalchemy/pool/base.py", line 906, in __connect
    with util.safe_reraise():
         ~~~~~~~~~~~~~~~~~^^
  File "/usr/local/lib/python3.14/site-packages/sqlalchemy/util/langhelpers.py", line 166, in __exit__
    raise exc_value.with_traceback(exc_tb)
  File "/usr/local/lib/python3.14/site-packages/sqlalchemy/pool/base.py", line 902, in __connect
    self.dbapi_connection = connection = pool._invoke_creator(self)
                                         ~~~~~~~~~~~~~~~~~~~~^^^^^^
  File "/usr/local/lib/python3.14/site-packages/sqlalchemy/engine/create.py", line 645, in connect
    return dialect.connect(*cargs_tup, **cparams)
           ~~~~~~~~~~~~~~~^^^^^^^^^^^^^^^^^^^^^^^
  File "/usr/local/lib/python3.14/site-packages/sqlalchemy/engine/default.py", line 869, in connect
    return self.loaded_dbapi.connect(*cargs, **cparams)  # type: ignore[no-any-return]  # NOQA: E501
           ~~~~~~~~~~~~~~~~~~~~~~~~~^^^^^^^^^^^^^^^^^^^
  File "/usr/local/lib/python3.14/site-packages/psycopg2/__init__.py", line 122, in connect
    conn = _connect(dsn, connection_factory=connection_factory, **kwasync)
psycopg2.OperationalError: could not translate host name "db" to address: Temporary failure in name resolution


The above exception was the direct cause of the following exception:

Traceback (most recent call last):
  File "/app/pipeline/main.py", line 47, in main
    load_postgresql(geocoding_df, geocoding_table, if_exists="replace")
    ~~~~~~~~~~~~~~~^^^^^^^^^^^^^^^^^^^^^^^^^^^^^^^^^^^^^^^^^^^^^^^^^^^^
  File "/app/pipeline/loaded/load_postresql.py", line 324, in load_postgresql
    with engine.begin() as connection:
         ~~~~~~~~~~~~^^
  File "/usr/local/lib/python3.14/contextlib.py", line 141, in __enter__
    return next(self.gen)
  File "/usr/local/lib/python3.14/site-packages/sqlalchemy/engine/base.py", line 3224, in begin
    with self.connect() as conn:
         ~~~~~~~~~~~~^^
  File "/usr/local/lib/python3.14/site-packages/sqlalchemy/engine/base.py", line 3260, in connect
    return self._connection_cls(self)
           ~~~~~~~~~~~~~~~~~~~~^^^^^^
  File "/usr/local/lib/python3.14/site-packages/sqlalchemy/engine/base.py", line 151, in __init__
    Connection._handle_dbapi_exception_noconnection(
    ~~~~~~~~~~~~~~~~~~~~~~~~~~~~~~~~~~~~~~~~~~~~~~~^
        err, dialect, engine
        ^^^^^^^^^^^^^^^^^^^^
    )
    ^
  File "/usr/local/lib/python3.14/site-packages/sqlalchemy/engine/base.py", line 2417, in _handle_dbapi_exception_noconnection
    raise sqlalchemy_exception.with_traceback(exc_info[2]) from e
  File "/usr/local/lib/python3.14/site-packages/sqlalchemy/engine/base.py", line 149, in __init__
    self._dbapi_connection = engine.raw_connection()
                             ~~~~~~~~~~~~~~~~~~~~~^^
  File "/usr/local/lib/python3.14/site-packages/sqlalchemy/engine/base.py", line 3284, in raw_connection
    return self.pool.connect()
           ~~~~~~~~~~~~~~~~~^^
  File "/usr/local/lib/python3.14/site-packages/sqlalchemy/pool/base.py", line 445, in connect
    return _ConnectionFairy._checkout(self)
           ~~~~~~~~~~~~~~~~~~~~~~~~~~^^^^^^
  File "/usr/local/lib/python3.14/site-packages/sqlalchemy/pool/base.py", line 1303, in _checkout
    fairy = _ConnectionRecord.checkout(pool)
  File "/usr/local/lib/python3.14/site-packages/sqlalchemy/pool/base.py", line 709, in checkout
    rec = pool._do_get()
  File "/usr/local/lib/python3.14/site-packages/sqlalchemy/pool/impl.py", line 176, in _do_get
    with util.safe_reraise():
         ~~~~~~~~~~~~~~~~~^^
  File "/usr/local/lib/python3.14/site-packages/sqlalchemy/util/langhelpers.py", line 166, in __exit__
    raise exc_value.with_traceback(exc_tb)
  File "/usr/local/lib/python3.14/site-packages/sqlalchemy/pool/impl.py", line 174, in _do_get
    return self._create_connection()
           ~~~~~~~~~~~~~~~~~~~~~~~^^
  File "/usr/local/lib/python3.14/site-packages/sqlalchemy/pool/base.py", line 386, in _create_connection
    return _ConnectionRecord(self)
  File "/usr/local/lib/python3.14/site-packages/sqlalchemy/pool/base.py", line 671, in __init__
    self.__connect()
    ~~~~~~~~~~~~~~^^
  File "/usr/local/lib/python3.14/site-packages/sqlalchemy/pool/base.py", line 906, in __connect
    with util.safe_reraise():
         ~~~~~~~~~~~~~~~~~^^
  File "/usr/local/lib/python3.14/site-packages/sqlalchemy/util/langhelpers.py", line 166, in __exit__
    raise exc_value.with_traceback(exc_tb)
  File "/usr/local/lib/python3.14/site-packages/sqlalchemy/pool/base.py", line 902, in __connect
    self.dbapi_connection = connection = pool._invoke_creator(self)
                                         ~~~~~~~~~~~~~~~~~~~~^^^^^^
  File "/usr/local/lib/python3.14/site-packages/sqlalchemy/engine/create.py", line 645, in connect
    return dialect.connect(*cargs_tup, **cparams)
           ~~~~~~~~~~~~~~~^^^^^^^^^^^^^^^^^^^^^^^
  File "/usr/local/lib/python3.14/site-packages/sqlalchemy/engine/default.py", line 869, in connect
    return self.loaded_dbapi.connect(*cargs, **cparams)  # type: ignore[no-any-return]  # NOQA: E501
           ~~~~~~~~~~~~~~~~~~~~~~~~~^^^^^^^^^^^^^^^^^^^
  File "/usr/local/lib/python3.14/site-packages/psycopg2/__init__.py", line 122, in connect
    conn = _connect(dsn, connection_factory=connection_factory, **kwasync)
sqlalchemy.exc.OperationalError: (psycopg2.OperationalError) could not translate host name "db" to address: Temporary failure in name resolution

(Background on this error at: https://sqlalche.me/e/21/e3q8)
2026-10-06 12:52:32,685 | INFO | __main__ | Processing city: Quezon City
2026-10-06 12:52:32,980 | INFO | __main__ | Geocoding extracted for Quezon City
2026-10-06 12:52:36,995 | ERROR | __main__ | Failed to process city: Quezon City
Traceback (most recent call last):
  File "/usr/local/lib/python3.14/site-packages/sqlalchemy/engine/base.py", line 149, in __init__
    self._dbapi_connection = engine.raw_connection()
                             ~~~~~~~~~~~~~~~~~~~~~^^
  File "/usr/local/lib/python3.14/site-packages/sqlalchemy/engine/base.py", line 3284, in raw_connection
    return self.pool.connect()
           ~~~~~~~~~~~~~~~~~^^
  File "/usr/local/lib/python3.14/site-packages/sqlalchemy/pool/base.py", line 445, in connect
    return _ConnectionFairy._checkout(self)
           ~~~~~~~~~~~~~~~~~~~~~~~~~~^^^^^^
  File "/usr/local/lib/python3.14/site-packages/sqlalchemy/pool/base.py", line 1303, in _checkout
    fairy = _ConnectionRecord.checkout(pool)
  File "/usr/local/lib/python3.14/site-packages/sqlalchemy/pool/base.py", line 709, in checkout
    rec = pool._do_get()
  File "/usr/local/lib/python3.14/site-packages/sqlalchemy/pool/impl.py", line 176, in _do_get
    with util.safe_reraise():
         ~~~~~~~~~~~~~~~~~^^
  File "/usr/local/lib/python3.14/site-packages/sqlalchemy/util/langhelpers.py", line 166, in __exit__
    raise exc_value.with_traceback(exc_tb)
  File "/usr/local/lib/python3.14/site-packages/sqlalchemy/pool/impl.py", line 174, in _do_get
    return self._create_connection()
           ~~~~~~~~~~~~~~~~~~~~~~~^^
  File "/usr/local/lib/python3.14/site-packages/sqlalchemy/pool/base.py", line 386, in _create_connection
    return _ConnectionRecord(self)
  File "/usr/local/lib/python3.14/site-packages/sqlalchemy/pool/base.py", line 671, in __init__
    self.__connect()
    ~~~~~~~~~~~~~~^^
  File "/usr/local/lib/python3.14/site-packages/sqlalchemy/pool/base.py", line 906, in __connect
    with util.safe_reraise():
         ~~~~~~~~~~~~~~~~~^^
  File "/usr/local/lib/python3.14/site-packages/sqlalchemy/util/langhelpers.py", line 166, in __exit__
    raise exc_value.with_traceback(exc_tb)
  File "/usr/local/lib/python3.14/site-packages/sqlalchemy/pool/base.py", line 902, in __connect
    self.dbapi_connection = connection = pool._invoke_creator(self)
                                         ~~~~~~~~~~~~~~~~~~~~^^^^^^
  File "/usr/local/lib/python3.14/site-packages/sqlalchemy/engine/create.py", line 645, in connect
    return dialect.connect(*cargs_tup, **cparams)
           ~~~~~~~~~~~~~~~^^^^^^^^^^^^^^^^^^^^^^^
  File "/usr/local/lib/python3.14/site-packages/sqlalchemy/engine/default.py", line 869, in connect
    return self.loaded_dbapi.connect(*cargs, **cparams)  # type: ignore[no-any-return]  # NOQA: E501
           ~~~~~~~~~~~~~~~~~~~~~~~~~^^^^^^^^^^^^^^^^^^^
  File "/usr/local/lib/python3.14/site-packages/psycopg2/__init__.py", line 122, in connect
    conn = _connect(dsn, connection_factory=connection_factory, **kwasync)
psycopg2.OperationalError: could not translate host name "db" to address: Name or service not known


The above exception was the direct cause of the following exception:

Traceback (most recent call last):
  File "/app/pipeline/main.py", line 47, in main
    load_postgresql(geocoding_df, geocoding_table, if_exists="replace")
    ~~~~~~~~~~~~~~~^^^^^^^^^^^^^^^^^^^^^^^^^^^^^^^^^^^^^^^^^^^^^^^^^^^^
  File "/app/pipeline/loaded/load_postresql.py", line 324, in load_postgresql
    with engine.begin() as connection:
         ~~~~~~~~~~~~^^
  File "/usr/local/lib/python3.14/contextlib.py", line 141, in __enter__
    return next(self.gen)
  File "/usr/local/lib/python3.14/site-packages/sqlalchemy/engine/base.py", line 3224, in begin
    with self.connect() as conn:
         ~~~~~~~~~~~~^^
  File "/usr/local/lib/python3.14/site-packages/sqlalchemy/engine/base.py", line 3260, in connect
    return self._connection_cls(self)
           ~~~~~~~~~~~~~~~~~~~~^^^^^^
  File "/usr/local/lib/python3.14/site-packages/sqlalchemy/engine/base.py", line 151, in __init__
    Connection._handle_dbapi_exception_noconnection(
    ~~~~~~~~~~~~~~~~~~~~~~~~~~~~~~~~~~~~~~~~~~~~~~~^
        err, dialect, engine
        ^^^^^^^^^^^^^^^^^^^^
    )
    ^
  File "/usr/local/lib/python3.14/site-packages/sqlalchemy/engine/base.py", line 2417, in _handle_dbapi_exception_noconnection
    raise sqlalchemy_exception.with_traceback(exc_info[2]) from e
  File "/usr/local/lib/python3.14/site-packages/sqlalchemy/engine/base.py", line 149, in __init__
    self._dbapi_connection = engine.raw_connection()
                             ~~~~~~~~~~~~~~~~~~~~~^^
  File "/usr/local/lib/python3.14/site-packages/sqlalchemy/engine/base.py", line 3284, in raw_connection
    return self.pool.connect()
           ~~~~~~~~~~~~~~~~~^^
  File "/usr/local/lib/python3.14/site-packages/sqlalchemy/pool/base.py", line 445, in connect
    return _ConnectionFairy._checkout(self)
           ~~~~~~~~~~~~~~~~~~~~~~~~~~^^^^^^
  File "/usr/local/lib/python3.14/site-packages/sqlalchemy/pool/base.py", line 1303, in _checkout
    fairy = _ConnectionRecord.checkout(pool)
  File "/usr/local/lib/python3.14/site-packages/sqlalchemy/pool/base.py", line 709, in checkout
    rec = pool._do_get()
  File "/usr/local/lib/python3.14/site-packages/sqlalchemy/pool/impl.py", line 176, in _do_get
    with util.safe_reraise():
         ~~~~~~~~~~~~~~~~~^^
  File "/usr/local/lib/python3.14/site-packages/sqlalchemy/util/langhelpers.py", line 166, in __exit__
    raise exc_value.with_traceback(exc_tb)
  File "/usr/local/lib/python3.14/site-packages/sqlalchemy/pool/impl.py", line 174, in _do_get
    return self._create_connection()
           ~~~~~~~~~~~~~~~~~~~~~~~^^
  File "/usr/local/lib/python3.14/site-packages/sqlalchemy/pool/base.py", line 386, in _create_connection
    return _ConnectionRecord(self)
  File "/usr/local/lib/python3.14/site-packages/sqlalchemy/pool/base.py", line 671, in __init__
    self.__connect()
    ~~~~~~~~~~~~~~^^
  File "/usr/local/lib/python3.14/site-packages/sqlalchemy/pool/base.py", line 906, in __connect
    with util.safe_reraise():
         ~~~~~~~~~~~~~~~~~^^
  File "/usr/local/lib/python3.14/site-packages/sqlalchemy/util/langhelpers.py", line 166, in __exit__
    raise exc_value.with_traceback(exc_tb)
  File "/usr/local/lib/python3.14/site-packages/sqlalchemy/pool/base.py", line 902, in __connect
    self.dbapi_connection = connection = pool._invoke_creator(self)
                                         ~~~~~~~~~~~~~~~~~~~~^^^^^^
  File "/usr/local/lib/python3.14/site-packages/sqlalchemy/engine/create.py", line 645, in connect
    return dialect.connect(*cargs_tup, **cparams)
           ~~~~~~~~~~~~~~~^^^^^^^^^^^^^^^^^^^^^^^
  File "/usr/local/lib/python3.14/site-packages/sqlalchemy/engine/default.py", line 869, in connect
    return self.loaded_dbapi.connect(*cargs, **cparams)  # type: ignore[no-any-return]  # NOQA: E501
           ~~~~~~~~~~~~~~~~~~~~~~~~~^^^^^^^^^^^^^^^^^^^
  File "/usr/local/lib/python3.14/site-packages/psycopg2/__init__.py", line 122, in connect
    conn = _connect(dsn, connection_factory=connection_factory, **kwasync)
sqlalchemy.exc.OperationalError: (psycopg2.OperationalError) could not translate host name "db" to address: Name or service not known

(Background on this error at: https://sqlalche.me/e/21/e3q8)
2026-10-06 12:52:37,016 | INFO | __main__ | Processing city: Cebu City
2026-10-06 12:52:37,319 | INFO | __main__ | Geocoding extracted for Cebu City
2026-10-06 12:52:41,236 | ERROR | __main__ | Failed to process city: Cebu City
Traceback (most recent call last):
  File "/usr/local/lib/python3.14/site-packages/sqlalchemy/engine/base.py", line 149, in __init__
    self._dbapi_connection = engine.raw_connection()
                             ~~~~~~~~~~~~~~~~~~~~~^^
  File "/usr/local/lib/python3.14/site-packages/sqlalchemy/engine/base.py", line 3284, in raw_connection
    return self.pool.connect()
           ~~~~~~~~~~~~~~~~~^^
  File "/usr/local/lib/python3.14/site-packages/sqlalchemy/pool/base.py", line 445, in connect
    return _ConnectionFairy._checkout(self)
           ~~~~~~~~~~~~~~~~~~~~~~~~~~^^^^^^
  File "/usr/local/lib/python3.14/site-packages/sqlalchemy/pool/base.py", line 1303, in _checkout
    fairy = _ConnectionRecord.checkout(pool)
  File "/usr/local/lib/python3.14/site-packages/sqlalchemy/pool/base.py", line 709, in checkout
    rec = pool._do_get()
  File "/usr/local/lib/python3.14/site-packages/sqlalchemy/pool/impl.py", line 176, in _do_get
    with util.safe_reraise():
         ~~~~~~~~~~~~~~~~~^^
  File "/usr/local/lib/python3.14/site-packages/sqlalchemy/util/langhelpers.py", line 166, in __exit__
    raise exc_value.with_traceback(exc_tb)
  File "/usr/local/lib/python3.14/site-packages/sqlalchemy/pool/impl.py", line 174, in _do_get
    return self._create_connection()
           ~~~~~~~~~~~~~~~~~~~~~~~^^
  File "/usr/local/lib/python3.14/site-packages/sqlalchemy/pool/base.py", line 386, in _create_connection
    return _ConnectionRecord(self)
  File "/usr/local/lib/python3.14/site-packages/sqlalchemy/pool/base.py", line 671, in __init__
    self.__connect()
    ~~~~~~~~~~~~~~^^
  File "/usr/local/lib/python3.14/site-packages/sqlalchemy/pool/base.py", line 906, in __connect
    with util.safe_reraise():
         ~~~~~~~~~~~~~~~~~^^
  File "/usr/local/lib/python3.14/site-packages/sqlalchemy/util/langhelpers.py", line 166, in __exit__
    raise exc_value.with_traceback(exc_tb)
  File "/usr/local/lib/python3.14/site-packages/sqlalchemy/pool/base.py", line 902, in __connect
    self.dbapi_connection = connection = pool._invoke_creator(self)
                                         ~~~~~~~~~~~~~~~~~~~~^^^^^^
  File "/usr/local/lib/python3.14/site-packages/sqlalchemy/engine/create.py", line 645, in connect
    return dialect.connect(*cargs_tup, **cparams)
           ~~~~~~~~~~~~~~~^^^^^^^^^^^^^^^^^^^^^^^
  File "/usr/local/lib/python3.14/site-packages/sqlalchemy/engine/default.py", line 869, in connect
    return self.loaded_dbapi.connect(*cargs, **cparams)  # type: ignore[no-any-return]  # NOQA: E501
           ~~~~~~~~~~~~~~~~~~~~~~~~~^^^^^^^^^^^^^^^^^^^
  File "/usr/local/lib/python3.14/site-packages/psycopg2/__init__.py", line 122, in connect
    conn = _connect(dsn, connection_factory=connection_factory, **kwasync)
psycopg2.OperationalError: could not translate host name "db" to address: Name or service not known


The above exception was the direct cause of the following exception:

Traceback (most recent call last):
  File "/app/pipeline/main.py", line 47, in main
    load_postgresql(geocoding_df, geocoding_table, if_exists="replace")
    ~~~~~~~~~~~~~~~^^^^^^^^^^^^^^^^^^^^^^^^^^^^^^^^^^^^^^^^^^^^^^^^^^^^
  File "/app/pipeline/loaded/load_postresql.py", line 324, in load_postgresql
    with engine.begin() as connection:
         ~~~~~~~~~~~~^^
  File "/usr/local/lib/python3.14/contextlib.py", line 141, in __enter__
    return next(self.gen)
  File "/usr/local/lib/python3.14/site-packages/sqlalchemy/engine/base.py", line 3224, in begin
    with self.connect() as conn:
         ~~~~~~~~~~~~^^
  File "/usr/local/lib/python3.14/site-packages/sqlalchemy/engine/base.py", line 3260, in connect
    return self._connection_cls(self)
           ~~~~~~~~~~~~~~~~~~~~^^^^^^
  File "/usr/local/lib/python3.14/site-packages/sqlalchemy/engine/base.py", line 151, in __init__
    Connection._handle_dbapi_exception_noconnection(
    ~~~~~~~~~~~~~~~~~~~~~~~~~~~~~~~~~~~~~~~~~~~~~~~^
        err, dialect, engine
        ^^^^^^^^^^^^^^^^^^^^
    )
    ^
  File "/usr/local/lib/python3.14/site-packages/sqlalchemy/engine/base.py", line 2417, in _handle_dbapi_exception_noconnection
    raise sqlalchemy_exception.with_traceback(exc_info[2]) from e
  File "/usr/local/lib/python3.14/site-packages/sqlalchemy/engine/base.py", line 149, in __init__
    self._dbapi_connection = engine.raw_connection()
                             ~~~~~~~~~~~~~~~~~~~~~^^
  File "/usr/local/lib/python3.14/site-packages/sqlalchemy/engine/base.py", line 3284, in raw_connection
    return self.pool.connect()
           ~~~~~~~~~~~~~~~~~^^
  File "/usr/local/lib/python3.14/site-packages/sqlalchemy/pool/base.py", line 445, in connect
    return _ConnectionFairy._checkout(self)
           ~~~~~~~~~~~~~~~~~~~~~~~~~~^^^^^^
  File "/usr/local/lib/python3.14/site-packages/sqlalchemy/pool/base.py", line 1303, in _checkout
    fairy = _ConnectionRecord.checkout(pool)
  File "/usr/local/lib/python3.14/site-packages/sqlalchemy/pool/base.py", line 709, in checkout
    rec = pool._do_get()
  File "/usr/local/lib/python3.14/site-packages/sqlalchemy/pool/impl.py", line 176, in _do_get
    with util.safe_reraise():
         ~~~~~~~~~~~~~~~~~^^
  File "/usr/local/lib/python3.14/site-packages/sqlalchemy/util/langhelpers.py", line 166, in __exit__
    raise exc_value.with_traceback(exc_tb)
  File "/usr/local/lib/python3.14/site-packages/sqlalchemy/pool/impl.py", line 174, in _do_get
    return self._create_connection()
           ~~~~~~~~~~~~~~~~~~~~~~~^^
  File "/usr/local/lib/python3.14/site-packages/sqlalchemy/pool/base.py", line 386, in _create_connection
    return _ConnectionRecord(self)
  File "/usr/local/lib/python3.14/site-packages/sqlalchemy/pool/base.py", line 671, in __init__
    self.__connect()
    ~~~~~~~~~~~~~~^^
  File "/usr/local/lib/python3.14/site-packages/sqlalchemy/pool/base.py", line 906, in __connect
    with util.safe_reraise():
         ~~~~~~~~~~~~~~~~~^^
  File "/usr/local/lib/python3.14/site-packages/sqlalchemy/util/langhelpers.py", line 166, in __exit__
    raise exc_value.with_traceback(exc_tb)
  File "/usr/local/lib/python3.14/site-packages/sqlalchemy/pool/base.py", line 902, in __connect
    self.dbapi_connection = connection = pool._invoke_creator(self)
                                         ~~~~~~~~~~~~~~~~~~~~^^^^^^
  File "/usr/local/lib/python3.14/site-packages/sqlalchemy/engine/create.py", line 645, in connect
    return dialect.connect(*cargs_tup, **cparams)
           ~~~~~~~~~~~~~~~^^^^^^^^^^^^^^^^^^^^^^^
  File "/usr/local/lib/python3.14/site-packages/sqlalchemy/engine/default.py", line 869, in connect
    return self.loaded_dbapi.connect(*cargs, **cparams)  # type: ignore[no-any-return]  # NOQA: E501
           ~~~~~~~~~~~~~~~~~~~~~~~~~^^^^^^^^^^^^^^^^^^^
  File "/usr/local/lib/python3.14/site-packages/psycopg2/__init__.py", line 122, in connect
    conn = _connect(dsn, connection_factory=connection_factory, **kwasync)
sqlalchemy.exc.OperationalError: (psycopg2.OperationalError) could not translate host name "db" to address: Name or service not known

(Background on this error at: https://sqlalche.me/e/21/e3q8)
2026-10-06 12:52:41,251 | INFO | __main__ | Processing city: Davao City
2026-10-06 12:52:41,519 | INFO | __main__ | Geocoding extracted for Davao City
2026-10-06 12:52:45,439 | ERROR | __main__ | Failed to process city: Davao City
Traceback (most recent call last):
  File "/usr/local/lib/python3.14/site-packages/sqlalchemy/engine/base.py", line 149, in __init__
    self._dbapi_connection = engine.raw_connection()
                             ~~~~~~~~~~~~~~~~~~~~~^^
  File "/usr/local/lib/python3.14/site-packages/sqlalchemy/engine/base.py", line 3284, in raw_connection
    return self.pool.connect()
           ~~~~~~~~~~~~~~~~~^^
  File "/usr/local/lib/python3.14/site-packages/sqlalchemy/pool/base.py", line 445, in connect
    return _ConnectionFairy._checkout(self)
           ~~~~~~~~~~~~~~~~~~~~~~~~~~^^^^^^
  File "/usr/local/lib/python3.14/site-packages/sqlalchemy/pool/base.py", line 1303, in _checkout
    fairy = _ConnectionRecord.checkout(pool)
  File "/usr/local/lib/python3.14/site-packages/sqlalchemy/pool/base.py", line 709, in checkout
    rec = pool._do_get()
  File "/usr/local/lib/python3.14/site-packages/sqlalchemy/pool/impl.py", line 176, in _do_get
    with util.safe_reraise():
         ~~~~~~~~~~~~~~~~~^^
  File "/usr/local/lib/python3.14/site-packages/sqlalchemy/util/langhelpers.py", line 166, in __exit__
    raise exc_value.with_traceback(exc_tb)
  File "/usr/local/lib/python3.14/site-packages/sqlalchemy/pool/impl.py", line 174, in _do_get
    return self._create_connection()
           ~~~~~~~~~~~~~~~~~~~~~~~^^
  File "/usr/local/lib/python3.14/site-packages/sqlalchemy/pool/base.py", line 386, in _create_connection
    return _ConnectionRecord(self)
  File "/usr/local/lib/python3.14/site-packages/sqlalchemy/pool/base.py", line 671, in __init__
    self.__connect()
    ~~~~~~~~~~~~~~^^
  File "/usr/local/lib/python3.14/site-packages/sqlalchemy/pool/base.py", line 906, in __connect
    with util.safe_reraise():
         ~~~~~~~~~~~~~~~~~^^
  File "/usr/local/lib/python3.14/site-packages/sqlalchemy/util/langhelpers.py", line 166, in __exit__
    raise exc_value.with_traceback(exc_tb)
  File "/usr/local/lib/python3.14/site-packages/sqlalchemy/pool/base.py", line 902, in __connect
    self.dbapi_connection = connection = pool._invoke_creator(self)
                                         ~~~~~~~~~~~~~~~~~~~~^^^^^^
  File "/usr/local/lib/python3.14/site-packages/sqlalchemy/engine/create.py", line 645, in connect
    return dialect.connect(*cargs_tup, **cparams)
           ~~~~~~~~~~~~~~~^^^^^^^^^^^^^^^^^^^^^^^
  File "/usr/local/lib/python3.14/site-packages/sqlalchemy/engine/default.py", line 869, in connect
    return self.loaded_dbapi.connect(*cargs, **cparams)  # type: ignore[no-any-return]  # NOQA: E501
           ~~~~~~~~~~~~~~~~~~~~~~~~~^^^^^^^^^^^^^^^^^^^
  File "/usr/local/lib/python3.14/site-packages/psycopg2/__init__.py", line 122, in connect
    conn = _connect(dsn, connection_factory=connection_factory, **kwasync)
psycopg2.OperationalError: could not translate host name "db" to address: Name or service not known


The above exception was the direct cause of the following exception:

Traceback (most recent call last):
  File "/app/pipeline/main.py", line 47, in main
    load_postgresql(geocoding_df, geocoding_table, if_exists="replace")
    ~~~~~~~~~~~~~~~^^^^^^^^^^^^^^^^^^^^^^^^^^^^^^^^^^^^^^^^^^^^^^^^^^^^
  File "/app/pipeline/loaded/load_postresql.py", line 324, in load_postgresql
    with engine.begin() as connection:
         ~~~~~~~~~~~~^^
  File "/usr/local/lib/python3.14/contextlib.py", line 141, in __enter__
    return next(self.gen)
  File "/usr/local/lib/python3.14/site-packages/sqlalchemy/engine/base.py", line 3224, in begin
    with self.connect() as conn:
         ~~~~~~~~~~~~^^
  File "/usr/local/lib/python3.14/site-packages/sqlalchemy/engine/base.py", line 3260, in connect
    return self._connection_cls(self)
           ~~~~~~~~~~~~~~~~~~~~^^^^^^
  File "/usr/local/lib/python3.14/site-packages/sqlalchemy/engine/base.py", line 151, in __init__
    Connection._handle_dbapi_exception_noconnection(
    ~~~~~~~~~~~~~~~~~~~~~~~~~~~~~~~~~~~~~~~~~~~~~~~^
        err, dialect, engine
        ^^^^^^^^^^^^^^^^^^^^
    )
    ^
  File "/usr/local/lib/python3.14/site-packages/sqlalchemy/engine/base.py", line 2417, in _handle_dbapi_exception_noconnection
    raise sqlalchemy_exception.with_traceback(exc_info[2]) from e
  File "/usr/local/lib/python3.14/site-packages/sqlalchemy/engine/base.py", line 149, in __init__
    self._dbapi_connection = engine.raw_connection()
                             ~~~~~~~~~~~~~~~~~~~~~^^
  File "/usr/local/lib/python3.14/site-packages/sqlalchemy/engine/base.py", line 3284, in raw_connection
    return self.pool.connect()
           ~~~~~~~~~~~~~~~~~^^
  File "/usr/local/lib/python3.14/site-packages/sqlalchemy/pool/base.py", line 445, in connect
    return _ConnectionFairy._checkout(self)
           ~~~~~~~~~~~~~~~~~~~~~~~~~~^^^^^^
  File "/usr/local/lib/python3.14/site-packages/sqlalchemy/pool/base.py", line 1303, in _checkout
    fairy = _ConnectionRecord.checkout(pool)
  File "/usr/local/lib/python3.14/site-packages/sqlalchemy/pool/base.py", line 709, in checkout
    rec = pool._do_get()
  File "/usr/local/lib/python3.14/site-packages/sqlalchemy/pool/impl.py", line 176, in _do_get
    with util.safe_reraise():
         ~~~~~~~~~~~~~~~~~^^
  File "/usr/local/lib/python3.14/site-packages/sqlalchemy/util/langhelpers.py", line 166, in __exit__
    raise exc_value.with_traceback(exc_tb)
  File "/usr/local/lib/python3.14/site-packages/sqlalchemy/pool/impl.py", line 174, in _do_get
    return self._create_connection()
           ~~~~~~~~~~~~~~~~~~~~~~~^^
  File "/usr/local/lib/python3.14/site-packages/sqlalchemy/pool/base.py", line 386, in _create_connection
    return _ConnectionRecord(self)
  File "/usr/local/lib/python3.14/site-packages/sqlalchemy/pool/base.py", line 671, in __init__
    self.__connect()
    ~~~~~~~~~~~~~~^^
  File "/usr/local/lib/python3.14/site-packages/sqlalchemy/pool/base.py", line 906, in __connect
    with util.safe_reraise():
         ~~~~~~~~~~~~~~~~~^^
  File "/usr/local/lib/python3.14/site-packages/sqlalchemy/util/langhelpers.py", line 166, in __exit__
    raise exc_value.with_traceback(exc_tb)
  File "/usr/local/lib/python3.14/site-packages/sqlalchemy/pool/base.py", line 902, in __connect
    self.dbapi_connection = connection = pool._invoke_creator(self)
                                         ~~~~~~~~~~~~~~~~~~~~^^^^^^
  File "/usr/local/lib/python3.14/site-packages/sqlalchemy/engine/create.py", line 645, in connect
    return dialect.connect(*cargs_tup, **cparams)
           ~~~~~~~~~~~~~~~^^^^^^^^^^^^^^^^^^^^^^^
  File "/usr/local/lib/python3.14/site-packages/sqlalchemy/engine/default.py", line 869, in connect
    return self.loaded_dbapi.connect(*cargs, **cparams)  # type: ignore[no-any-return]  # NOQA: E501
           ~~~~~~~~~~~~~~~~~~~~~~~~~^^^^^^^^^^^^^^^^^^^
  File "/usr/local/lib/python3.14/site-packages/psycopg2/__init__.py", line 122, in connect
    conn = _connect(dsn, connection_factory=connection_factory, **kwasync)
sqlalchemy.exc.OperationalError: (psycopg2.OperationalError) could not translate host name "db" to address: Name or service not known

(Background on this error at: https://sqlalche.me/e/21/e3q8)
2026-10-06 12:52:45,451 | INFO | __main__ | Processing city: Baguio
2026-10-06 12:52:45,810 | INFO | __main__ | Geocoding extracted for Baguio
2026-10-06 12:52:53,822 | ERROR | __main__ | Failed to process city: Baguio
Traceback (most recent call last):
  File "/usr/local/lib/python3.14/site-packages/sqlalchemy/engine/base.py", line 149, in __init__
    self._dbapi_connection = engine.raw_connection()
                             ~~~~~~~~~~~~~~~~~~~~~^^
  File "/usr/local/lib/python3.14/site-packages/sqlalchemy/engine/base.py", line 3284, in raw_connection
    return self.pool.connect()
           ~~~~~~~~~~~~~~~~~^^
  File "/usr/local/lib/python3.14/site-packages/sqlalchemy/pool/base.py", line 445, in connect
    return _ConnectionFairy._checkout(self)
           ~~~~~~~~~~~~~~~~~~~~~~~~~~^^^^^^
  File "/usr/local/lib/python3.14/site-packages/sqlalchemy/pool/base.py", line 1303, in _checkout
    fairy = _ConnectionRecord.checkout(pool)
  File "/usr/local/lib/python3.14/site-packages/sqlalchemy/pool/base.py", line 709, in checkout
    rec = pool._do_get()
  File "/usr/local/lib/python3.14/site-packages/sqlalchemy/pool/impl.py", line 176, in _do_get
    with util.safe_reraise():
         ~~~~~~~~~~~~~~~~~^^
  File "/usr/local/lib/python3.14/site-packages/sqlalchemy/util/langhelpers.py", line 166, in __exit__
    raise exc_value.with_traceback(exc_tb)
  File "/usr/local/lib/python3.14/site-packages/sqlalchemy/pool/impl.py", line 174, in _do_get
    return self._create_connection()
           ~~~~~~~~~~~~~~~~~~~~~~~^^
  File "/usr/local/lib/python3.14/site-packages/sqlalchemy/pool/base.py", line 386, in _create_connection
    return _ConnectionRecord(self)
  File "/usr/local/lib/python3.14/site-packages/sqlalchemy/pool/base.py", line 671, in __init__
    self.__connect()
    ~~~~~~~~~~~~~~^^
  File "/usr/local/lib/python3.14/site-packages/sqlalchemy/pool/base.py", line 906, in __connect
    with util.safe_reraise():
         ~~~~~~~~~~~~~~~~~^^
  File "/usr/local/lib/python3.14/site-packages/sqlalchemy/util/langhelpers.py", line 166, in __exit__
    raise exc_value.with_traceback(exc_tb)
  File "/usr/local/lib/python3.14/site-packages/sqlalchemy/pool/base.py", line 902, in __connect
    self.dbapi_connection = connection = pool._invoke_creator(self)
                                         ~~~~~~~~~~~~~~~~~~~~^^^^^^
  File "/usr/local/lib/python3.14/site-packages/sqlalchemy/engine/create.py", line 645, in connect
    return dialect.connect(*cargs_tup, **cparams)
           ~~~~~~~~~~~~~~~^^^^^^^^^^^^^^^^^^^^^^^
  File "/usr/local/lib/python3.14/site-packages/sqlalchemy/engine/default.py", line 869, in connect
    return self.loaded_dbapi.connect(*cargs, **cparams)  # type: ignore[no-any-return]  # NOQA: E501
           ~~~~~~~~~~~~~~~~~~~~~~~~~^^^^^^^^^^^^^^^^^^^
  File "/usr/local/lib/python3.14/site-packages/psycopg2/__init__.py", line 122, in connect
    conn = _connect(dsn, connection_factory=connection_factory, **kwasync)
psycopg2.OperationalError: could not translate host name "db" to address: Temporary failure in name resolution


The above exception was the direct cause of the following exception:

Traceback (most recent call last):
  File "/app/pipeline/main.py", line 47, in main
    load_postgresql(geocoding_df, geocoding_table, if_exists="replace")
    ~~~~~~~~~~~~~~~^^^^^^^^^^^^^^^^^^^^^^^^^^^^^^^^^^^^^^^^^^^^^^^^^^^^
  File "/app/pipeline/loaded/load_postresql.py", line 324, in load_postgresql
    with engine.begin() as connection:
         ~~~~~~~~~~~~^^
  File "/usr/local/lib/python3.14/contextlib.py", line 141, in __enter__
    return next(self.gen)
  File "/usr/local/lib/python3.14/site-packages/sqlalchemy/engine/base.py", line 3224, in begin
    with self.connect() as conn:
         ~~~~~~~~~~~~^^
  File "/usr/local/lib/python3.14/site-packages/sqlalchemy/engine/base.py", line 3260, in connect
    return self._connection_cls(self)
           ~~~~~~~~~~~~~~~~~~~~^^^^^^
  File "/usr/local/lib/python3.14/site-packages/sqlalchemy/engine/base.py", line 151, in __init__
    Connection._handle_dbapi_exception_noconnection(
    ~~~~~~~~~~~~~~~~~~~~~~~~~~~~~~~~~~~~~~~~~~~~~~~^
        err, dialect, engine
        ^^^^^^^^^^^^^^^^^^^^
    )
    ^
  File "/usr/local/lib/python3.14/site-packages/sqlalchemy/engine/base.py", line 2417, in _handle_dbapi_exception_noconnection
    raise sqlalchemy_exception.with_traceback(exc_info[2]) from e
  File "/usr/local/lib/python3.14/site-packages/sqlalchemy/engine/base.py", line 149, in __init__
    self._dbapi_connection = engine.raw_connection()
                             ~~~~~~~~~~~~~~~~~~~~~^^
  File "/usr/local/lib/python3.14/site-packages/sqlalchemy/engine/base.py", line 3284, in raw_connection
    return self.pool.connect()
           ~~~~~~~~~~~~~~~~~^^
  File "/usr/local/lib/python3.14/site-packages/sqlalchemy/pool/base.py", line 445, in connect
    return _ConnectionFairy._checkout(self)
           ~~~~~~~~~~~~~~~~~~~~~~~~~~^^^^^^
  File "/usr/local/lib/python3.14/site-packages/sqlalchemy/pool/base.py", line 1303, in _checkout
    fairy = _ConnectionRecord.checkout(pool)
  File "/usr/local/lib/python3.14/site-packages/sqlalchemy/pool/base.py", line 709, in checkout
    rec = pool._do_get()
  File "/usr/local/lib/python3.14/site-packages/sqlalchemy/pool/impl.py", line 176, in _do_get
    with util.safe_reraise():
         ~~~~~~~~~~~~~~~~~^^
  File "/usr/local/lib/python3.14/site-packages/sqlalchemy/util/langhelpers.py", line 166, in __exit__
    raise exc_value.with_traceback(exc_tb)
  File "/usr/local/lib/python3.14/site-packages/sqlalchemy/pool/impl.py", line 174, in _do_get
    return self._create_connection()
           ~~~~~~~~~~~~~~~~~~~~~~~^^
  File "/usr/local/lib/python3.14/site-packages/sqlalchemy/pool/base.py", line 386, in _create_connection
    return _ConnectionRecord(self)
  File "/usr/local/lib/python3.14/site-packages/sqlalchemy/pool/base.py", line 671, in __init__
    self.__connect()
    ~~~~~~~~~~~~~~^^
  File "/usr/local/lib/python3.14/site-packages/sqlalchemy/pool/base.py", line 906, in __connect
    with util.safe_reraise():
         ~~~~~~~~~~~~~~~~~^^
  File "/usr/local/lib/python3.14/site-packages/sqlalchemy/util/langhelpers.py", line 166, in __exit__
    raise exc_value.with_traceback(exc_tb)
  File "/usr/local/lib/python3.14/site-packages/sqlalchemy/pool/base.py", line 902, in __connect
    self.dbapi_connection = connection = pool._invoke_creator(self)
                                         ~~~~~~~~~~~~~~~~~~~~^^^^^^
  File "/usr/local/lib/python3.14/site-packages/sqlalchemy/engine/create.py", line 645, in connect
    return dialect.connect(*cargs_tup, **cparams)
           ~~~~~~~~~~~~~~~^^^^^^^^^^^^^^^^^^^^^^^
  File "/usr/local/lib/python3.14/site-packages/sqlalchemy/engine/default.py", line 869, in connect
    return self.loaded_dbapi.connect(*cargs, **cparams)  # type: ignore[no-any-return]  # NOQA: E501
           ~~~~~~~~~~~~~~~~~~~~~~~~~^^^^^^^^^^^^^^^^^^^
  File "/usr/local/lib/python3.14/site-packages/psycopg2/__init__.py", line 122, in connect
    conn = _connect(dsn, connection_factory=connection_factory, **kwasync)
sqlalchemy.exc.OperationalError: (psycopg2.OperationalError) could not translate host name "db" to address: Temporary failure in name resolution

(Background on this error at: https://sqlalche.me/e/21/e3q8)
2026-10-06 12:52:53,830 | INFO | __main__ | Processing city: Iloilo City
2026-10-06 12:52:54,065 | INFO | __main__ | Geocoding extracted for Iloilo City
2026-10-06 12:53:01,980 | ERROR | __main__ | Failed to process city: Iloilo City
Traceback (most recent call last):
  File "/usr/local/lib/python3.14/site-packages/sqlalchemy/engine/base.py", line 149, in __init__
    self._dbapi_connection = engine.raw_connection()
                             ~~~~~~~~~~~~~~~~~~~~~^^
  File "/usr/local/lib/python3.14/site-packages/sqlalchemy/engine/base.py", line 3284, in raw_connection
    return self.pool.connect()
           ~~~~~~~~~~~~~~~~~^^
  File "/usr/local/lib/python3.14/site-packages/sqlalchemy/pool/base.py", line 445, in connect
    return _ConnectionFairy._checkout(self)
           ~~~~~~~~~~~~~~~~~~~~~~~~~~^^^^^^
  File "/usr/local/lib/python3.14/site-packages/sqlalchemy/pool/base.py", line 1303, in _checkout
    fairy = _ConnectionRecord.checkout(pool)
  File "/usr/local/lib/python3.14/site-packages/sqlalchemy/pool/base.py", line 709, in checkout
    rec = pool._do_get()
  File "/usr/local/lib/python3.14/site-packages/sqlalchemy/pool/impl.py", line 176, in _do_get
    with util.safe_reraise():
         ~~~~~~~~~~~~~~~~~^^
  File "/usr/local/lib/python3.14/site-packages/sqlalchemy/util/langhelpers.py", line 166, in __exit__
    raise exc_value.with_traceback(exc_tb)
  File "/usr/local/lib/python3.14/site-packages/sqlalchemy/pool/impl.py", line 174, in _do_get
    return self._create_connection()
           ~~~~~~~~~~~~~~~~~~~~~~~^^
  File "/usr/local/lib/python3.14/site-packages/sqlalchemy/pool/base.py", line 386, in _create_connection
    return _ConnectionRecord(self)
  File "/usr/local/lib/python3.14/site-packages/sqlalchemy/pool/base.py", line 671, in __init__
    self.__connect()
    ~~~~~~~~~~~~~~^^
  File "/usr/local/lib/python3.14/site-packages/sqlalchemy/pool/base.py", line 906, in __connect
    with util.safe_reraise():
         ~~~~~~~~~~~~~~~~~^^
  File "/usr/local/lib/python3.14/site-packages/sqlalchemy/util/langhelpers.py", line 166, in __exit__
    raise exc_value.with_traceback(exc_tb)
  File "/usr/local/lib/python3.14/site-packages/sqlalchemy/pool/base.py", line 902, in __connect
    self.dbapi_connection = connection = pool._invoke_creator(self)
                                         ~~~~~~~~~~~~~~~~~~~~^^^^^^
  File "/usr/local/lib/python3.14/site-packages/sqlalchemy/engine/create.py", line 645, in connect
    return dialect.connect(*cargs_tup, **cparams)
           ~~~~~~~~~~~~~~~^^^^^^^^^^^^^^^^^^^^^^^
  File "/usr/local/lib/python3.14/site-packages/sqlalchemy/engine/default.py", line 869, in connect
    return self.loaded_dbapi.connect(*cargs, **cparams)  # type: ignore[no-any-return]  # NOQA: E501
           ~~~~~~~~~~~~~~~~~~~~~~~~~^^^^^^^^^^^^^^^^^^^
  File "/usr/local/lib/python3.14/site-packages/psycopg2/__init__.py", line 122, in connect
    conn = _connect(dsn, connection_factory=connection_factory, **kwasync)
psycopg2.OperationalError: could not translate host name "db" to address: Name or service not known


The above exception was the direct cause of the following exception:

Traceback (most recent call last):
  File "/app/pipeline/main.py", line 47, in main
    load_postgresql(geocoding_df, geocoding_table, if_exists="replace")
    ~~~~~~~~~~~~~~~^^^^^^^^^^^^^^^^^^^^^^^^^^^^^^^^^^^^^^^^^^^^^^^^^^^^
  File "/app/pipeline/loaded/load_postresql.py", line 324, in load_postgresql
    with engine.begin() as connection:
         ~~~~~~~~~~~~^^
  File "/usr/local/lib/python3.14/contextlib.py", line 141, in __enter__
    return next(self.gen)
  File "/usr/local/lib/python3.14/site-packages/sqlalchemy/engine/base.py", line 3224, in begin
    with self.connect() as conn:
         ~~~~~~~~~~~~^^
  File "/usr/local/lib/python3.14/site-packages/sqlalchemy/engine/base.py", line 3260, in connect
    return self._connection_cls(self)
           ~~~~~~~~~~~~~~~~~~~~^^^^^^
  File "/usr/local/lib/python3.14/site-packages/sqlalchemy/engine/base.py", line 151, in __init__
    Connection._handle_dbapi_exception_noconnection(
    ~~~~~~~~~~~~~~~~~~~~~~~~~~~~~~~~~~~~~~~~~~~~~~~^
        err, dialect, engine
        ^^^^^^^^^^^^^^^^^^^^
    )
    ^
  File "/usr/local/lib/python3.14/site-packages/sqlalchemy/engine/base.py", line 2417, in _handle_dbapi_exception_noconnection
    raise sqlalchemy_exception.with_traceback(exc_info[2]) from e
  File "/usr/local/lib/python3.14/site-packages/sqlalchemy/engine/base.py", line 149, in __init__
    self._dbapi_connection = engine.raw_connection()
                             ~~~~~~~~~~~~~~~~~~~~~^^
  File "/usr/local/lib/python3.14/site-packages/sqlalchemy/engine/base.py", line 3284, in raw_connection
    return self.pool.connect()
           ~~~~~~~~~~~~~~~~~^^
  File "/usr/local/lib/python3.14/site-packages/sqlalchemy/pool/base.py", line 445, in connect
    return _ConnectionFairy._checkout(self)
           ~~~~~~~~~~~~~~~~~~~~~~~~~~^^^^^^
  File "/usr/local/lib/python3.14/site-packages/sqlalchemy/pool/base.py", line 1303, in _checkout
    fairy = _ConnectionRecord.checkout(pool)
  File "/usr/local/lib/python3.14/site-packages/sqlalchemy/pool/base.py", line 709, in checkout
    rec = pool._do_get()
  File "/usr/local/lib/python3.14/site-packages/sqlalchemy/pool/impl.py", line 176, in _do_get
    with util.safe_reraise():
         ~~~~~~~~~~~~~~~~~^^
  File "/usr/local/lib/python3.14/site-packages/sqlalchemy/util/langhelpers.py", line 166, in __exit__
    raise exc_value.with_traceback(exc_tb)
  File "/usr/local/lib/python3.14/site-packages/sqlalchemy/pool/impl.py", line 174, in _do_get
    return self._create_connection()
           ~~~~~~~~~~~~~~~~~~~~~~~^^
  File "/usr/local/lib/python3.14/site-packages/sqlalchemy/pool/base.py", line 386, in _create_connection
    return _ConnectionRecord(self)
  File "/usr/local/lib/python3.14/site-packages/sqlalchemy/pool/base.py", line 671, in __init__
    self.__connect()
    ~~~~~~~~~~~~~~^^
  File "/usr/local/lib/python3.14/site-packages/sqlalchemy/pool/base.py", line 906, in __connect
    with util.safe_reraise():
         ~~~~~~~~~~~~~~~~~^^
  File "/usr/local/lib/python3.14/site-packages/sqlalchemy/util/langhelpers.py", line 166, in __exit__
    raise exc_value.with_traceback(exc_tb)
  File "/usr/local/lib/python3.14/site-packages/sqlalchemy/pool/base.py", line 902, in __connect
    self.dbapi_connection = connection = pool._invoke_creator(self)
                                         ~~~~~~~~~~~~~~~~~~~~^^^^^^
  File "/usr/local/lib/python3.14/site-packages/sqlalchemy/engine/create.py", line 645, in connect
    return dialect.connect(*cargs_tup, **cparams)
           ~~~~~~~~~~~~~~~^^^^^^^^^^^^^^^^^^^^^^^
  File "/usr/local/lib/python3.14/site-packages/sqlalchemy/engine/default.py", line 869, in connect
    return self.loaded_dbapi.connect(*cargs, **cparams)  # type: ignore[no-any-return]  # NOQA: E501
           ~~~~~~~~~~~~~~~~~~~~~~~~~^^^^^^^^^^^^^^^^^^^
  File "/usr/local/lib/python3.14/site-packages/psycopg2/__init__.py", line 122, in connect
    conn = _connect(dsn, connection_factory=connection_factory, **kwasync)
sqlalchemy.exc.OperationalError: (psycopg2.OperationalError) could not translate host name "db" to address: Name or service not known

(Background on this error at: https://sqlalche.me/e/21/e3q8)
2026-10-06 12:53:01,995 | INFO | __main__ | Processing city: Cagayan de Oro
2026-10-06 12:53:02,241 | INFO | __main__ | Geocoding extracted for Cagayan de Oro
2026-10-06 12:53:06,163 | ERROR | __main__ | Failed to process city: Cagayan de Oro
Traceback (most recent call last):
  File "/usr/local/lib/python3.14/site-packages/sqlalchemy/engine/base.py", line 149, in __init__
    self._dbapi_connection = engine.raw_connection()
                             ~~~~~~~~~~~~~~~~~~~~~^^
  File "/usr/local/lib/python3.14/site-packages/sqlalchemy/engine/base.py", line 3284, in raw_connection
    return self.pool.connect()
           ~~~~~~~~~~~~~~~~~^^
  File "/usr/local/lib/python3.14/site-packages/sqlalchemy/pool/base.py", line 445, in connect
    return _ConnectionFairy._checkout(self)
           ~~~~~~~~~~~~~~~~~~~~~~~~~~^^^^^^
  File "/usr/local/lib/python3.14/site-packages/sqlalchemy/pool/base.py", line 1303, in _checkout
    fairy = _ConnectionRecord.checkout(pool)
  File "/usr/local/lib/python3.14/site-packages/sqlalchemy/pool/base.py", line 709, in checkout
    rec = pool._do_get()
  File "/usr/local/lib/python3.14/site-packages/sqlalchemy/pool/impl.py", line 176, in _do_get
    with util.safe_reraise():
         ~~~~~~~~~~~~~~~~~^^
  File "/usr/local/lib/python3.14/site-packages/sqlalchemy/util/langhelpers.py", line 166, in __exit__
    raise exc_value.with_traceback(exc_tb)
  File "/usr/local/lib/python3.14/site-packages/sqlalchemy/pool/impl.py", line 174, in _do_get
    return self._create_connection()
           ~~~~~~~~~~~~~~~~~~~~~~~^^
  File "/usr/local/lib/python3.14/site-packages/sqlalchemy/pool/base.py", line 386, in _create_connection
    return _ConnectionRecord(self)
  File "/usr/local/lib/python3.14/site-packages/sqlalchemy/pool/base.py", line 671, in __init__
    self.__connect()
    ~~~~~~~~~~~~~~^^
  File "/usr/local/lib/python3.14/site-packages/sqlalchemy/pool/base.py", line 906, in __connect
    with util.safe_reraise():
         ~~~~~~~~~~~~~~~~~^^
  File "/usr/local/lib/python3.14/site-packages/sqlalchemy/util/langhelpers.py", line 166, in __exit__
    raise exc_value.with_traceback(exc_tb)
  File "/usr/local/lib/python3.14/site-packages/sqlalchemy/pool/base.py", line 902, in __connect
    self.dbapi_connection = connection = pool._invoke_creator(self)
                                         ~~~~~~~~~~~~~~~~~~~~^^^^^^
  File "/usr/local/lib/python3.14/site-packages/sqlalchemy/engine/create.py", line 645, in connect
    return dialect.connect(*cargs_tup, **cparams)
           ~~~~~~~~~~~~~~~^^^^^^^^^^^^^^^^^^^^^^^
  File "/usr/local/lib/python3.14/site-packages/sqlalchemy/engine/default.py", line 869, in connect
    return self.loaded_dbapi.connect(*cargs, **cparams)  # type: ignore[no-any-return]  # NOQA: E501
           ~~~~~~~~~~~~~~~~~~~~~~~~~^^^^^^^^^^^^^^^^^^^
  File "/usr/local/lib/python3.14/site-packages/psycopg2/__init__.py", line 122, in connect
    conn = _connect(dsn, connection_factory=connection_factory, **kwasync)
psycopg2.OperationalError: could not translate host name "db" to address: Name or service not known


The above exception was the direct cause of the following exception:

Traceback (most recent call last):
  File "/app/pipeline/main.py", line 47, in main
    load_postgresql(geocoding_df, geocoding_table, if_exists="replace")
    ~~~~~~~~~~~~~~~^^^^^^^^^^^^^^^^^^^^^^^^^^^^^^^^^^^^^^^^^^^^^^^^^^^^
  File "/app/pipeline/loaded/load_postresql.py", line 324, in load_postgresql
    with engine.begin() as connection:
         ~~~~~~~~~~~~^^
  File "/usr/local/lib/python3.14/contextlib.py", line 141, in __enter__
    return next(self.gen)
  File "/usr/local/lib/python3.14/site-packages/sqlalchemy/engine/base.py", line 3224, in begin
    with self.connect() as conn:
         ~~~~~~~~~~~~^^
  File "/usr/local/lib/python3.14/site-packages/sqlalchemy/engine/base.py", line 3260, in connect
    return self._connection_cls(self)
           ~~~~~~~~~~~~~~~~~~~~^^^^^^
  File "/usr/local/lib/python3.14/site-packages/sqlalchemy/engine/base.py", line 151, in __init__
    Connection._handle_dbapi_exception_noconnection(
    ~~~~~~~~~~~~~~~~~~~~~~~~~~~~~~~~~~~~~~~~~~~~~~~^
        err, dialect, engine
        ^^^^^^^^^^^^^^^^^^^^
    )
    ^
  File "/usr/local/lib/python3.14/site-packages/sqlalchemy/engine/base.py", line 2417, in _handle_dbapi_exception_noconnection
    raise sqlalchemy_exception.with_traceback(exc_info[2]) from e
  File "/usr/local/lib/python3.14/site-packages/sqlalchemy/engine/base.py", line 149, in __init__
    self._dbapi_connection = engine.raw_connection()
                             ~~~~~~~~~~~~~~~~~~~~~^^
  File "/usr/local/lib/python3.14/site-packages/sqlalchemy/engine/base.py", line 3284, in raw_connection
    return self.pool.connect()
           ~~~~~~~~~~~~~~~~~^^
  File "/usr/local/lib/python3.14/site-packages/sqlalchemy/pool/base.py", line 445, in connect
    return _ConnectionFairy._checkout(self)
           ~~~~~~~~~~~~~~~~~~~~~~~~~~^^^^^^
  File "/usr/local/lib/python3.14/site-packages/sqlalchemy/pool/base.py", line 1303, in _checkout
    fairy = _ConnectionRecord.checkout(pool)
  File "/usr/local/lib/python3.14/site-packages/sqlalchemy/pool/base.py", line 709, in checkout
    rec = pool._do_get()
  File "/usr/local/lib/python3.14/site-packages/sqlalchemy/pool/impl.py", line 176, in _do_get
    with util.safe_reraise():
         ~~~~~~~~~~~~~~~~~^^
  File "/usr/local/lib/python3.14/site-packages/sqlalchemy/util/langhelpers.py", line 166, in __exit__
    raise exc_value.with_traceback(exc_tb)
  File "/usr/local/lib/python3.14/site-packages/sqlalchemy/pool/impl.py", line 174, in _do_get
    return self._create_connection()
           ~~~~~~~~~~~~~~~~~~~~~~~^^
  File "/usr/local/lib/python3.14/site-packages/sqlalchemy/pool/base.py", line 386, in _create_connection
    return _ConnectionRecord(self)
  File "/usr/local/lib/python3.14/site-packages/sqlalchemy/pool/base.py", line 671, in __init__
    self.__connect()
    ~~~~~~~~~~~~~~^^
  File "/usr/local/lib/python3.14/site-packages/sqlalchemy/pool/base.py", line 906, in __connect
    with util.safe_reraise():
         ~~~~~~~~~~~~~~~~~^^
  File "/usr/local/lib/python3.14/site-packages/sqlalchemy/util/langhelpers.py", line 166, in __exit__
    raise exc_value.with_traceback(exc_tb)
  File "/usr/local/lib/python3.14/site-packages/sqlalchemy/pool/base.py", line 902, in __connect
    self.dbapi_connection = connection = pool._invoke_creator(self)
                                         ~~~~~~~~~~~~~~~~~~~~^^^^^^
  File "/usr/local/lib/python3.14/site-packages/sqlalchemy/engine/create.py", line 645, in connect
    return dialect.connect(*cargs_tup, **cparams)
           ~~~~~~~~~~~~~~~^^^^^^^^^^^^^^^^^^^^^^^
  File "/usr/local/lib/python3.14/site-packages/sqlalchemy/engine/default.py", line 869, in connect
    return self.loaded_dbapi.connect(*cargs, **cparams)  # type: ignore[no-any-return]  # NOQA: E501
           ~~~~~~~~~~~~~~~~~~~~~~~~~^^^^^^^^^^^^^^^^^^^
  File "/usr/local/lib/python3.14/site-packages/psycopg2/__init__.py", line 122, in connect
    conn = _connect(dsn, connection_factory=connection_factory, **kwasync)
sqlalchemy.exc.OperationalError: (psycopg2.OperationalError) could not translate host name "db" to address: Name or service not known

(Background on this error at: https://sqlalche.me/e/21/e3q8)
2026-10-06 12:53:06,173 | INFO | __main__ | Processing city: Zamboanga City
2026-10-06 12:53:06,519 | INFO | __main__ | Geocoding extracted for Zamboanga City
2026-10-06 12:53:14,535 | ERROR | __main__ | Failed to process city: Zamboanga City
Traceback (most recent call last):
  File "/usr/local/lib/python3.14/site-packages/sqlalchemy/engine/base.py", line 149, in __init__
    self._dbapi_connection = engine.raw_connection()
                             ~~~~~~~~~~~~~~~~~~~~~^^
  File "/usr/local/lib/python3.14/site-packages/sqlalchemy/engine/base.py", line 3284, in raw_connection
    return self.pool.connect()
           ~~~~~~~~~~~~~~~~~^^
  File "/usr/local/lib/python3.14/site-packages/sqlalchemy/pool/base.py", line 445, in connect
    return _ConnectionFairy._checkout(self)
           ~~~~~~~~~~~~~~~~~~~~~~~~~~^^^^^^
  File "/usr/local/lib/python3.14/site-packages/sqlalchemy/pool/base.py", line 1303, in _checkout
    fairy = _ConnectionRecord.checkout(pool)
  File "/usr/local/lib/python3.14/site-packages/sqlalchemy/pool/base.py", line 709, in checkout
    rec = pool._do_get()
  File "/usr/local/lib/python3.14/site-packages/sqlalchemy/pool/impl.py", line 176, in _do_get
    with util.safe_reraise():
         ~~~~~~~~~~~~~~~~~^^
  File "/usr/local/lib/python3.14/site-packages/sqlalchemy/util/langhelpers.py", line 166, in __exit__
    raise exc_value.with_traceback(exc_tb)
  File "/usr/local/lib/python3.14/site-packages/sqlalchemy/pool/impl.py", line 174, in _do_get
    return self._create_connection()
           ~~~~~~~~~~~~~~~~~~~~~~~^^
  File "/usr/local/lib/python3.14/site-packages/sqlalchemy/pool/base.py", line 386, in _create_connection
    return _ConnectionRecord(self)
  File "/usr/local/lib/python3.14/site-packages/sqlalchemy/pool/base.py", line 671, in __init__
    self.__connect()
    ~~~~~~~~~~~~~~^^
  File "/usr/local/lib/python3.14/site-packages/sqlalchemy/pool/base.py", line 906, in __connect
    with util.safe_reraise():
         ~~~~~~~~~~~~~~~~~^^
  File "/usr/local/lib/python3.14/site-packages/sqlalchemy/util/langhelpers.py", line 166, in __exit__
    raise exc_value.with_traceback(exc_tb)
  File "/usr/local/lib/python3.14/site-packages/sqlalchemy/pool/base.py", line 902, in __connect
    self.dbapi_connection = connection = pool._invoke_creator(self)
                                         ~~~~~~~~~~~~~~~~~~~~^^^^^^
  File "/usr/local/lib/python3.14/site-packages/sqlalchemy/engine/create.py", line 645, in connect
    return dialect.connect(*cargs_tup, **cparams)
           ~~~~~~~~~~~~~~~^^^^^^^^^^^^^^^^^^^^^^^
  File "/usr/local/lib/python3.14/site-packages/sqlalchemy/engine/default.py", line 869, in connect
    return self.loaded_dbapi.connect(*cargs, **cparams)  # type: ignore[no-any-return]  # NOQA: E501
           ~~~~~~~~~~~~~~~~~~~~~~~~~^^^^^^^^^^^^^^^^^^^
  File "/usr/local/lib/python3.14/site-packages/psycopg2/__init__.py", line 122, in connect
    conn = _connect(dsn, connection_factory=connection_factory, **kwasync)
psycopg2.OperationalError: could not translate host name "db" to address: Temporary failure in name resolution


The above exception was the direct cause of the following exception:

Traceback (most recent call last):
  File "/app/pipeline/main.py", line 47, in main
    load_postgresql(geocoding_df, geocoding_table, if_exists="replace")
    ~~~~~~~~~~~~~~~^^^^^^^^^^^^^^^^^^^^^^^^^^^^^^^^^^^^^^^^^^^^^^^^^^^^
  File "/app/pipeline/loaded/load_postresql.py", line 324, in load_postgresql
    with engine.begin() as connection:
         ~~~~~~~~~~~~^^
  File "/usr/local/lib/python3.14/contextlib.py", line 141, in __enter__
    return next(self.gen)
  File "/usr/local/lib/python3.14/site-packages/sqlalchemy/engine/base.py", line 3224, in begin
    with self.connect() as conn:
         ~~~~~~~~~~~~^^
  File "/usr/local/lib/python3.14/site-packages/sqlalchemy/engine/base.py", line 3260, in connect
    return self._connection_cls(self)
           ~~~~~~~~~~~~~~~~~~~~^^^^^^
  File "/usr/local/lib/python3.14/site-packages/sqlalchemy/engine/base.py", line 151, in __init__
    Connection._handle_dbapi_exception_noconnection(
    ~~~~~~~~~~~~~~~~~~~~~~~~~~~~~~~~~~~~~~~~~~~~~~~^
        err, dialect, engine
        ^^^^^^^^^^^^^^^^^^^^
    )
    ^
  File "/usr/local/lib/python3.14/site-packages/sqlalchemy/engine/base.py", line 2417, in _handle_dbapi_exception_noconnection
    raise sqlalchemy_exception.with_traceback(exc_info[2]) from e
  File "/usr/local/lib/python3.14/site-packages/sqlalchemy/engine/base.py", line 149, in __init__
    self._dbapi_connection = engine.raw_connection()
                             ~~~~~~~~~~~~~~~~~~~~~^^
  File "/usr/local/lib/python3.14/site-packages/sqlalchemy/engine/base.py", line 3284, in raw_connection
    return self.pool.connect()
           ~~~~~~~~~~~~~~~~~^^
  File "/usr/local/lib/python3.14/site-packages/sqlalchemy/pool/base.py", line 445, in connect
    return _ConnectionFairy._checkout(self)
           ~~~~~~~~~~~~~~~~~~~~~~~~~~^^^^^^
  File "/usr/local/lib/python3.14/site-packages/sqlalchemy/pool/base.py", line 1303, in _checkout
    fairy = _ConnectionRecord.checkout(pool)
  File "/usr/local/lib/python3.14/site-packages/sqlalchemy/pool/base.py", line 709, in checkout
    rec = pool._do_get()
  File "/usr/local/lib/python3.14/site-packages/sqlalchemy/pool/impl.py", line 176, in _do_get
    with util.safe_reraise():
         ~~~~~~~~~~~~~~~~~^^
  File "/usr/local/lib/python3.14/site-packages/sqlalchemy/util/langhelpers.py", line 166, in __exit__
    raise exc_value.with_traceback(exc_tb)
  File "/usr/local/lib/python3.14/site-packages/sqlalchemy/pool/impl.py", line 174, in _do_get
    return self._create_connection()
           ~~~~~~~~~~~~~~~~~~~~~~~^^
  File "/usr/local/lib/python3.14/site-packages/sqlalchemy/pool/base.py", line 386, in _create_connection
    return _ConnectionRecord(self)
  File "/usr/local/lib/python3.14/site-packages/sqlalchemy/pool/base.py", line 671, in __init__
    self.__connect()
    ~~~~~~~~~~~~~~^^
  File "/usr/local/lib/python3.14/site-packages/sqlalchemy/pool/base.py", line 906, in __connect
    with util.safe_reraise():
         ~~~~~~~~~~~~~~~~~^^
  File "/usr/local/lib/python3.14/site-packages/sqlalchemy/util/langhelpers.py", line 166, in __exit__
    raise exc_value.with_traceback(exc_tb)
  File "/usr/local/lib/python3.14/site-packages/sqlalchemy/pool/base.py", line 902, in __connect
    self.dbapi_connection = connection = pool._invoke_creator(self)
                                         ~~~~~~~~~~~~~~~~~~~~^^^^^^
  File "/usr/local/lib/python3.14/site-packages/sqlalchemy/engine/create.py", line 645, in connect
    return dialect.connect(*cargs_tup, **cparams)
           ~~~~~~~~~~~~~~~^^^^^^^^^^^^^^^^^^^^^^^
  File "/usr/local/lib/python3.14/site-packages/sqlalchemy/engine/default.py", line 869, in connect
    return self.loaded_dbapi.connect(*cargs, **cparams)  # type: ignore[no-any-return]  # NOQA: E501
           ~~~~~~~~~~~~~~~~~~~~~~~~~^^^^^^^^^^^^^^^^^^^
  File "/usr/local/lib/python3.14/site-packages/psycopg2/__init__.py", line 122, in connect
    conn = _connect(dsn, connection_factory=connection_factory, **kwasync)
sqlalchemy.exc.OperationalError: (psycopg2.OperationalError) could not translate host name "db" to address: Temporary failure in name resolution

(Background on this error at: https://sqlalche.me/e/21/e3q8)
2026-10-06 12:53:14,548 | INFO | __main__ | Weather ingestion completed.
2026-10-06 12:54:08,488 | INFO | __main__ | Starting Weather Ingestion...
2026-10-06 12:54:08,490 | INFO | __main__ | Processing city: Manila
2026-10-06 12:54:08,806 | INFO | __main__ | Geocoding extracted for Manila
2026-10-06 12:54:08,963 | ERROR | __main__ | Failed to process city: Manila
Traceback (most recent call last):
  File "/usr/local/lib/python3.14/site-packages/sqlalchemy/engine/base.py", line 149, in __init__
    self._dbapi_connection = engine.raw_connection()
                             ~~~~~~~~~~~~~~~~~~~~~^^
  File "/usr/local/lib/python3.14/site-packages/sqlalchemy/engine/base.py", line 3284, in raw_connection
    return self.pool.connect()
           ~~~~~~~~~~~~~~~~~^^
  File "/usr/local/lib/python3.14/site-packages/sqlalchemy/pool/base.py", line 445, in connect
    return _ConnectionFairy._checkout(self)
           ~~~~~~~~~~~~~~~~~~~~~~~~~~^^^^^^
  File "/usr/local/lib/python3.14/site-packages/sqlalchemy/pool/base.py", line 1303, in _checkout
    fairy = _ConnectionRecord.checkout(pool)
  File "/usr/local/lib/python3.14/site-packages/sqlalchemy/pool/base.py", line 709, in checkout
    rec = pool._do_get()
  File "/usr/local/lib/python3.14/site-packages/sqlalchemy/pool/impl.py", line 176, in _do_get
    with util.safe_reraise():
         ~~~~~~~~~~~~~~~~~^^
  File "/usr/local/lib/python3.14/site-packages/sqlalchemy/util/langhelpers.py", line 166, in __exit__
    raise exc_value.with_traceback(exc_tb)
  File "/usr/local/lib/python3.14/site-packages/sqlalchemy/pool/impl.py", line 174, in _do_get
    return self._create_connection()
           ~~~~~~~~~~~~~~~~~~~~~~~^^
  File "/usr/local/lib/python3.14/site-packages/sqlalchemy/pool/base.py", line 386, in _create_connection
    return _ConnectionRecord(self)
  File "/usr/local/lib/python3.14/site-packages/sqlalchemy/pool/base.py", line 671, in __init__
    self.__connect()
    ~~~~~~~~~~~~~~^^
  File "/usr/local/lib/python3.14/site-packages/sqlalchemy/pool/base.py", line 906, in __connect
    with util.safe_reraise():
         ~~~~~~~~~~~~~~~~~^^
  File "/usr/local/lib/python3.14/site-packages/sqlalchemy/util/langhelpers.py", line 166, in __exit__
    raise exc_value.with_traceback(exc_tb)
  File "/usr/local/lib/python3.14/site-packages/sqlalchemy/pool/base.py", line 902, in __connect
    self.dbapi_connection = connection = pool._invoke_creator(self)
                                         ~~~~~~~~~~~~~~~~~~~~^^^^^^
  File "/usr/local/lib/python3.14/site-packages/sqlalchemy/engine/create.py", line 645, in connect
    return dialect.connect(*cargs_tup, **cparams)
           ~~~~~~~~~~~~~~~^^^^^^^^^^^^^^^^^^^^^^^
  File "/usr/local/lib/python3.14/site-packages/sqlalchemy/engine/default.py", line 869, in connect
    return self.loaded_dbapi.connect(*cargs, **cparams)  # type: ignore[no-any-return]  # NOQA: E501
           ~~~~~~~~~~~~~~~~~~~~~~~~~^^^^^^^^^^^^^^^^^^^
  File "/usr/local/lib/python3.14/site-packages/psycopg2/__init__.py", line 122, in connect
    conn = _connect(dsn, connection_factory=connection_factory, **kwasync)
psycopg2.OperationalError: connection to server at "host.docker.internal" (192.168.65.254), port 5432 failed: FATAL:  password authentication failed for user "weatherflow"


The above exception was the direct cause of the following exception:

Traceback (most recent call last):
  File "/app/pipeline/main.py", line 47, in main
    load_postgresql(geocoding_df, geocoding_table, if_exists="replace")
    ~~~~~~~~~~~~~~~^^^^^^^^^^^^^^^^^^^^^^^^^^^^^^^^^^^^^^^^^^^^^^^^^^^^
  File "/app/pipeline/loaded/load_postresql.py", line 324, in load_postgresql
    with engine.begin() as connection:
         ~~~~~~~~~~~~^^
  File "/usr/local/lib/python3.14/contextlib.py", line 141, in __enter__
    return next(self.gen)
  File "/usr/local/lib/python3.14/site-packages/sqlalchemy/engine/base.py", line 3224, in begin
    with self.connect() as conn:
         ~~~~~~~~~~~~^^
  File "/usr/local/lib/python3.14/site-packages/sqlalchemy/engine/base.py", line 3260, in connect
    return self._connection_cls(self)
           ~~~~~~~~~~~~~~~~~~~~^^^^^^
  File "/usr/local/lib/python3.14/site-packages/sqlalchemy/engine/base.py", line 151, in __init__
    Connection._handle_dbapi_exception_noconnection(
    ~~~~~~~~~~~~~~~~~~~~~~~~~~~~~~~~~~~~~~~~~~~~~~~^
        err, dialect, engine
        ^^^^^^^^^^^^^^^^^^^^
    )
    ^
  File "/usr/local/lib/python3.14/site-packages/sqlalchemy/engine/base.py", line 2417, in _handle_dbapi_exception_noconnection
    raise sqlalchemy_exception.with_traceback(exc_info[2]) from e
  File "/usr/local/lib/python3.14/site-packages/sqlalchemy/engine/base.py", line 149, in __init__
    self._dbapi_connection = engine.raw_connection()
                             ~~~~~~~~~~~~~~~~~~~~~^^
  File "/usr/local/lib/python3.14/site-packages/sqlalchemy/engine/base.py", line 3284, in raw_connection
    return self.pool.connect()
           ~~~~~~~~~~~~~~~~~^^
  File "/usr/local/lib/python3.14/site-packages/sqlalchemy/pool/base.py", line 445, in connect
    return _ConnectionFairy._checkout(self)
           ~~~~~~~~~~~~~~~~~~~~~~~~~~^^^^^^
  File "/usr/local/lib/python3.14/site-packages/sqlalchemy/pool/base.py", line 1303, in _checkout
    fairy = _ConnectionRecord.checkout(pool)
  File "/usr/local/lib/python3.14/site-packages/sqlalchemy/pool/base.py", line 709, in checkout
    rec = pool._do_get()
  File "/usr/local/lib/python3.14/site-packages/sqlalchemy/pool/impl.py", line 176, in _do_get
    with util.safe_reraise():
         ~~~~~~~~~~~~~~~~~^^
  File "/usr/local/lib/python3.14/site-packages/sqlalchemy/util/langhelpers.py", line 166, in __exit__
    raise exc_value.with_traceback(exc_tb)
  File "/usr/local/lib/python3.14/site-packages/sqlalchemy/pool/impl.py", line 174, in _do_get
    return self._create_connection()
           ~~~~~~~~~~~~~~~~~~~~~~~^^
  File "/usr/local/lib/python3.14/site-packages/sqlalchemy/pool/base.py", line 386, in _create_connection
    return _ConnectionRecord(self)
  File "/usr/local/lib/python3.14/site-packages/sqlalchemy/pool/base.py", line 671, in __init__
    self.__connect()
    ~~~~~~~~~~~~~~^^
  File "/usr/local/lib/python3.14/site-packages/sqlalchemy/pool/base.py", line 906, in __connect
    with util.safe_reraise():
         ~~~~~~~~~~~~~~~~~^^
  File "/usr/local/lib/python3.14/site-packages/sqlalchemy/util/langhelpers.py", line 166, in __exit__
    raise exc_value.with_traceback(exc_tb)
  File "/usr/local/lib/python3.14/site-packages/sqlalchemy/pool/base.py", line 902, in __connect
    self.dbapi_connection = connection = pool._invoke_creator(self)
                                         ~~~~~~~~~~~~~~~~~~~~^^^^^^
  File "/usr/local/lib/python3.14/site-packages/sqlalchemy/engine/create.py", line 645, in connect
    return dialect.connect(*cargs_tup, **cparams)
           ~~~~~~~~~~~~~~~^^^^^^^^^^^^^^^^^^^^^^^
  File "/usr/local/lib/python3.14/site-packages/sqlalchemy/engine/default.py", line 869, in connect
    return self.loaded_dbapi.connect(*cargs, **cparams)  # type: ignore[no-any-return]  # NOQA: E501
           ~~~~~~~~~~~~~~~~~~~~~~~~~^^^^^^^^^^^^^^^^^^^
  File "/usr/local/lib/python3.14/site-packages/psycopg2/__init__.py", line 122, in connect
    conn = _connect(dsn, connection_factory=connection_factory, **kwasync)
sqlalchemy.exc.OperationalError: (psycopg2.OperationalError) connection to server at "host.docker.internal" (192.168.65.254), port 5432 failed: FATAL:  password authentication failed for user "weatherflow"

(Background on this error at: https://sqlalche.me/e/21/e3q8)
2026-10-06 12:54:08,972 | INFO | __main__ | Processing city: Quezon City
2026-10-06 12:54:09,217 | INFO | __main__ | Geocoding extracted for Quezon City
2026-10-06 12:54:09,280 | ERROR | __main__ | Failed to process city: Quezon City
Traceback (most recent call last):
  File "/usr/local/lib/python3.14/site-packages/sqlalchemy/engine/base.py", line 149, in __init__
    self._dbapi_connection = engine.raw_connection()
                             ~~~~~~~~~~~~~~~~~~~~~^^
  File "/usr/local/lib/python3.14/site-packages/sqlalchemy/engine/base.py", line 3284, in raw_connection
    return self.pool.connect()
           ~~~~~~~~~~~~~~~~~^^
  File "/usr/local/lib/python3.14/site-packages/sqlalchemy/pool/base.py", line 445, in connect
    return _ConnectionFairy._checkout(self)
           ~~~~~~~~~~~~~~~~~~~~~~~~~~^^^^^^
  File "/usr/local/lib/python3.14/site-packages/sqlalchemy/pool/base.py", line 1303, in _checkout
    fairy = _ConnectionRecord.checkout(pool)
  File "/usr/local/lib/python3.14/site-packages/sqlalchemy/pool/base.py", line 709, in checkout
    rec = pool._do_get()
  File "/usr/local/lib/python3.14/site-packages/sqlalchemy/pool/impl.py", line 176, in _do_get
    with util.safe_reraise():
         ~~~~~~~~~~~~~~~~~^^
  File "/usr/local/lib/python3.14/site-packages/sqlalchemy/util/langhelpers.py", line 166, in __exit__
    raise exc_value.with_traceback(exc_tb)
  File "/usr/local/lib/python3.14/site-packages/sqlalchemy/pool/impl.py", line 174, in _do_get
    return self._create_connection()
           ~~~~~~~~~~~~~~~~~~~~~~~^^
  File "/usr/local/lib/python3.14/site-packages/sqlalchemy/pool/base.py", line 386, in _create_connection
    return _ConnectionRecord(self)
  File "/usr/local/lib/python3.14/site-packages/sqlalchemy/pool/base.py", line 671, in __init__
    self.__connect()
    ~~~~~~~~~~~~~~^^
  File "/usr/local/lib/python3.14/site-packages/sqlalchemy/pool/base.py", line 906, in __connect
    with util.safe_reraise():
         ~~~~~~~~~~~~~~~~~^^
  File "/usr/local/lib/python3.14/site-packages/sqlalchemy/util/langhelpers.py", line 166, in __exit__
    raise exc_value.with_traceback(exc_tb)
  File "/usr/local/lib/python3.14/site-packages/sqlalchemy/pool/base.py", line 902, in __connect
    self.dbapi_connection = connection = pool._invoke_creator(self)
                                         ~~~~~~~~~~~~~~~~~~~~^^^^^^
  File "/usr/local/lib/python3.14/site-packages/sqlalchemy/engine/create.py", line 645, in connect
    return dialect.connect(*cargs_tup, **cparams)
           ~~~~~~~~~~~~~~~^^^^^^^^^^^^^^^^^^^^^^^
  File "/usr/local/lib/python3.14/site-packages/sqlalchemy/engine/default.py", line 869, in connect
    return self.loaded_dbapi.connect(*cargs, **cparams)  # type: ignore[no-any-return]  # NOQA: E501
           ~~~~~~~~~~~~~~~~~~~~~~~~~^^^^^^^^^^^^^^^^^^^
  File "/usr/local/lib/python3.14/site-packages/psycopg2/__init__.py", line 122, in connect
    conn = _connect(dsn, connection_factory=connection_factory, **kwasync)
psycopg2.OperationalError: connection to server at "host.docker.internal" (192.168.65.254), port 5432 failed: FATAL:  password authentication failed for user "weatherflow"


The above exception was the direct cause of the following exception:

Traceback (most recent call last):
  File "/app/pipeline/main.py", line 47, in main
    load_postgresql(geocoding_df, geocoding_table, if_exists="replace")
    ~~~~~~~~~~~~~~~^^^^^^^^^^^^^^^^^^^^^^^^^^^^^^^^^^^^^^^^^^^^^^^^^^^^
  File "/app/pipeline/loaded/load_postresql.py", line 324, in load_postgresql
    with engine.begin() as connection:
         ~~~~~~~~~~~~^^
  File "/usr/local/lib/python3.14/contextlib.py", line 141, in __enter__
    return next(self.gen)
  File "/usr/local/lib/python3.14/site-packages/sqlalchemy/engine/base.py", line 3224, in begin
    with self.connect() as conn:
         ~~~~~~~~~~~~^^
  File "/usr/local/lib/python3.14/site-packages/sqlalchemy/engine/base.py", line 3260, in connect
    return self._connection_cls(self)
           ~~~~~~~~~~~~~~~~~~~~^^^^^^
  File "/usr/local/lib/python3.14/site-packages/sqlalchemy/engine/base.py", line 151, in __init__
    Connection._handle_dbapi_exception_noconnection(
    ~~~~~~~~~~~~~~~~~~~~~~~~~~~~~~~~~~~~~~~~~~~~~~~^
        err, dialect, engine
        ^^^^^^^^^^^^^^^^^^^^
    )
    ^
  File "/usr/local/lib/python3.14/site-packages/sqlalchemy/engine/base.py", line 2417, in _handle_dbapi_exception_noconnection
    raise sqlalchemy_exception.with_traceback(exc_info[2]) from e
  File "/usr/local/lib/python3.14/site-packages/sqlalchemy/engine/base.py", line 149, in __init__
    self._dbapi_connection = engine.raw_connection()
                             ~~~~~~~~~~~~~~~~~~~~~^^
  File "/usr/local/lib/python3.14/site-packages/sqlalchemy/engine/base.py", line 3284, in raw_connection
    return self.pool.connect()
           ~~~~~~~~~~~~~~~~~^^
  File "/usr/local/lib/python3.14/site-packages/sqlalchemy/pool/base.py", line 445, in connect
    return _ConnectionFairy._checkout(self)
           ~~~~~~~~~~~~~~~~~~~~~~~~~~^^^^^^
  File "/usr/local/lib/python3.14/site-packages/sqlalchemy/pool/base.py", line 1303, in _checkout
    fairy = _ConnectionRecord.checkout(pool)
  File "/usr/local/lib/python3.14/site-packages/sqlalchemy/pool/base.py", line 709, in checkout
    rec = pool._do_get()
  File "/usr/local/lib/python3.14/site-packages/sqlalchemy/pool/impl.py", line 176, in _do_get
    with util.safe_reraise():
         ~~~~~~~~~~~~~~~~~^^
  File "/usr/local/lib/python3.14/site-packages/sqlalchemy/util/langhelpers.py", line 166, in __exit__
    raise exc_value.with_traceback(exc_tb)
  File "/usr/local/lib/python3.14/site-packages/sqlalchemy/pool/impl.py", line 174, in _do_get
    return self._create_connection()
           ~~~~~~~~~~~~~~~~~~~~~~~^^
  File "/usr/local/lib/python3.14/site-packages/sqlalchemy/pool/base.py", line 386, in _create_connection
    return _ConnectionRecord(self)
  File "/usr/local/lib/python3.14/site-packages/sqlalchemy/pool/base.py", line 671, in __init__
    self.__connect()
    ~~~~~~~~~~~~~~^^
  File "/usr/local/lib/python3.14/site-packages/sqlalchemy/pool/base.py", line 906, in __connect
    with util.safe_reraise():
         ~~~~~~~~~~~~~~~~~^^
  File "/usr/local/lib/python3.14/site-packages/sqlalchemy/util/langhelpers.py", line 166, in __exit__
    raise exc_value.with_traceback(exc_tb)
  File "/usr/local/lib/python3.14/site-packages/sqlalchemy/pool/base.py", line 902, in __connect
    self.dbapi_connection = connection = pool._invoke_creator(self)
                                         ~~~~~~~~~~~~~~~~~~~~^^^^^^
  File "/usr/local/lib/python3.14/site-packages/sqlalchemy/engine/create.py", line 645, in connect
    return dialect.connect(*cargs_tup, **cparams)
           ~~~~~~~~~~~~~~~^^^^^^^^^^^^^^^^^^^^^^^
  File "/usr/local/lib/python3.14/site-packages/sqlalchemy/engine/default.py", line 869, in connect
    return self.loaded_dbapi.connect(*cargs, **cparams)  # type: ignore[no-any-return]  # NOQA: E501
           ~~~~~~~~~~~~~~~~~~~~~~~~~^^^^^^^^^^^^^^^^^^^
  File "/usr/local/lib/python3.14/site-packages/psycopg2/__init__.py", line 122, in connect
    conn = _connect(dsn, connection_factory=connection_factory, **kwasync)
sqlalchemy.exc.OperationalError: (psycopg2.OperationalError) connection to server at "host.docker.internal" (192.168.65.254), port 5432 failed: FATAL:  password authentication failed for user "weatherflow"

(Background on this error at: https://sqlalche.me/e/21/e3q8)
2026-10-06 12:54:09,285 | INFO | __main__ | Processing city: Cebu City
2026-10-06 12:54:09,516 | INFO | __main__ | Geocoding extracted for Cebu City
2026-10-06 12:54:09,570 | ERROR | __main__ | Failed to process city: Cebu City
Traceback (most recent call last):
  File "/usr/local/lib/python3.14/site-packages/sqlalchemy/engine/base.py", line 149, in __init__
    self._dbapi_connection = engine.raw_connection()
                             ~~~~~~~~~~~~~~~~~~~~~^^
  File "/usr/local/lib/python3.14/site-packages/sqlalchemy/engine/base.py", line 3284, in raw_connection
    return self.pool.connect()
           ~~~~~~~~~~~~~~~~~^^
  File "/usr/local/lib/python3.14/site-packages/sqlalchemy/pool/base.py", line 445, in connect
    return _ConnectionFairy._checkout(self)
           ~~~~~~~~~~~~~~~~~~~~~~~~~~^^^^^^
  File "/usr/local/lib/python3.14/site-packages/sqlalchemy/pool/base.py", line 1303, in _checkout
    fairy = _ConnectionRecord.checkout(pool)
  File "/usr/local/lib/python3.14/site-packages/sqlalchemy/pool/base.py", line 709, in checkout
    rec = pool._do_get()
  File "/usr/local/lib/python3.14/site-packages/sqlalchemy/pool/impl.py", line 176, in _do_get
    with util.safe_reraise():
         ~~~~~~~~~~~~~~~~~^^
  File "/usr/local/lib/python3.14/site-packages/sqlalchemy/util/langhelpers.py", line 166, in __exit__
    raise exc_value.with_traceback(exc_tb)
  File "/usr/local/lib/python3.14/site-packages/sqlalchemy/pool/impl.py", line 174, in _do_get
    return self._create_connection()
           ~~~~~~~~~~~~~~~~~~~~~~~^^
  File "/usr/local/lib/python3.14/site-packages/sqlalchemy/pool/base.py", line 386, in _create_connection
    return _ConnectionRecord(self)
  File "/usr/local/lib/python3.14/site-packages/sqlalchemy/pool/base.py", line 671, in __init__
    self.__connect()
    ~~~~~~~~~~~~~~^^
  File "/usr/local/lib/python3.14/site-packages/sqlalchemy/pool/base.py", line 906, in __connect
    with util.safe_reraise():
         ~~~~~~~~~~~~~~~~~^^
  File "/usr/local/lib/python3.14/site-packages/sqlalchemy/util/langhelpers.py", line 166, in __exit__
    raise exc_value.with_traceback(exc_tb)
  File "/usr/local/lib/python3.14/site-packages/sqlalchemy/pool/base.py", line 902, in __connect
    self.dbapi_connection = connection = pool._invoke_creator(self)
                                         ~~~~~~~~~~~~~~~~~~~~^^^^^^
  File "/usr/local/lib/python3.14/site-packages/sqlalchemy/engine/create.py", line 645, in connect
    return dialect.connect(*cargs_tup, **cparams)
           ~~~~~~~~~~~~~~~^^^^^^^^^^^^^^^^^^^^^^^
  File "/usr/local/lib/python3.14/site-packages/sqlalchemy/engine/default.py", line 869, in connect
    return self.loaded_dbapi.connect(*cargs, **cparams)  # type: ignore[no-any-return]  # NOQA: E501
           ~~~~~~~~~~~~~~~~~~~~~~~~~^^^^^^^^^^^^^^^^^^^
  File "/usr/local/lib/python3.14/site-packages/psycopg2/__init__.py", line 122, in connect
    conn = _connect(dsn, connection_factory=connection_factory, **kwasync)
psycopg2.OperationalError: connection to server at "host.docker.internal" (192.168.65.254), port 5432 failed: FATAL:  password authentication failed for user "weatherflow"


The above exception was the direct cause of the following exception:

Traceback (most recent call last):
  File "/app/pipeline/main.py", line 47, in main
    load_postgresql(geocoding_df, geocoding_table, if_exists="replace")
    ~~~~~~~~~~~~~~~^^^^^^^^^^^^^^^^^^^^^^^^^^^^^^^^^^^^^^^^^^^^^^^^^^^^
  File "/app/pipeline/loaded/load_postresql.py", line 324, in load_postgresql
    with engine.begin() as connection:
         ~~~~~~~~~~~~^^
  File "/usr/local/lib/python3.14/contextlib.py", line 141, in __enter__
    return next(self.gen)
  File "/usr/local/lib/python3.14/site-packages/sqlalchemy/engine/base.py", line 3224, in begin
    with self.connect() as conn:
         ~~~~~~~~~~~~^^
  File "/usr/local/lib/python3.14/site-packages/sqlalchemy/engine/base.py", line 3260, in connect
    return self._connection_cls(self)
           ~~~~~~~~~~~~~~~~~~~~^^^^^^
  File "/usr/local/lib/python3.14/site-packages/sqlalchemy/engine/base.py", line 151, in __init__
    Connection._handle_dbapi_exception_noconnection(
    ~~~~~~~~~~~~~~~~~~~~~~~~~~~~~~~~~~~~~~~~~~~~~~~^
        err, dialect, engine
        ^^^^^^^^^^^^^^^^^^^^
    )
    ^
  File "/usr/local/lib/python3.14/site-packages/sqlalchemy/engine/base.py", line 2417, in _handle_dbapi_exception_noconnection
    raise sqlalchemy_exception.with_traceback(exc_info[2]) from e
  File "/usr/local/lib/python3.14/site-packages/sqlalchemy/engine/base.py", line 149, in __init__
    self._dbapi_connection = engine.raw_connection()
                             ~~~~~~~~~~~~~~~~~~~~~^^
  File "/usr/local/lib/python3.14/site-packages/sqlalchemy/engine/base.py", line 3284, in raw_connection
    return self.pool.connect()
           ~~~~~~~~~~~~~~~~~^^
  File "/usr/local/lib/python3.14/site-packages/sqlalchemy/pool/base.py", line 445, in connect
    return _ConnectionFairy._checkout(self)
           ~~~~~~~~~~~~~~~~~~~~~~~~~~^^^^^^
  File "/usr/local/lib/python3.14/site-packages/sqlalchemy/pool/base.py", line 1303, in _checkout
    fairy = _ConnectionRecord.checkout(pool)
  File "/usr/local/lib/python3.14/site-packages/sqlalchemy/pool/base.py", line 709, in checkout
    rec = pool._do_get()
  File "/usr/local/lib/python3.14/site-packages/sqlalchemy/pool/impl.py", line 176, in _do_get
    with util.safe_reraise():
         ~~~~~~~~~~~~~~~~~^^
  File "/usr/local/lib/python3.14/site-packages/sqlalchemy/util/langhelpers.py", line 166, in __exit__
    raise exc_value.with_traceback(exc_tb)
  File "/usr/local/lib/python3.14/site-packages/sqlalchemy/pool/impl.py", line 174, in _do_get
    return self._create_connection()
           ~~~~~~~~~~~~~~~~~~~~~~~^^
  File "/usr/local/lib/python3.14/site-packages/sqlalchemy/pool/base.py", line 386, in _create_connection
    return _ConnectionRecord(self)
  File "/usr/local/lib/python3.14/site-packages/sqlalchemy/pool/base.py", line 671, in __init__
    self.__connect()
    ~~~~~~~~~~~~~~^^
  File "/usr/local/lib/python3.14/site-packages/sqlalchemy/pool/base.py", line 906, in __connect
    with util.safe_reraise():
         ~~~~~~~~~~~~~~~~~^^
  File "/usr/local/lib/python3.14/site-packages/sqlalchemy/util/langhelpers.py", line 166, in __exit__
    raise exc_value.with_traceback(exc_tb)
  File "/usr/local/lib/python3.14/site-packages/sqlalchemy/pool/base.py", line 902, in __connect
    self.dbapi_connection = connection = pool._invoke_creator(self)
                                         ~~~~~~~~~~~~~~~~~~~~^^^^^^
  File "/usr/local/lib/python3.14/site-packages/sqlalchemy/engine/create.py", line 645, in connect
    return dialect.connect(*cargs_tup, **cparams)
           ~~~~~~~~~~~~~~~^^^^^^^^^^^^^^^^^^^^^^^
  File "/usr/local/lib/python3.14/site-packages/sqlalchemy/engine/default.py", line 869, in connect
    return self.loaded_dbapi.connect(*cargs, **cparams)  # type: ignore[no-any-return]  # NOQA: E501
           ~~~~~~~~~~~~~~~~~~~~~~~~~^^^^^^^^^^^^^^^^^^^
  File "/usr/local/lib/python3.14/site-packages/psycopg2/__init__.py", line 122, in connect
    conn = _connect(dsn, connection_factory=connection_factory, **kwasync)
sqlalchemy.exc.OperationalError: (psycopg2.OperationalError) connection to server at "host.docker.internal" (192.168.65.254), port 5432 failed: FATAL:  password authentication failed for user "weatherflow"

(Background on this error at: https://sqlalche.me/e/21/e3q8)
2026-10-06 12:54:09,576 | INFO | __main__ | Processing city: Davao City
2026-10-06 12:54:09,856 | INFO | __main__ | Geocoding extracted for Davao City
2026-10-06 12:54:09,929 | ERROR | __main__ | Failed to process city: Davao City
Traceback (most recent call last):
  File "/usr/local/lib/python3.14/site-packages/sqlalchemy/engine/base.py", line 149, in __init__
    self._dbapi_connection = engine.raw_connection()
                             ~~~~~~~~~~~~~~~~~~~~~^^
  File "/usr/local/lib/python3.14/site-packages/sqlalchemy/engine/base.py", line 3284, in raw_connection
    return self.pool.connect()
           ~~~~~~~~~~~~~~~~~^^
  File "/usr/local/lib/python3.14/site-packages/sqlalchemy/pool/base.py", line 445, in connect
    return _ConnectionFairy._checkout(self)
           ~~~~~~~~~~~~~~~~~~~~~~~~~~^^^^^^
  File "/usr/local/lib/python3.14/site-packages/sqlalchemy/pool/base.py", line 1303, in _checkout
    fairy = _ConnectionRecord.checkout(pool)
  File "/usr/local/lib/python3.14/site-packages/sqlalchemy/pool/base.py", line 709, in checkout
    rec = pool._do_get()
  File "/usr/local/lib/python3.14/site-packages/sqlalchemy/pool/impl.py", line 176, in _do_get
    with util.safe_reraise():
         ~~~~~~~~~~~~~~~~~^^
  File "/usr/local/lib/python3.14/site-packages/sqlalchemy/util/langhelpers.py", line 166, in __exit__
    raise exc_value.with_traceback(exc_tb)
  File "/usr/local/lib/python3.14/site-packages/sqlalchemy/pool/impl.py", line 174, in _do_get
    return self._create_connection()
           ~~~~~~~~~~~~~~~~~~~~~~~^^
  File "/usr/local/lib/python3.14/site-packages/sqlalchemy/pool/base.py", line 386, in _create_connection
    return _ConnectionRecord(self)
  File "/usr/local/lib/python3.14/site-packages/sqlalchemy/pool/base.py", line 671, in __init__
    self.__connect()
    ~~~~~~~~~~~~~~^^
  File "/usr/local/lib/python3.14/site-packages/sqlalchemy/pool/base.py", line 906, in __connect
    with util.safe_reraise():
         ~~~~~~~~~~~~~~~~~^^
  File "/usr/local/lib/python3.14/site-packages/sqlalchemy/util/langhelpers.py", line 166, in __exit__
    raise exc_value.with_traceback(exc_tb)
  File "/usr/local/lib/python3.14/site-packages/sqlalchemy/pool/base.py", line 902, in __connect
    self.dbapi_connection = connection = pool._invoke_creator(self)
                                         ~~~~~~~~~~~~~~~~~~~~^^^^^^
  File "/usr/local/lib/python3.14/site-packages/sqlalchemy/engine/create.py", line 645, in connect
    return dialect.connect(*cargs_tup, **cparams)
           ~~~~~~~~~~~~~~~^^^^^^^^^^^^^^^^^^^^^^^
  File "/usr/local/lib/python3.14/site-packages/sqlalchemy/engine/default.py", line 869, in connect
    return self.loaded_dbapi.connect(*cargs, **cparams)  # type: ignore[no-any-return]  # NOQA: E501
           ~~~~~~~~~~~~~~~~~~~~~~~~~^^^^^^^^^^^^^^^^^^^
  File "/usr/local/lib/python3.14/site-packages/psycopg2/__init__.py", line 122, in connect
    conn = _connect(dsn, connection_factory=connection_factory, **kwasync)
psycopg2.OperationalError: connection to server at "host.docker.internal" (192.168.65.254), port 5432 failed: FATAL:  password authentication failed for user "weatherflow"


The above exception was the direct cause of the following exception:

Traceback (most recent call last):
  File "/app/pipeline/main.py", line 47, in main
    load_postgresql(geocoding_df, geocoding_table, if_exists="replace")
    ~~~~~~~~~~~~~~~^^^^^^^^^^^^^^^^^^^^^^^^^^^^^^^^^^^^^^^^^^^^^^^^^^^^
  File "/app/pipeline/loaded/load_postresql.py", line 324, in load_postgresql
    with engine.begin() as connection:
         ~~~~~~~~~~~~^^
  File "/usr/local/lib/python3.14/contextlib.py", line 141, in __enter__
    return next(self.gen)
  File "/usr/local/lib/python3.14/site-packages/sqlalchemy/engine/base.py", line 3224, in begin
    with self.connect() as conn:
         ~~~~~~~~~~~~^^
  File "/usr/local/lib/python3.14/site-packages/sqlalchemy/engine/base.py", line 3260, in connect
    return self._connection_cls(self)
           ~~~~~~~~~~~~~~~~~~~~^^^^^^
  File "/usr/local/lib/python3.14/site-packages/sqlalchemy/engine/base.py", line 151, in __init__
    Connection._handle_dbapi_exception_noconnection(
    ~~~~~~~~~~~~~~~~~~~~~~~~~~~~~~~~~~~~~~~~~~~~~~~^
        err, dialect, engine
        ^^^^^^^^^^^^^^^^^^^^
    )
    ^
  File "/usr/local/lib/python3.14/site-packages/sqlalchemy/engine/base.py", line 2417, in _handle_dbapi_exception_noconnection
    raise sqlalchemy_exception.with_traceback(exc_info[2]) from e
  File "/usr/local/lib/python3.14/site-packages/sqlalchemy/engine/base.py", line 149, in __init__
    self._dbapi_connection = engine.raw_connection()
                             ~~~~~~~~~~~~~~~~~~~~~^^
  File "/usr/local/lib/python3.14/site-packages/sqlalchemy/engine/base.py", line 3284, in raw_connection
    return self.pool.connect()
           ~~~~~~~~~~~~~~~~~^^
  File "/usr/local/lib/python3.14/site-packages/sqlalchemy/pool/base.py", line 445, in connect
    return _ConnectionFairy._checkout(self)
           ~~~~~~~~~~~~~~~~~~~~~~~~~~^^^^^^
  File "/usr/local/lib/python3.14/site-packages/sqlalchemy/pool/base.py", line 1303, in _checkout
    fairy = _ConnectionRecord.checkout(pool)
  File "/usr/local/lib/python3.14/site-packages/sqlalchemy/pool/base.py", line 709, in checkout
    rec = pool._do_get()
  File "/usr/local/lib/python3.14/site-packages/sqlalchemy/pool/impl.py", line 176, in _do_get
    with util.safe_reraise():
         ~~~~~~~~~~~~~~~~~^^
  File "/usr/local/lib/python3.14/site-packages/sqlalchemy/util/langhelpers.py", line 166, in __exit__
    raise exc_value.with_traceback(exc_tb)
  File "/usr/local/lib/python3.14/site-packages/sqlalchemy/pool/impl.py", line 174, in _do_get
    return self._create_connection()
           ~~~~~~~~~~~~~~~~~~~~~~~^^
  File "/usr/local/lib/python3.14/site-packages/sqlalchemy/pool/base.py", line 386, in _create_connection
    return _ConnectionRecord(self)
  File "/usr/local/lib/python3.14/site-packages/sqlalchemy/pool/base.py", line 671, in __init__
    self.__connect()
    ~~~~~~~~~~~~~~^^
  File "/usr/local/lib/python3.14/site-packages/sqlalchemy/pool/base.py", line 906, in __connect
    with util.safe_reraise():
         ~~~~~~~~~~~~~~~~~^^
  File "/usr/local/lib/python3.14/site-packages/sqlalchemy/util/langhelpers.py", line 166, in __exit__
    raise exc_value.with_traceback(exc_tb)
  File "/usr/local/lib/python3.14/site-packages/sqlalchemy/pool/base.py", line 902, in __connect
    self.dbapi_connection = connection = pool._invoke_creator(self)
                                         ~~~~~~~~~~~~~~~~~~~~^^^^^^
  File "/usr/local/lib/python3.14/site-packages/sqlalchemy/engine/create.py", line 645, in connect
    return dialect.connect(*cargs_tup, **cparams)
           ~~~~~~~~~~~~~~~^^^^^^^^^^^^^^^^^^^^^^^
  File "/usr/local/lib/python3.14/site-packages/sqlalchemy/engine/default.py", line 869, in connect
    return self.loaded_dbapi.connect(*cargs, **cparams)  # type: ignore[no-any-return]  # NOQA: E501
           ~~~~~~~~~~~~~~~~~~~~~~~~~^^^^^^^^^^^^^^^^^^^
  File "/usr/local/lib/python3.14/site-packages/psycopg2/__init__.py", line 122, in connect
    conn = _connect(dsn, connection_factory=connection_factory, **kwasync)
sqlalchemy.exc.OperationalError: (psycopg2.OperationalError) connection to server at "host.docker.internal" (192.168.65.254), port 5432 failed: FATAL:  password authentication failed for user "weatherflow"

(Background on this error at: https://sqlalche.me/e/21/e3q8)
2026-10-06 12:54:09,936 | INFO | __main__ | Processing city: Baguio
2026-10-06 12:54:10,204 | INFO | __main__ | Geocoding extracted for Baguio
2026-10-06 12:54:10,270 | ERROR | __main__ | Failed to process city: Baguio
Traceback (most recent call last):
  File "/usr/local/lib/python3.14/site-packages/sqlalchemy/engine/base.py", line 149, in __init__
    self._dbapi_connection = engine.raw_connection()
                             ~~~~~~~~~~~~~~~~~~~~~^^
  File "/usr/local/lib/python3.14/site-packages/sqlalchemy/engine/base.py", line 3284, in raw_connection
    return self.pool.connect()
           ~~~~~~~~~~~~~~~~~^^
  File "/usr/local/lib/python3.14/site-packages/sqlalchemy/pool/base.py", line 445, in connect
    return _ConnectionFairy._checkout(self)
           ~~~~~~~~~~~~~~~~~~~~~~~~~~^^^^^^
  File "/usr/local/lib/python3.14/site-packages/sqlalchemy/pool/base.py", line 1303, in _checkout
    fairy = _ConnectionRecord.checkout(pool)
  File "/usr/local/lib/python3.14/site-packages/sqlalchemy/pool/base.py", line 709, in checkout
    rec = pool._do_get()
  File "/usr/local/lib/python3.14/site-packages/sqlalchemy/pool/impl.py", line 176, in _do_get
    with util.safe_reraise():
         ~~~~~~~~~~~~~~~~~^^
  File "/usr/local/lib/python3.14/site-packages/sqlalchemy/util/langhelpers.py", line 166, in __exit__
    raise exc_value.with_traceback(exc_tb)
  File "/usr/local/lib/python3.14/site-packages/sqlalchemy/pool/impl.py", line 174, in _do_get
    return self._create_connection()
           ~~~~~~~~~~~~~~~~~~~~~~~^^
  File "/usr/local/lib/python3.14/site-packages/sqlalchemy/pool/base.py", line 386, in _create_connection
    return _ConnectionRecord(self)
  File "/usr/local/lib/python3.14/site-packages/sqlalchemy/pool/base.py", line 671, in __init__
    self.__connect()
    ~~~~~~~~~~~~~~^^
  File "/usr/local/lib/python3.14/site-packages/sqlalchemy/pool/base.py", line 906, in __connect
    with util.safe_reraise():
         ~~~~~~~~~~~~~~~~~^^
  File "/usr/local/lib/python3.14/site-packages/sqlalchemy/util/langhelpers.py", line 166, in __exit__
    raise exc_value.with_traceback(exc_tb)
  File "/usr/local/lib/python3.14/site-packages/sqlalchemy/pool/base.py", line 902, in __connect
    self.dbapi_connection = connection = pool._invoke_creator(self)
                                         ~~~~~~~~~~~~~~~~~~~~^^^^^^
  File "/usr/local/lib/python3.14/site-packages/sqlalchemy/engine/create.py", line 645, in connect
    return dialect.connect(*cargs_tup, **cparams)
           ~~~~~~~~~~~~~~~^^^^^^^^^^^^^^^^^^^^^^^
  File "/usr/local/lib/python3.14/site-packages/sqlalchemy/engine/default.py", line 869, in connect
    return self.loaded_dbapi.connect(*cargs, **cparams)  # type: ignore[no-any-return]  # NOQA: E501
           ~~~~~~~~~~~~~~~~~~~~~~~~~^^^^^^^^^^^^^^^^^^^
  File "/usr/local/lib/python3.14/site-packages/psycopg2/__init__.py", line 122, in connect
    conn = _connect(dsn, connection_factory=connection_factory, **kwasync)
psycopg2.OperationalError: connection to server at "host.docker.internal" (192.168.65.254), port 5432 failed: FATAL:  password authentication failed for user "weatherflow"


The above exception was the direct cause of the following exception:

Traceback (most recent call last):
  File "/app/pipeline/main.py", line 47, in main
    load_postgresql(geocoding_df, geocoding_table, if_exists="replace")
    ~~~~~~~~~~~~~~~^^^^^^^^^^^^^^^^^^^^^^^^^^^^^^^^^^^^^^^^^^^^^^^^^^^^
  File "/app/pipeline/loaded/load_postresql.py", line 324, in load_postgresql
    with engine.begin() as connection:
         ~~~~~~~~~~~~^^
  File "/usr/local/lib/python3.14/contextlib.py", line 141, in __enter__
    return next(self.gen)
  File "/usr/local/lib/python3.14/site-packages/sqlalchemy/engine/base.py", line 3224, in begin
    with self.connect() as conn:
         ~~~~~~~~~~~~^^
  File "/usr/local/lib/python3.14/site-packages/sqlalchemy/engine/base.py", line 3260, in connect
    return self._connection_cls(self)
           ~~~~~~~~~~~~~~~~~~~~^^^^^^
  File "/usr/local/lib/python3.14/site-packages/sqlalchemy/engine/base.py", line 151, in __init__
    Connection._handle_dbapi_exception_noconnection(
    ~~~~~~~~~~~~~~~~~~~~~~~~~~~~~~~~~~~~~~~~~~~~~~~^
        err, dialect, engine
        ^^^^^^^^^^^^^^^^^^^^
    )
    ^
  File "/usr/local/lib/python3.14/site-packages/sqlalchemy/engine/base.py", line 2417, in _handle_dbapi_exception_noconnection
    raise sqlalchemy_exception.with_traceback(exc_info[2]) from e
  File "/usr/local/lib/python3.14/site-packages/sqlalchemy/engine/base.py", line 149, in __init__
    self._dbapi_connection = engine.raw_connection()
                             ~~~~~~~~~~~~~~~~~~~~~^^
  File "/usr/local/lib/python3.14/site-packages/sqlalchemy/engine/base.py", line 3284, in raw_connection
    return self.pool.connect()
           ~~~~~~~~~~~~~~~~~^^
  File "/usr/local/lib/python3.14/site-packages/sqlalchemy/pool/base.py", line 445, in connect
    return _ConnectionFairy._checkout(self)
           ~~~~~~~~~~~~~~~~~~~~~~~~~~^^^^^^
  File "/usr/local/lib/python3.14/site-packages/sqlalchemy/pool/base.py", line 1303, in _checkout
    fairy = _ConnectionRecord.checkout(pool)
  File "/usr/local/lib/python3.14/site-packages/sqlalchemy/pool/base.py", line 709, in checkout
    rec = pool._do_get()
  File "/usr/local/lib/python3.14/site-packages/sqlalchemy/pool/impl.py", line 176, in _do_get
    with util.safe_reraise():
         ~~~~~~~~~~~~~~~~~^^
  File "/usr/local/lib/python3.14/site-packages/sqlalchemy/util/langhelpers.py", line 166, in __exit__
    raise exc_value.with_traceback(exc_tb)
  File "/usr/local/lib/python3.14/site-packages/sqlalchemy/pool/impl.py", line 174, in _do_get
    return self._create_connection()
           ~~~~~~~~~~~~~~~~~~~~~~~^^
  File "/usr/local/lib/python3.14/site-packages/sqlalchemy/pool/base.py", line 386, in _create_connection
    return _ConnectionRecord(self)
  File "/usr/local/lib/python3.14/site-packages/sqlalchemy/pool/base.py", line 671, in __init__
    self.__connect()
    ~~~~~~~~~~~~~~^^
  File "/usr/local/lib/python3.14/site-packages/sqlalchemy/pool/base.py", line 906, in __connect
    with util.safe_reraise():
         ~~~~~~~~~~~~~~~~~^^
  File "/usr/local/lib/python3.14/site-packages/sqlalchemy/util/langhelpers.py", line 166, in __exit__
    raise exc_value.with_traceback(exc_tb)
  File "/usr/local/lib/python3.14/site-packages/sqlalchemy/pool/base.py", line 902, in __connect
    self.dbapi_connection = connection = pool._invoke_creator(self)
                                         ~~~~~~~~~~~~~~~~~~~~^^^^^^
  File "/usr/local/lib/python3.14/site-packages/sqlalchemy/engine/create.py", line 645, in connect
    return dialect.connect(*cargs_tup, **cparams)
           ~~~~~~~~~~~~~~~^^^^^^^^^^^^^^^^^^^^^^^
  File "/usr/local/lib/python3.14/site-packages/sqlalchemy/engine/default.py", line 869, in connect
    return self.loaded_dbapi.connect(*cargs, **cparams)  # type: ignore[no-any-return]  # NOQA: E501
           ~~~~~~~~~~~~~~~~~~~~~~~~~^^^^^^^^^^^^^^^^^^^
  File "/usr/local/lib/python3.14/site-packages/psycopg2/__init__.py", line 122, in connect
    conn = _connect(dsn, connection_factory=connection_factory, **kwasync)
sqlalchemy.exc.OperationalError: (psycopg2.OperationalError) connection to server at "host.docker.internal" (192.168.65.254), port 5432 failed: FATAL:  password authentication failed for user "weatherflow"

(Background on this error at: https://sqlalche.me/e/21/e3q8)
2026-10-06 12:54:10,277 | INFO | __main__ | Processing city: Iloilo City
2026-10-06 12:54:10,524 | INFO | __main__ | Geocoding extracted for Iloilo City
2026-10-06 12:54:10,631 | ERROR | __main__ | Failed to process city: Iloilo City
Traceback (most recent call last):
  File "/usr/local/lib/python3.14/site-packages/sqlalchemy/engine/base.py", line 149, in __init__
    self._dbapi_connection = engine.raw_connection()
                             ~~~~~~~~~~~~~~~~~~~~~^^
  File "/usr/local/lib/python3.14/site-packages/sqlalchemy/engine/base.py", line 3284, in raw_connection
    return self.pool.connect()
           ~~~~~~~~~~~~~~~~~^^
  File "/usr/local/lib/python3.14/site-packages/sqlalchemy/pool/base.py", line 445, in connect
    return _ConnectionFairy._checkout(self)
           ~~~~~~~~~~~~~~~~~~~~~~~~~~^^^^^^
  File "/usr/local/lib/python3.14/site-packages/sqlalchemy/pool/base.py", line 1303, in _checkout
    fairy = _ConnectionRecord.checkout(pool)
  File "/usr/local/lib/python3.14/site-packages/sqlalchemy/pool/base.py", line 709, in checkout
    rec = pool._do_get()
  File "/usr/local/lib/python3.14/site-packages/sqlalchemy/pool/impl.py", line 176, in _do_get
    with util.safe_reraise():
         ~~~~~~~~~~~~~~~~~^^
  File "/usr/local/lib/python3.14/site-packages/sqlalchemy/util/langhelpers.py", line 166, in __exit__
    raise exc_value.with_traceback(exc_tb)
  File "/usr/local/lib/python3.14/site-packages/sqlalchemy/pool/impl.py", line 174, in _do_get
    return self._create_connection()
           ~~~~~~~~~~~~~~~~~~~~~~~^^
  File "/usr/local/lib/python3.14/site-packages/sqlalchemy/pool/base.py", line 386, in _create_connection
    return _ConnectionRecord(self)
  File "/usr/local/lib/python3.14/site-packages/sqlalchemy/pool/base.py", line 671, in __init__
    self.__connect()
    ~~~~~~~~~~~~~~^^
  File "/usr/local/lib/python3.14/site-packages/sqlalchemy/pool/base.py", line 906, in __connect
    with util.safe_reraise():
         ~~~~~~~~~~~~~~~~~^^
  File "/usr/local/lib/python3.14/site-packages/sqlalchemy/util/langhelpers.py", line 166, in __exit__
    raise exc_value.with_traceback(exc_tb)
  File "/usr/local/lib/python3.14/site-packages/sqlalchemy/pool/base.py", line 902, in __connect
    self.dbapi_connection = connection = pool._invoke_creator(self)
                                         ~~~~~~~~~~~~~~~~~~~~^^^^^^
  File "/usr/local/lib/python3.14/site-packages/sqlalchemy/engine/create.py", line 645, in connect
    return dialect.connect(*cargs_tup, **cparams)
           ~~~~~~~~~~~~~~~^^^^^^^^^^^^^^^^^^^^^^^
  File "/usr/local/lib/python3.14/site-packages/sqlalchemy/engine/default.py", line 869, in connect
    return self.loaded_dbapi.connect(*cargs, **cparams)  # type: ignore[no-any-return]  # NOQA: E501
           ~~~~~~~~~~~~~~~~~~~~~~~~~^^^^^^^^^^^^^^^^^^^
  File "/usr/local/lib/python3.14/site-packages/psycopg2/__init__.py", line 122, in connect
    conn = _connect(dsn, connection_factory=connection_factory, **kwasync)
psycopg2.OperationalError: connection to server at "host.docker.internal" (192.168.65.254), port 5432 failed: FATAL:  password authentication failed for user "weatherflow"


The above exception was the direct cause of the following exception:

Traceback (most recent call last):
  File "/app/pipeline/main.py", line 47, in main
    load_postgresql(geocoding_df, geocoding_table, if_exists="replace")
    ~~~~~~~~~~~~~~~^^^^^^^^^^^^^^^^^^^^^^^^^^^^^^^^^^^^^^^^^^^^^^^^^^^^
  File "/app/pipeline/loaded/load_postresql.py", line 324, in load_postgresql
    with engine.begin() as connection:
         ~~~~~~~~~~~~^^
  File "/usr/local/lib/python3.14/contextlib.py", line 141, in __enter__
    return next(self.gen)
  File "/usr/local/lib/python3.14/site-packages/sqlalchemy/engine/base.py", line 3224, in begin
    with self.connect() as conn:
         ~~~~~~~~~~~~^^
  File "/usr/local/lib/python3.14/site-packages/sqlalchemy/engine/base.py", line 3260, in connect
    return self._connection_cls(self)
           ~~~~~~~~~~~~~~~~~~~~^^^^^^
  File "/usr/local/lib/python3.14/site-packages/sqlalchemy/engine/base.py", line 151, in __init__
    Connection._handle_dbapi_exception_noconnection(
    ~~~~~~~~~~~~~~~~~~~~~~~~~~~~~~~~~~~~~~~~~~~~~~~^
        err, dialect, engine
        ^^^^^^^^^^^^^^^^^^^^
    )
    ^
  File "/usr/local/lib/python3.14/site-packages/sqlalchemy/engine/base.py", line 2417, in _handle_dbapi_exception_noconnection
    raise sqlalchemy_exception.with_traceback(exc_info[2]) from e
  File "/usr/local/lib/python3.14/site-packages/sqlalchemy/engine/base.py", line 149, in __init__
    self._dbapi_connection = engine.raw_connection()
                             ~~~~~~~~~~~~~~~~~~~~~^^
  File "/usr/local/lib/python3.14/site-packages/sqlalchemy/engine/base.py", line 3284, in raw_connection
    return self.pool.connect()
           ~~~~~~~~~~~~~~~~~^^
  File "/usr/local/lib/python3.14/site-packages/sqlalchemy/pool/base.py", line 445, in connect
    return _ConnectionFairy._checkout(self)
           ~~~~~~~~~~~~~~~~~~~~~~~~~~^^^^^^
  File "/usr/local/lib/python3.14/site-packages/sqlalchemy/pool/base.py", line 1303, in _checkout
    fairy = _ConnectionRecord.checkout(pool)
  File "/usr/local/lib/python3.14/site-packages/sqlalchemy/pool/base.py", line 709, in checkout
    rec = pool._do_get()
  File "/usr/local/lib/python3.14/site-packages/sqlalchemy/pool/impl.py", line 176, in _do_get
    with util.safe_reraise():
         ~~~~~~~~~~~~~~~~~^^
  File "/usr/local/lib/python3.14/site-packages/sqlalchemy/util/langhelpers.py", line 166, in __exit__
    raise exc_value.with_traceback(exc_tb)
  File "/usr/local/lib/python3.14/site-packages/sqlalchemy/pool/impl.py", line 174, in _do_get
    return self._create_connection()
           ~~~~~~~~~~~~~~~~~~~~~~~^^
  File "/usr/local/lib/python3.14/site-packages/sqlalchemy/pool/base.py", line 386, in _create_connection
    return _ConnectionRecord(self)
  File "/usr/local/lib/python3.14/site-packages/sqlalchemy/pool/base.py", line 671, in __init__
    self.__connect()
    ~~~~~~~~~~~~~~^^
  File "/usr/local/lib/python3.14/site-packages/sqlalchemy/pool/base.py", line 906, in __connect
    with util.safe_reraise():
         ~~~~~~~~~~~~~~~~~^^
  File "/usr/local/lib/python3.14/site-packages/sqlalchemy/util/langhelpers.py", line 166, in __exit__
    raise exc_value.with_traceback(exc_tb)
  File "/usr/local/lib/python3.14/site-packages/sqlalchemy/pool/base.py", line 902, in __connect
    self.dbapi_connection = connection = pool._invoke_creator(self)
                                         ~~~~~~~~~~~~~~~~~~~~^^^^^^
  File "/usr/local/lib/python3.14/site-packages/sqlalchemy/engine/create.py", line 645, in connect
    return dialect.connect(*cargs_tup, **cparams)
           ~~~~~~~~~~~~~~~^^^^^^^^^^^^^^^^^^^^^^^
  File "/usr/local/lib/python3.14/site-packages/sqlalchemy/engine/default.py", line 869, in connect
    return self.loaded_dbapi.connect(*cargs, **cparams)  # type: ignore[no-any-return]  # NOQA: E501
           ~~~~~~~~~~~~~~~~~~~~~~~~~^^^^^^^^^^^^^^^^^^^
  File "/usr/local/lib/python3.14/site-packages/psycopg2/__init__.py", line 122, in connect
    conn = _connect(dsn, connection_factory=connection_factory, **kwasync)
sqlalchemy.exc.OperationalError: (psycopg2.OperationalError) connection to server at "host.docker.internal" (192.168.65.254), port 5432 failed: FATAL:  password authentication failed for user "weatherflow"

(Background on this error at: https://sqlalche.me/e/21/e3q8)
2026-10-06 12:54:10,642 | INFO | __main__ | Processing city: Cagayan de Oro
2026-10-06 12:54:10,925 | INFO | __main__ | Geocoding extracted for Cagayan de Oro
2026-10-06 12:54:11,035 | ERROR | __main__ | Failed to process city: Cagayan de Oro
Traceback (most recent call last):
  File "/usr/local/lib/python3.14/site-packages/sqlalchemy/engine/base.py", line 149, in __init__
    self._dbapi_connection = engine.raw_connection()
                             ~~~~~~~~~~~~~~~~~~~~~^^
  File "/usr/local/lib/python3.14/site-packages/sqlalchemy/engine/base.py", line 3284, in raw_connection
    return self.pool.connect()
           ~~~~~~~~~~~~~~~~~^^
  File "/usr/local/lib/python3.14/site-packages/sqlalchemy/pool/base.py", line 445, in connect
    return _ConnectionFairy._checkout(self)
           ~~~~~~~~~~~~~~~~~~~~~~~~~~^^^^^^
  File "/usr/local/lib/python3.14/site-packages/sqlalchemy/pool/base.py", line 1303, in _checkout
    fairy = _ConnectionRecord.checkout(pool)
  File "/usr/local/lib/python3.14/site-packages/sqlalchemy/pool/base.py", line 709, in checkout
    rec = pool._do_get()
  File "/usr/local/lib/python3.14/site-packages/sqlalchemy/pool/impl.py", line 176, in _do_get
    with util.safe_reraise():
         ~~~~~~~~~~~~~~~~~^^
  File "/usr/local/lib/python3.14/site-packages/sqlalchemy/util/langhelpers.py", line 166, in __exit__
    raise exc_value.with_traceback(exc_tb)
  File "/usr/local/lib/python3.14/site-packages/sqlalchemy/pool/impl.py", line 174, in _do_get
    return self._create_connection()
           ~~~~~~~~~~~~~~~~~~~~~~~^^
  File "/usr/local/lib/python3.14/site-packages/sqlalchemy/pool/base.py", line 386, in _create_connection
    return _ConnectionRecord(self)
  File "/usr/local/lib/python3.14/site-packages/sqlalchemy/pool/base.py", line 671, in __init__
    self.__connect()
    ~~~~~~~~~~~~~~^^
  File "/usr/local/lib/python3.14/site-packages/sqlalchemy/pool/base.py", line 906, in __connect
    with util.safe_reraise():
         ~~~~~~~~~~~~~~~~~^^
  File "/usr/local/lib/python3.14/site-packages/sqlalchemy/util/langhelpers.py", line 166, in __exit__
    raise exc_value.with_traceback(exc_tb)
  File "/usr/local/lib/python3.14/site-packages/sqlalchemy/pool/base.py", line 902, in __connect
    self.dbapi_connection = connection = pool._invoke_creator(self)
                                         ~~~~~~~~~~~~~~~~~~~~^^^^^^
  File "/usr/local/lib/python3.14/site-packages/sqlalchemy/engine/create.py", line 645, in connect
    return dialect.connect(*cargs_tup, **cparams)
           ~~~~~~~~~~~~~~~^^^^^^^^^^^^^^^^^^^^^^^
  File "/usr/local/lib/python3.14/site-packages/sqlalchemy/engine/default.py", line 869, in connect
    return self.loaded_dbapi.connect(*cargs, **cparams)  # type: ignore[no-any-return]  # NOQA: E501
           ~~~~~~~~~~~~~~~~~~~~~~~~~^^^^^^^^^^^^^^^^^^^
  File "/usr/local/lib/python3.14/site-packages/psycopg2/__init__.py", line 122, in connect
    conn = _connect(dsn, connection_factory=connection_factory, **kwasync)
psycopg2.OperationalError: connection to server at "host.docker.internal" (192.168.65.254), port 5432 failed: FATAL:  password authentication failed for user "weatherflow"


The above exception was the direct cause of the following exception:

Traceback (most recent call last):
  File "/app/pipeline/main.py", line 47, in main
    load_postgresql(geocoding_df, geocoding_table, if_exists="replace")
    ~~~~~~~~~~~~~~~^^^^^^^^^^^^^^^^^^^^^^^^^^^^^^^^^^^^^^^^^^^^^^^^^^^^
  File "/app/pipeline/loaded/load_postresql.py", line 324, in load_postgresql
    with engine.begin() as connection:
         ~~~~~~~~~~~~^^
  File "/usr/local/lib/python3.14/contextlib.py", line 141, in __enter__
    return next(self.gen)
  File "/usr/local/lib/python3.14/site-packages/sqlalchemy/engine/base.py", line 3224, in begin
    with self.connect() as conn:
         ~~~~~~~~~~~~^^
  File "/usr/local/lib/python3.14/site-packages/sqlalchemy/engine/base.py", line 3260, in connect
    return self._connection_cls(self)
           ~~~~~~~~~~~~~~~~~~~~^^^^^^
  File "/usr/local/lib/python3.14/site-packages/sqlalchemy/engine/base.py", line 151, in __init__
    Connection._handle_dbapi_exception_noconnection(
    ~~~~~~~~~~~~~~~~~~~~~~~~~~~~~~~~~~~~~~~~~~~~~~~^
        err, dialect, engine
        ^^^^^^^^^^^^^^^^^^^^
    )
    ^
  File "/usr/local/lib/python3.14/site-packages/sqlalchemy/engine/base.py", line 2417, in _handle_dbapi_exception_noconnection
    raise sqlalchemy_exception.with_traceback(exc_info[2]) from e
  File "/usr/local/lib/python3.14/site-packages/sqlalchemy/engine/base.py", line 149, in __init__
    self._dbapi_connection = engine.raw_connection()
                             ~~~~~~~~~~~~~~~~~~~~~^^
  File "/usr/local/lib/python3.14/site-packages/sqlalchemy/engine/base.py", line 3284, in raw_connection
    return self.pool.connect()
           ~~~~~~~~~~~~~~~~~^^
  File "/usr/local/lib/python3.14/site-packages/sqlalchemy/pool/base.py", line 445, in connect
    return _ConnectionFairy._checkout(self)
           ~~~~~~~~~~~~~~~~~~~~~~~~~~^^^^^^
  File "/usr/local/lib/python3.14/site-packages/sqlalchemy/pool/base.py", line 1303, in _checkout
    fairy = _ConnectionRecord.checkout(pool)
  File "/usr/local/lib/python3.14/site-packages/sqlalchemy/pool/base.py", line 709, in checkout
    rec = pool._do_get()
  File "/usr/local/lib/python3.14/site-packages/sqlalchemy/pool/impl.py", line 176, in _do_get
    with util.safe_reraise():
         ~~~~~~~~~~~~~~~~~^^
  File "/usr/local/lib/python3.14/site-packages/sqlalchemy/util/langhelpers.py", line 166, in __exit__
    raise exc_value.with_traceback(exc_tb)
  File "/usr/local/lib/python3.14/site-packages/sqlalchemy/pool/impl.py", line 174, in _do_get
    return self._create_connection()
           ~~~~~~~~~~~~~~~~~~~~~~~^^
  File "/usr/local/lib/python3.14/site-packages/sqlalchemy/pool/base.py", line 386, in _create_connection
    return _ConnectionRecord(self)
  File "/usr/local/lib/python3.14/site-packages/sqlalchemy/pool/base.py", line 671, in __init__
    self.__connect()
    ~~~~~~~~~~~~~~^^
  File "/usr/local/lib/python3.14/site-packages/sqlalchemy/pool/base.py", line 906, in __connect
    with util.safe_reraise():
         ~~~~~~~~~~~~~~~~~^^
  File "/usr/local/lib/python3.14/site-packages/sqlalchemy/util/langhelpers.py", line 166, in __exit__
    raise exc_value.with_traceback(exc_tb)
  File "/usr/local/lib/python3.14/site-packages/sqlalchemy/pool/base.py", line 902, in __connect
    self.dbapi_connection = connection = pool._invoke_creator(self)
                                         ~~~~~~~~~~~~~~~~~~~~^^^^^^
  File "/usr/local/lib/python3.14/site-packages/sqlalchemy/engine/create.py", line 645, in connect
    return dialect.connect(*cargs_tup, **cparams)
           ~~~~~~~~~~~~~~~^^^^^^^^^^^^^^^^^^^^^^^
  File "/usr/local/lib/python3.14/site-packages/sqlalchemy/engine/default.py", line 869, in connect
    return self.loaded_dbapi.connect(*cargs, **cparams)  # type: ignore[no-any-return]  # NOQA: E501
           ~~~~~~~~~~~~~~~~~~~~~~~~~^^^^^^^^^^^^^^^^^^^
  File "/usr/local/lib/python3.14/site-packages/psycopg2/__init__.py", line 122, in connect
    conn = _connect(dsn, connection_factory=connection_factory, **kwasync)
sqlalchemy.exc.OperationalError: (psycopg2.OperationalError) connection to server at "host.docker.internal" (192.168.65.254), port 5432 failed: FATAL:  password authentication failed for user "weatherflow"

(Background on this error at: https://sqlalche.me/e/21/e3q8)
2026-10-06 12:54:11,041 | INFO | __main__ | Processing city: Zamboanga City
2026-10-06 12:54:11,307 | INFO | __main__ | Geocoding extracted for Zamboanga City
2026-10-06 12:54:11,401 | ERROR | __main__ | Failed to process city: Zamboanga City
Traceback (most recent call last):
  File "/usr/local/lib/python3.14/site-packages/sqlalchemy/engine/base.py", line 149, in __init__
    self._dbapi_connection = engine.raw_connection()
                             ~~~~~~~~~~~~~~~~~~~~~^^
  File "/usr/local/lib/python3.14/site-packages/sqlalchemy/engine/base.py", line 3284, in raw_connection
    return self.pool.connect()
           ~~~~~~~~~~~~~~~~~^^
  File "/usr/local/lib/python3.14/site-packages/sqlalchemy/pool/base.py", line 445, in connect
    return _ConnectionFairy._checkout(self)
           ~~~~~~~~~~~~~~~~~~~~~~~~~~^^^^^^
  File "/usr/local/lib/python3.14/site-packages/sqlalchemy/pool/base.py", line 1303, in _checkout
    fairy = _ConnectionRecord.checkout(pool)
  File "/usr/local/lib/python3.14/site-packages/sqlalchemy/pool/base.py", line 709, in checkout
    rec = pool._do_get()
  File "/usr/local/lib/python3.14/site-packages/sqlalchemy/pool/impl.py", line 176, in _do_get
    with util.safe_reraise():
         ~~~~~~~~~~~~~~~~~^^
  File "/usr/local/lib/python3.14/site-packages/sqlalchemy/util/langhelpers.py", line 166, in __exit__
    raise exc_value.with_traceback(exc_tb)
  File "/usr/local/lib/python3.14/site-packages/sqlalchemy/pool/impl.py", line 174, in _do_get
    return self._create_connection()
           ~~~~~~~~~~~~~~~~~~~~~~~^^
  File "/usr/local/lib/python3.14/site-packages/sqlalchemy/pool/base.py", line 386, in _create_connection
    return _ConnectionRecord(self)
  File "/usr/local/lib/python3.14/site-packages/sqlalchemy/pool/base.py", line 671, in __init__
    self.__connect()
    ~~~~~~~~~~~~~~^^
  File "/usr/local/lib/python3.14/site-packages/sqlalchemy/pool/base.py", line 906, in __connect
    with util.safe_reraise():
         ~~~~~~~~~~~~~~~~~^^
  File "/usr/local/lib/python3.14/site-packages/sqlalchemy/util/langhelpers.py", line 166, in __exit__
    raise exc_value.with_traceback(exc_tb)
  File "/usr/local/lib/python3.14/site-packages/sqlalchemy/pool/base.py", line 902, in __connect
    self.dbapi_connection = connection = pool._invoke_creator(self)
                                         ~~~~~~~~~~~~~~~~~~~~^^^^^^
  File "/usr/local/lib/python3.14/site-packages/sqlalchemy/engine/create.py", line 645, in connect
    return dialect.connect(*cargs_tup, **cparams)
           ~~~~~~~~~~~~~~~^^^^^^^^^^^^^^^^^^^^^^^
  File "/usr/local/lib/python3.14/site-packages/sqlalchemy/engine/default.py", line 869, in connect
    return self.loaded_dbapi.connect(*cargs, **cparams)  # type: ignore[no-any-return]  # NOQA: E501
           ~~~~~~~~~~~~~~~~~~~~~~~~~^^^^^^^^^^^^^^^^^^^
  File "/usr/local/lib/python3.14/site-packages/psycopg2/__init__.py", line 122, in connect
    conn = _connect(dsn, connection_factory=connection_factory, **kwasync)
psycopg2.OperationalError: connection to server at "host.docker.internal" (192.168.65.254), port 5432 failed: FATAL:  password authentication failed for user "weatherflow"


The above exception was the direct cause of the following exception:

Traceback (most recent call last):
  File "/app/pipeline/main.py", line 47, in main
    load_postgresql(geocoding_df, geocoding_table, if_exists="replace")
    ~~~~~~~~~~~~~~~^^^^^^^^^^^^^^^^^^^^^^^^^^^^^^^^^^^^^^^^^^^^^^^^^^^^
  File "/app/pipeline/loaded/load_postresql.py", line 324, in load_postgresql
    with engine.begin() as connection:
         ~~~~~~~~~~~~^^
  File "/usr/local/lib/python3.14/contextlib.py", line 141, in __enter__
    return next(self.gen)
  File "/usr/local/lib/python3.14/site-packages/sqlalchemy/engine/base.py", line 3224, in begin
    with self.connect() as conn:
         ~~~~~~~~~~~~^^
  File "/usr/local/lib/python3.14/site-packages/sqlalchemy/engine/base.py", line 3260, in connect
    return self._connection_cls(self)
           ~~~~~~~~~~~~~~~~~~~~^^^^^^
  File "/usr/local/lib/python3.14/site-packages/sqlalchemy/engine/base.py", line 151, in __init__
    Connection._handle_dbapi_exception_noconnection(
    ~~~~~~~~~~~~~~~~~~~~~~~~~~~~~~~~~~~~~~~~~~~~~~~^
        err, dialect, engine
        ^^^^^^^^^^^^^^^^^^^^
    )
    ^
  File "/usr/local/lib/python3.14/site-packages/sqlalchemy/engine/base.py", line 2417, in _handle_dbapi_exception_noconnection
    raise sqlalchemy_exception.with_traceback(exc_info[2]) from e
  File "/usr/local/lib/python3.14/site-packages/sqlalchemy/engine/base.py", line 149, in __init__
    self._dbapi_connection = engine.raw_connection()
                             ~~~~~~~~~~~~~~~~~~~~~^^
  File "/usr/local/lib/python3.14/site-packages/sqlalchemy/engine/base.py", line 3284, in raw_connection
    return self.pool.connect()
           ~~~~~~~~~~~~~~~~~^^
  File "/usr/local/lib/python3.14/site-packages/sqlalchemy/pool/base.py", line 445, in connect
    return _ConnectionFairy._checkout(self)
           ~~~~~~~~~~~~~~~~~~~~~~~~~~^^^^^^
  File "/usr/local/lib/python3.14/site-packages/sqlalchemy/pool/base.py", line 1303, in _checkout
    fairy = _ConnectionRecord.checkout(pool)
  File "/usr/local/lib/python3.14/site-packages/sqlalchemy/pool/base.py", line 709, in checkout
    rec = pool._do_get()
  File "/usr/local/lib/python3.14/site-packages/sqlalchemy/pool/impl.py", line 176, in _do_get
    with util.safe_reraise():
         ~~~~~~~~~~~~~~~~~^^
  File "/usr/local/lib/python3.14/site-packages/sqlalchemy/util/langhelpers.py", line 166, in __exit__
    raise exc_value.with_traceback(exc_tb)
  File "/usr/local/lib/python3.14/site-packages/sqlalchemy/pool/impl.py", line 174, in _do_get
    return self._create_connection()
           ~~~~~~~~~~~~~~~~~~~~~~~^^
  File "/usr/local/lib/python3.14/site-packages/sqlalchemy/pool/base.py", line 386, in _create_connection
    return _ConnectionRecord(self)
  File "/usr/local/lib/python3.14/site-packages/sqlalchemy/pool/base.py", line 671, in __init__
    self.__connect()
    ~~~~~~~~~~~~~~^^
  File "/usr/local/lib/python3.14/site-packages/sqlalchemy/pool/base.py", line 906, in __connect
    with util.safe_reraise():
         ~~~~~~~~~~~~~~~~~^^
  File "/usr/local/lib/python3.14/site-packages/sqlalchemy/util/langhelpers.py", line 166, in __exit__
    raise exc_value.with_traceback(exc_tb)
  File "/usr/local/lib/python3.14/site-packages/sqlalchemy/pool/base.py", line 902, in __connect
    self.dbapi_connection = connection = pool._invoke_creator(self)
                                         ~~~~~~~~~~~~~~~~~~~~^^^^^^
  File "/usr/local/lib/python3.14/site-packages/sqlalchemy/engine/create.py", line 645, in connect
    return dialect.connect(*cargs_tup, **cparams)
           ~~~~~~~~~~~~~~~^^^^^^^^^^^^^^^^^^^^^^^
  File "/usr/local/lib/python3.14/site-packages/sqlalchemy/engine/default.py", line 869, in connect
    return self.loaded_dbapi.connect(*cargs, **cparams)  # type: ignore[no-any-return]  # NOQA: E501
           ~~~~~~~~~~~~~~~~~~~~~~~~~^^^^^^^^^^^^^^^^^^^
  File "/usr/local/lib/python3.14/site-packages/psycopg2/__init__.py", line 122, in connect
    conn = _connect(dsn, connection_factory=connection_factory, **kwasync)
sqlalchemy.exc.OperationalError: (psycopg2.OperationalError) connection to server at "host.docker.internal" (192.168.65.254), port 5432 failed: FATAL:  password authentication failed for user "weatherflow"

(Background on this error at: https://sqlalche.me/e/21/e3q8)
2026-10-06 12:54:11,407 | INFO | __main__ | Weather ingestion completed.
2026-10-06 12:55:21,982 | INFO | __main__ | Starting Weather Ingestion...
2026-10-06 12:55:21,984 | INFO | __main__ | Processing city: Manila
2026-10-06 12:55:22,301 | INFO | __main__ | Geocoding extracted for Manila
2026-10-06 12:55:22,544 | INFO | __main__ | Geocoding loaded for Manila into geocoding_manila
2026-10-06 12:55:22,624 | INFO | __main__ | Raw JSON saved for Manila: /app/data/raw/openweather/manila.json
2026-10-06 12:55:22,636 | INFO | __main__ | Weather data transformed for Manila.
2026-10-06 12:55:22,849 | INFO | __main__ | Parquet saved for Manila: /app/data/parquet/openweather/manila.parquet
2026-10-06 12:55:23,024 | INFO | __main__ | Loaded 4 row(s) for Manila into openweather_manila.
2026-10-06 12:55:23,080 | INFO | __main__ | Checkpoint updated for Manila.
2026-10-06 12:55:23,082 | INFO | __main__ | Processing city: Quezon City
2026-10-06 12:55:23,335 | INFO | __main__ | Geocoding extracted for Quezon City
2026-10-06 12:55:23,478 | INFO | __main__ | Geocoding loaded for Quezon City into geocoding_quezon_city
2026-10-06 12:55:23,541 | INFO | __main__ | Raw JSON saved for Quezon City: /app/data/raw/openweather/quezon_city.json
2026-10-06 12:55:23,548 | INFO | __main__ | Weather data transformed for Quezon City.
2026-10-06 12:55:23,672 | INFO | __main__ | Parquet saved for Quezon City: /app/data/parquet/openweather/quezon_city.parquet
2026-10-06 12:55:23,788 | INFO | __main__ | Loaded 4 row(s) for Quezon City into openweather_quezon_city.
2026-10-06 12:55:23,825 | INFO | __main__ | Checkpoint updated for Quezon City.
2026-10-06 12:55:23,826 | INFO | __main__ | Processing city: Cebu City
2026-10-06 12:55:24,065 | INFO | __main__ | Geocoding extracted for Cebu City
2026-10-06 12:55:24,177 | INFO | __main__ | Geocoding loaded for Cebu City into geocoding_cebu_city
2026-10-06 12:55:24,223 | INFO | __main__ | Raw JSON saved for Cebu City: /app/data/raw/openweather/cebu_city.json
2026-10-06 12:55:24,227 | INFO | __main__ | Weather data transformed for Cebu City.
2026-10-06 12:55:24,306 | INFO | __main__ | Parquet saved for Cebu City: /app/data/parquet/openweather/cebu_city.parquet
2026-10-06 12:55:24,462 | INFO | __main__ | Loaded 4 row(s) for Cebu City into openweather_cebu_city.
2026-10-06 12:55:24,493 | INFO | __main__ | Checkpoint updated for Cebu City.
2026-10-06 12:55:24,495 | INFO | __main__ | Processing city: Davao City
2026-10-06 12:55:24,744 | INFO | __main__ | Geocoding extracted for Davao City
2026-10-06 12:55:24,845 | INFO | __main__ | Geocoding loaded for Davao City into geocoding_davao_city
2026-10-06 12:55:24,903 | INFO | __main__ | Raw JSON saved for Davao City: /app/data/raw/openweather/davao_city.json
2026-10-06 12:55:24,907 | INFO | __main__ | Weather data transformed for Davao City.
2026-10-06 12:55:25,024 | INFO | __main__ | Parquet saved for Davao City: /app/data/parquet/openweather/davao_city.parquet
2026-10-06 12:55:25,177 | INFO | __main__ | Loaded 5 row(s) for Davao City into openweather_davao_city.
2026-10-06 12:55:25,225 | INFO | __main__ | Checkpoint updated for Davao City.
2026-10-06 12:55:25,227 | INFO | __main__ | Processing city: Baguio
2026-10-06 12:55:25,465 | INFO | __main__ | Geocoding extracted for Baguio
2026-10-06 12:55:25,557 | INFO | __main__ | Geocoding loaded for Baguio into geocoding_baguio
2026-10-06 12:55:25,605 | INFO | __main__ | Raw JSON saved for Baguio: /app/data/raw/openweather/baguio.json
2026-10-06 12:55:25,613 | INFO | __main__ | Weather data transformed for Baguio.
2026-10-06 12:55:25,723 | INFO | __main__ | Parquet saved for Baguio: /app/data/parquet/openweather/baguio.parquet
2026-10-06 12:55:25,859 | INFO | __main__ | Loaded 4 row(s) for Baguio into openweather_baguio.
2026-10-06 12:55:25,896 | INFO | __main__ | Checkpoint updated for Baguio.
2026-10-06 12:55:25,899 | INFO | __main__ | Processing city: Iloilo City
2026-10-06 12:55:26,160 | INFO | __main__ | Geocoding extracted for Iloilo City
2026-10-06 12:55:26,252 | INFO | __main__ | Geocoding loaded for Iloilo City into geocoding_iloilo_city
2026-10-06 12:55:26,290 | INFO | __main__ | Raw JSON saved for Iloilo City: /app/data/raw/openweather/iloilo_city.json
2026-10-06 12:55:26,292 | INFO | __main__ | Weather data transformed for Iloilo City.
2026-10-06 12:55:26,371 | INFO | __main__ | Parquet saved for Iloilo City: /app/data/parquet/openweather/iloilo_city.parquet
2026-10-06 12:55:26,485 | INFO | __main__ | Loaded 4 row(s) for Iloilo City into openweather_iloilo_city.
2026-10-06 12:55:26,528 | INFO | __main__ | Checkpoint updated for Iloilo City.
2026-10-06 12:55:26,531 | INFO | __main__ | Processing city: Cagayan de Oro
2026-10-06 12:55:26,800 | INFO | __main__ | Geocoding extracted for Cagayan de Oro
2026-10-06 12:55:26,903 | INFO | __main__ | Geocoding loaded for Cagayan de Oro into geocoding_cagayan_de_oro
2026-10-06 12:55:26,944 | INFO | __main__ | Raw JSON saved for Cagayan de Oro: /app/data/raw/openweather/cagayan_de_oro.json
2026-10-06 12:55:26,947 | INFO | __main__ | Weather data transformed for Cagayan de Oro.
2026-10-06 12:55:27,034 | INFO | __main__ | Parquet saved for Cagayan de Oro: /app/data/parquet/openweather/cagayan_de_oro.parquet
2026-10-06 12:55:27,164 | INFO | __main__ | Loaded 3 row(s) for Cagayan de Oro into openweather_cagayan_de_oro.
2026-10-06 12:55:27,203 | INFO | __main__ | Checkpoint updated for Cagayan de Oro.
2026-10-06 12:55:27,205 | INFO | __main__ | Processing city: Zamboanga City
2026-10-06 12:55:27,441 | INFO | __main__ | Geocoding extracted for Zamboanga City
2026-10-06 12:55:27,568 | INFO | __main__ | Geocoding loaded for Zamboanga City into geocoding_zamboanga_city
2026-10-06 12:55:27,606 | INFO | __main__ | Raw JSON saved for Zamboanga City: /app/data/raw/openweather/zamboanga_city.json
2026-10-06 12:55:27,609 | INFO | __main__ | Weather data transformed for Zamboanga City.
2026-10-06 12:55:27,682 | INFO | __main__ | Parquet saved for Zamboanga City: /app/data/parquet/openweather/zamboanga_city.parquet
2026-10-06 12:55:27,813 | INFO | __main__ | Loaded 6 row(s) for Zamboanga City into openweather_zamboanga_city.
2026-10-06 12:55:27,851 | INFO | __main__ | Checkpoint updated for Zamboanga City.
2026-10-06 12:55:27,853 | INFO | __main__ | Weather ingestion completed.
2026-10-07 07:50:42,141 | INFO | __main__ | Starting Weather Ingestion...
2026-10-07 07:50:42,145 | INFO | __main__ | Processing city: Manila
2026-10-07 07:50:42,671 | INFO | __main__ | Geocoding extracted for Manila
2026-10-07 07:50:43,164 | INFO | __main__ | Geocoding loaded for Manila into geocoding_manila
2026-10-07 07:50:43,307 | INFO | __main__ | Raw JSON saved for Manila: /app/data/raw/openweather/manila.json
2026-10-07 07:50:43,312 | INFO | __main__ | Weather data transformed for Manila.
2026-10-07 07:50:43,434 | INFO | __main__ | Parquet saved for Manila: /app/data/parquet/openweather/manila.parquet
2026-10-07 07:50:43,616 | INFO | __main__ | Loaded 5 row(s) for Manila into openweather_manila.
2026-10-07 07:50:43,681 | INFO | __main__ | Checkpoint updated for Manila.
2026-10-07 07:50:43,686 | INFO | __main__ | Processing city: Quezon City
2026-10-07 07:50:43,972 | INFO | __main__ | Geocoding extracted for Quezon City
2026-10-07 07:50:44,101 | INFO | __main__ | Geocoding loaded for Quezon City into geocoding_quezon_city
2026-10-07 07:50:44,182 | INFO | __main__ | Raw JSON saved for Quezon City: /app/data/raw/openweather/quezon_city.json
2026-10-07 07:50:44,185 | INFO | __main__ | Weather data transformed for Quezon City.
2026-10-07 07:50:44,306 | INFO | __main__ | Parquet saved for Quezon City: /app/data/parquet/openweather/quezon_city.parquet
2026-10-07 07:50:44,429 | INFO | __main__ | Loaded 5 row(s) for Quezon City into openweather_quezon_city.
2026-10-07 07:50:44,463 | INFO | __main__ | Checkpoint updated for Quezon City.
2026-10-07 07:50:44,466 | INFO | __main__ | Processing city: Cebu City
2026-10-07 07:50:44,673 | INFO | __main__ | Geocoding extracted for Cebu City
2026-10-07 07:50:44,774 | INFO | __main__ | Geocoding loaded for Cebu City into geocoding_cebu_city
2026-10-07 07:50:44,831 | INFO | __main__ | Raw JSON saved for Cebu City: /app/data/raw/openweather/cebu_city.json
2026-10-07 07:50:44,834 | INFO | __main__ | Weather data transformed for Cebu City.
2026-10-07 07:50:44,950 | INFO | __main__ | Parquet saved for Cebu City: /app/data/parquet/openweather/cebu_city.parquet
2026-10-07 07:50:45,074 | INFO | __main__ | Loaded 5 row(s) for Cebu City into openweather_cebu_city.
2026-10-07 07:50:45,112 | INFO | __main__ | Checkpoint updated for Cebu City.
2026-10-07 07:50:45,114 | INFO | __main__ | Processing city: Davao City
2026-10-07 07:50:45,385 | INFO | __main__ | Geocoding extracted for Davao City
2026-10-07 07:50:45,484 | INFO | __main__ | Geocoding loaded for Davao City into geocoding_davao_city
2026-10-07 07:50:45,600 | INFO | __main__ | Raw JSON saved for Davao City: /app/data/raw/openweather/davao_city.json
2026-10-07 07:50:45,606 | INFO | __main__ | Weather data transformed for Davao City.
2026-10-07 07:50:45,717 | INFO | __main__ | Parquet saved for Davao City: /app/data/parquet/openweather/davao_city.parquet
2026-10-07 07:50:45,833 | INFO | __main__ | Loaded 6 row(s) for Davao City into openweather_davao_city.
2026-10-07 07:50:45,877 | INFO | __main__ | Checkpoint updated for Davao City.
2026-10-07 07:50:45,880 | INFO | __main__ | Processing city: Baguio
2026-10-07 07:50:46,259 | INFO | __main__ | Geocoding extracted for Baguio
2026-10-07 07:50:46,364 | INFO | __main__ | Geocoding loaded for Baguio into geocoding_baguio
2026-10-07 07:50:46,422 | INFO | __main__ | Raw JSON saved for Baguio: /app/data/raw/openweather/baguio.json
2026-10-07 07:50:46,427 | INFO | __main__ | Weather data transformed for Baguio.
2026-10-07 07:50:46,537 | INFO | __main__ | Parquet saved for Baguio: /app/data/parquet/openweather/baguio.parquet
2026-10-07 07:50:46,723 | INFO | __main__ | Loaded 5 row(s) for Baguio into openweather_baguio.
2026-10-07 07:50:46,766 | INFO | __main__ | Checkpoint updated for Baguio.
2026-10-07 07:50:46,768 | INFO | __main__ | Processing city: Iloilo City
2026-10-07 07:50:47,076 | INFO | __main__ | Geocoding extracted for Iloilo City
2026-10-07 07:50:47,156 | INFO | __main__ | Geocoding loaded for Iloilo City into geocoding_iloilo_city
2026-10-07 07:50:47,234 | INFO | __main__ | Raw JSON saved for Iloilo City: /app/data/raw/openweather/iloilo_city.json
2026-10-07 07:50:47,239 | INFO | __main__ | Weather data transformed for Iloilo City.
2026-10-07 07:50:47,382 | INFO | __main__ | Parquet saved for Iloilo City: /app/data/parquet/openweather/iloilo_city.parquet
2026-10-07 07:50:47,536 | INFO | __main__ | Loaded 5 row(s) for Iloilo City into openweather_iloilo_city.
2026-10-07 07:50:47,604 | INFO | __main__ | Checkpoint updated for Iloilo City.
2026-10-07 07:50:47,607 | INFO | __main__ | Processing city: Cagayan de Oro
2026-10-07 07:50:47,864 | INFO | __main__ | Geocoding extracted for Cagayan de Oro
2026-10-07 07:50:47,965 | INFO | __main__ | Geocoding loaded for Cagayan de Oro into geocoding_cagayan_de_oro
2026-10-07 07:50:48,037 | INFO | __main__ | Raw JSON saved for Cagayan de Oro: /app/data/raw/openweather/cagayan_de_oro.json
2026-10-07 07:50:48,041 | INFO | __main__ | Weather data transformed for Cagayan de Oro.
2026-10-07 07:50:48,143 | INFO | __main__ | Parquet saved for Cagayan de Oro: /app/data/parquet/openweather/cagayan_de_oro.parquet
2026-10-07 07:50:48,268 | INFO | __main__ | Loaded 4 row(s) for Cagayan de Oro into openweather_cagayan_de_oro.
2026-10-07 07:50:48,321 | INFO | __main__ | Checkpoint updated for Cagayan de Oro.
2026-10-07 07:50:48,324 | INFO | __main__ | Processing city: Zamboanga City
2026-10-07 07:50:48,614 | INFO | __main__ | Geocoding extracted for Zamboanga City
2026-10-07 07:50:48,701 | INFO | __main__ | Geocoding loaded for Zamboanga City into geocoding_zamboanga_city
2026-10-07 07:50:48,832 | INFO | __main__ | Raw JSON saved for Zamboanga City: /app/data/raw/openweather/zamboanga_city.json
2026-10-07 07:50:48,844 | INFO | __main__ | Weather data transformed for Zamboanga City.
2026-10-07 07:50:48,980 | INFO | __main__ | Parquet saved for Zamboanga City: /app/data/parquet/openweather/zamboanga_city.parquet
2026-10-07 07:50:49,138 | INFO | __main__ | Loaded 7 row(s) for Zamboanga City into openweather_zamboanga_city.
2026-10-07 07:50:49,191 | INFO | __main__ | Checkpoint updated for Zamboanga City.
2026-10-07 07:50:49,193 | INFO | __main__ | Weather ingestion completed.
2026-10-07 08:18:36,374 | INFO | __main__ | Starting Weather Ingestion...
2026-10-07 08:18:36,379 | INFO | __main__ | Processing city: Manila
2026-10-07 08:18:36,694 | INFO | __main__ | Geocoding extracted for Manila
2026-10-07 08:18:37,081 | INFO | __main__ | Geocoding loaded for Manila into geocoding_manila
2026-10-07 08:18:37,226 | INFO | __main__ | Raw JSON saved for Manila: /app/data/raw/openweather/manila.json
2026-10-07 08:18:37,244 | INFO | __main__ | Weather data transformed for Manila.
2026-10-07 08:18:37,452 | INFO | __main__ | Parquet saved for Manila: /app/data/parquet/openweather/manila.parquet
2026-10-07 08:18:37,610 | INFO | __main__ | Loaded 6 row(s) for Manila into openweather_manila.
2026-10-07 08:18:37,671 | INFO | __main__ | Checkpoint updated for Manila.
2026-10-07 08:18:37,673 | INFO | __main__ | Processing city: Quezon City
2026-10-07 08:18:37,949 | INFO | __main__ | Geocoding extracted for Quezon City
2026-10-07 08:18:38,073 | INFO | __main__ | Geocoding loaded for Quezon City into geocoding_quezon_city
2026-10-07 08:18:38,180 | INFO | __main__ | Raw JSON saved for Quezon City: /app/data/raw/openweather/quezon_city.json
2026-10-07 08:18:38,194 | INFO | __main__ | Weather data transformed for Quezon City.
2026-10-07 08:18:38,359 | INFO | __main__ | Parquet saved for Quezon City: /app/data/parquet/openweather/quezon_city.parquet
2026-10-07 08:18:38,544 | INFO | __main__ | Loaded 6 row(s) for Quezon City into openweather_quezon_city.
2026-10-07 08:18:38,608 | INFO | __main__ | Checkpoint updated for Quezon City.
2026-10-07 08:18:38,609 | INFO | __main__ | Processing city: Cebu City
2026-10-07 08:18:38,912 | INFO | __main__ | Geocoding extracted for Cebu City
2026-10-07 08:18:39,030 | INFO | __main__ | Geocoding loaded for Cebu City into geocoding_cebu_city
2026-10-07 08:18:39,163 | INFO | __main__ | Raw JSON saved for Cebu City: /app/data/raw/openweather/cebu_city.json
2026-10-07 08:18:39,175 | INFO | __main__ | Weather data transformed for Cebu City.
2026-10-07 08:18:39,308 | INFO | __main__ | Parquet saved for Cebu City: /app/data/parquet/openweather/cebu_city.parquet
2026-10-07 08:18:39,496 | INFO | __main__ | Loaded 6 row(s) for Cebu City into openweather_cebu_city.
2026-10-07 08:18:39,557 | INFO | __main__ | Checkpoint updated for Cebu City.
2026-10-07 08:18:39,560 | INFO | __main__ | Processing city: Davao City
2026-10-07 08:18:39,878 | INFO | __main__ | Geocoding extracted for Davao City
2026-10-07 08:18:39,973 | INFO | __main__ | Geocoding loaded for Davao City into geocoding_davao_city
2026-10-07 08:18:40,039 | INFO | __main__ | Raw JSON saved for Davao City: /app/data/raw/openweather/davao_city.json
2026-10-07 08:18:40,049 | INFO | __main__ | Weather data transformed for Davao City.
2026-10-07 08:18:40,378 | INFO | __main__ | Parquet saved for Davao City: /app/data/parquet/openweather/davao_city.parquet
2026-10-07 08:18:40,662 | INFO | __main__ | Loaded 7 row(s) for Davao City into openweather_davao_city.
2026-10-07 08:18:40,724 | INFO | __main__ | Checkpoint updated for Davao City.
2026-10-07 08:18:40,726 | INFO | __main__ | Processing city: Baguio
2026-10-07 08:18:41,048 | INFO | __main__ | Geocoding extracted for Baguio
2026-10-07 08:18:41,158 | INFO | __main__ | Geocoding loaded for Baguio into geocoding_baguio
2026-10-07 08:18:41,216 | INFO | __main__ | Raw JSON saved for Baguio: /app/data/raw/openweather/baguio.json
2026-10-07 08:18:41,220 | INFO | __main__ | Weather data transformed for Baguio.
2026-10-07 08:18:41,337 | INFO | __main__ | Parquet saved for Baguio: /app/data/parquet/openweather/baguio.parquet
2026-10-07 08:18:41,500 | INFO | __main__ | Loaded 6 row(s) for Baguio into openweather_baguio.
2026-10-07 08:18:41,585 | INFO | __main__ | Checkpoint updated for Baguio.
2026-10-07 08:18:41,587 | INFO | __main__ | Processing city: Iloilo City
2026-10-07 08:18:41,850 | INFO | __main__ | Geocoding extracted for Iloilo City
2026-10-07 08:18:41,940 | INFO | __main__ | Geocoding loaded for Iloilo City into geocoding_iloilo_city
2026-10-07 08:18:42,005 | INFO | __main__ | Raw JSON saved for Iloilo City: /app/data/raw/openweather/iloilo_city.json
2026-10-07 08:18:42,010 | INFO | __main__ | Weather data transformed for Iloilo City.
2026-10-07 08:18:42,124 | INFO | __main__ | Parquet saved for Iloilo City: /app/data/parquet/openweather/iloilo_city.parquet
2026-10-07 08:18:42,274 | INFO | __main__ | Loaded 6 row(s) for Iloilo City into openweather_iloilo_city.
2026-10-07 08:18:42,332 | INFO | __main__ | Checkpoint updated for Iloilo City.
2026-10-07 08:18:42,335 | INFO | __main__ | Processing city: Cagayan de Oro
2026-10-07 08:18:42,684 | INFO | __main__ | Geocoding extracted for Cagayan de Oro
2026-10-07 08:18:42,807 | INFO | __main__ | Geocoding loaded for Cagayan de Oro into geocoding_cagayan_de_oro
2026-10-07 08:18:42,871 | INFO | __main__ | Raw JSON saved for Cagayan de Oro: /app/data/raw/openweather/cagayan_de_oro.json
2026-10-07 08:18:42,882 | INFO | __main__ | Weather data transformed for Cagayan de Oro.
2026-10-07 08:18:43,008 | INFO | __main__ | Parquet saved for Cagayan de Oro: /app/data/parquet/openweather/cagayan_de_oro.parquet
2026-10-07 08:18:43,164 | INFO | __main__ | Loaded 5 row(s) for Cagayan de Oro into openweather_cagayan_de_oro.
2026-10-07 08:18:43,227 | INFO | __main__ | Checkpoint updated for Cagayan de Oro.
2026-10-07 08:18:43,233 | INFO | __main__ | Processing city: Zamboanga City
2026-10-07 08:18:43,515 | INFO | __main__ | Geocoding extracted for Zamboanga City
2026-10-07 08:18:43,586 | INFO | __main__ | Geocoding loaded for Zamboanga City into geocoding_zamboanga_city
2026-10-07 08:18:43,649 | INFO | __main__ | Raw JSON saved for Zamboanga City: /app/data/raw/openweather/zamboanga_city.json
2026-10-07 08:18:43,654 | INFO | __main__ | Weather data transformed for Zamboanga City.
2026-10-07 08:18:43,844 | INFO | __main__ | Parquet saved for Zamboanga City: /app/data/parquet/openweather/zamboanga_city.parquet
2026-10-07 08:18:44,006 | INFO | __main__ | Loaded 8 row(s) for Zamboanga City into openweather_zamboanga_city.
2026-10-07 08:18:44,083 | INFO | __main__ | Checkpoint updated for Zamboanga City.
2026-10-07 08:18:44,087 | INFO | __main__ | Weather ingestion completed.
2026-10-07 08:27:26,564 | INFO | __main__ | Starting Weather Ingestion...
2026-10-07 08:27:26,568 | INFO | __main__ | Processing city: Manila
2026-10-07 08:27:26,869 | INFO | __main__ | Geocoding extracted for Manila
2026-10-07 08:27:27,085 | INFO | __main__ | Geocoding loaded for Manila into geocoding_manila
2026-10-07 08:27:27,208 | INFO | __main__ | Raw JSON saved for Manila: /app/data/raw/openweather/manila.json
2026-10-07 08:27:27,214 | INFO | __main__ | Weather data transformed for Manila.
2026-10-07 08:27:27,351 | INFO | __main__ | Parquet saved for Manila: /app/data/parquet/openweather/manila.parquet
2026-10-07 08:27:27,523 | INFO | __main__ | Loaded 7 row(s) for Manila into openweather_manila.
2026-10-07 08:27:27,596 | INFO | __main__ | Checkpoint updated for Manila.
2026-10-07 08:27:27,602 | INFO | __main__ | Processing city: Quezon City
2026-10-07 08:27:27,930 | INFO | __main__ | Geocoding extracted for Quezon City
2026-10-07 08:27:27,998 | INFO | __main__ | Geocoding loaded for Quezon City into geocoding_quezon_city
2026-10-07 08:27:28,016 | INFO | __main__ | No new weather data for Quezon City. Skipping.
2026-10-07 08:27:28,018 | INFO | __main__ | Processing city: Cebu City
2026-10-07 08:27:28,291 | INFO | __main__ | Geocoding extracted for Cebu City
2026-10-07 08:27:28,424 | INFO | __main__ | Geocoding loaded for Cebu City into geocoding_cebu_city
2026-10-07 08:27:28,453 | INFO | __main__ | No new weather data for Cebu City. Skipping.
2026-10-07 08:27:28,456 | INFO | __main__ | Processing city: Davao City
2026-10-07 08:27:28,742 | INFO | __main__ | Geocoding extracted for Davao City
2026-10-07 08:27:28,845 | INFO | __main__ | Geocoding loaded for Davao City into geocoding_davao_city
2026-10-07 08:27:28,873 | INFO | __main__ | No new weather data for Davao City. Skipping.
2026-10-07 08:27:28,880 | INFO | __main__ | Processing city: Baguio
2026-10-07 08:27:29,158 | INFO | __main__ | Geocoding extracted for Baguio
2026-10-07 08:27:29,281 | INFO | __main__ | Geocoding loaded for Baguio into geocoding_baguio
2026-10-07 08:27:29,295 | INFO | __main__ | No new weather data for Baguio. Skipping.
2026-10-07 08:27:29,297 | INFO | __main__ | Processing city: Iloilo City
2026-10-07 08:27:29,621 | INFO | __main__ | Geocoding extracted for Iloilo City
2026-10-07 08:27:29,711 | INFO | __main__ | Geocoding loaded for Iloilo City into geocoding_iloilo_city
2026-10-07 08:27:29,721 | INFO | __main__ | No new weather data for Iloilo City. Skipping.
2026-10-07 08:27:29,723 | INFO | __main__ | Processing city: Cagayan de Oro
2026-10-07 08:27:29,933 | INFO | __main__ | Geocoding extracted for Cagayan de Oro
2026-10-07 08:27:30,063 | INFO | __main__ | Geocoding loaded for Cagayan de Oro into geocoding_cagayan_de_oro
2026-10-07 08:27:30,090 | INFO | __main__ | No new weather data for Cagayan de Oro. Skipping.
2026-10-07 08:27:30,094 | INFO | __main__ | Processing city: Zamboanga City
2026-10-07 08:27:30,353 | INFO | __main__ | Geocoding extracted for Zamboanga City
2026-10-07 08:27:30,690 | INFO | __main__ | Geocoding loaded for Zamboanga City into geocoding_zamboanga_city
2026-10-07 08:27:30,822 | INFO | __main__ | Raw JSON saved for Zamboanga City: /app/data/raw/openweather/zamboanga_city.json
2026-10-07 08:27:30,830 | INFO | __main__ | Weather data transformed for Zamboanga City.
2026-10-07 08:27:30,987 | INFO | __main__ | Parquet saved for Zamboanga City: /app/data/parquet/openweather/zamboanga_city.parquet
2026-10-07 08:27:31,153 | INFO | __main__ | Loaded 9 row(s) for Zamboanga City into openweather_zamboanga_city.
2026-10-07 08:27:31,220 | INFO | __main__ | Checkpoint updated for Zamboanga City.
2026-10-07 08:27:31,223 | INFO | __main__ | Weather ingestion completed.
2026-10-07 08:28:39,655 | INFO | __main__ | Starting Weather Ingestion...
2026-10-07 08:28:39,659 | INFO | __main__ | Processing city: Manila
2026-10-07 08:28:40,007 | INFO | __main__ | Geocoding extracted for Manila
2026-10-07 08:28:40,177 | INFO | __main__ | Geocoding loaded for Manila into geocoding_manila
2026-10-07 08:28:40,215 | INFO | __main__ | No new weather data for Manila. Skipping.
2026-10-07 08:28:40,219 | INFO | __main__ | Processing city: Quezon City
2026-10-07 08:28:40,496 | INFO | __main__ | Geocoding extracted for Quezon City
2026-10-07 08:28:40,601 | INFO | __main__ | Geocoding loaded for Quezon City into geocoding_quezon_city
2026-10-07 08:28:40,682 | INFO | __main__ | Raw JSON saved for Quezon City: /app/data/raw/openweather/quezon_city.json
2026-10-07 08:28:40,687 | INFO | __main__ | Weather data transformed for Quezon City.
2026-10-07 08:28:40,823 | INFO | __main__ | Parquet saved for Quezon City: /app/data/parquet/openweather/quezon_city.parquet
2026-10-07 08:28:40,958 | INFO | __main__ | Loaded 7 row(s) for Quezon City into openweather_quezon_city.
2026-10-07 08:28:41,028 | INFO | __main__ | Checkpoint updated for Quezon City.
2026-10-07 08:28:41,029 | INFO | __main__ | Processing city: Cebu City
2026-10-07 08:28:41,241 | INFO | __main__ | Geocoding extracted for Cebu City
2026-10-07 08:28:41,343 | INFO | __main__ | Geocoding loaded for Cebu City into geocoding_cebu_city
2026-10-07 08:28:41,413 | INFO | __main__ | Raw JSON saved for Cebu City: /app/data/raw/openweather/cebu_city.json
2026-10-07 08:28:41,436 | INFO | __main__ | Weather data transformed for Cebu City.
2026-10-07 08:28:41,574 | INFO | __main__ | Parquet saved for Cebu City: /app/data/parquet/openweather/cebu_city.parquet
2026-10-07 08:28:41,743 | INFO | __main__ | Loaded 7 row(s) for Cebu City into openweather_cebu_city.
2026-10-07 08:28:41,803 | INFO | __main__ | Checkpoint updated for Cebu City.
2026-10-07 08:28:41,811 | INFO | __main__ | Processing city: Davao City
2026-10-07 08:28:42,147 | INFO | __main__ | Geocoding extracted for Davao City
2026-10-07 08:28:42,221 | INFO | __main__ | Geocoding loaded for Davao City into geocoding_davao_city
2026-10-07 08:28:42,304 | INFO | __main__ | Raw JSON saved for Davao City: /app/data/raw/openweather/davao_city.json
2026-10-07 08:28:42,312 | INFO | __main__ | Weather data transformed for Davao City.
2026-10-07 08:28:42,472 | INFO | __main__ | Parquet saved for Davao City: /app/data/parquet/openweather/davao_city.parquet
2026-10-07 08:28:42,735 | INFO | __main__ | Loaded 8 row(s) for Davao City into openweather_davao_city.
2026-10-07 08:28:42,779 | INFO | __main__ | Checkpoint updated for Davao City.
2026-10-07 08:28:42,781 | INFO | __main__ | Processing city: Baguio
2026-10-07 08:28:43,035 | INFO | __main__ | Geocoding extracted for Baguio
2026-10-07 08:28:43,135 | INFO | __main__ | Geocoding loaded for Baguio into geocoding_baguio
2026-10-07 08:28:43,198 | INFO | __main__ | Raw JSON saved for Baguio: /app/data/raw/openweather/baguio.json
2026-10-07 08:28:43,203 | INFO | __main__ | Weather data transformed for Baguio.
2026-10-07 08:28:43,349 | INFO | __main__ | Parquet saved for Baguio: /app/data/parquet/openweather/baguio.parquet
2026-10-07 08:28:43,501 | INFO | __main__ | Loaded 7 row(s) for Baguio into openweather_baguio.
2026-10-07 08:28:43,560 | INFO | __main__ | Checkpoint updated for Baguio.
2026-10-07 08:28:43,562 | INFO | __main__ | Processing city: Iloilo City
2026-10-07 08:28:43,990 | INFO | __main__ | Geocoding extracted for Iloilo City
2026-10-07 08:28:44,103 | INFO | __main__ | Geocoding loaded for Iloilo City into geocoding_iloilo_city
2026-10-07 08:28:44,163 | INFO | __main__ | Raw JSON saved for Iloilo City: /app/data/raw/openweather/iloilo_city.json
2026-10-07 08:28:44,176 | INFO | __main__ | Weather data transformed for Iloilo City.
2026-10-07 08:28:44,310 | INFO | __main__ | Parquet saved for Iloilo City: /app/data/parquet/openweather/iloilo_city.parquet
2026-10-07 08:28:44,588 | INFO | __main__ | Loaded 7 row(s) for Iloilo City into openweather_iloilo_city.
2026-10-07 08:28:44,695 | INFO | __main__ | Checkpoint updated for Iloilo City.
2026-10-07 08:28:44,698 | INFO | __main__ | Processing city: Cagayan de Oro
2026-10-07 08:28:44,983 | INFO | __main__ | Geocoding extracted for Cagayan de Oro
2026-10-07 08:28:45,147 | INFO | __main__ | Geocoding loaded for Cagayan de Oro into geocoding_cagayan_de_oro
2026-10-07 08:28:45,264 | INFO | __main__ | Raw JSON saved for Cagayan de Oro: /app/data/raw/openweather/cagayan_de_oro.json
2026-10-07 08:28:45,270 | INFO | __main__ | Weather data transformed for Cagayan de Oro.
2026-10-07 08:28:45,399 | INFO | __main__ | Parquet saved for Cagayan de Oro: /app/data/parquet/openweather/cagayan_de_oro.parquet
2026-10-07 08:28:45,543 | INFO | __main__ | Loaded 6 row(s) for Cagayan de Oro into openweather_cagayan_de_oro.
2026-10-07 08:28:45,589 | INFO | __main__ | Checkpoint updated for Cagayan de Oro.
2026-10-07 08:28:45,591 | INFO | __main__ | Processing city: Zamboanga City
2026-10-07 08:28:45,832 | INFO | __main__ | Geocoding extracted for Zamboanga City
2026-10-07 08:28:45,937 | INFO | __main__ | Geocoding loaded for Zamboanga City into geocoding_zamboanga_city
2026-10-07 08:28:45,968 | INFO | __main__ | No new weather data for Zamboanga City. Skipping.
2026-10-07 08:28:45,975 | INFO | __main__ | Weather ingestion completed.
2026-10-07 08:49:59,927 | INFO | __main__ | Starting Weather Ingestion...
2026-10-07 08:49:59,935 | INFO | __main__ | Processing city: Manila
2026-10-07 08:50:00,531 | INFO | __main__ | Geocoding extracted for Manila
2026-10-07 08:50:00,801 | INFO | __main__ | Geocoding loaded for Manila into geocoding_manila
2026-10-07 08:50:00,930 | INFO | __main__ | Raw JSON saved for Manila: /app/data/raw/openweather/manila.json
2026-10-07 08:50:00,946 | INFO | __main__ | Weather data transformed for Manila.
2026-10-07 08:50:01,148 | INFO | __main__ | Parquet saved for Manila: /app/data/parquet/openweather/manila.parquet
2026-10-07 08:50:01,258 | INFO | __main__ | Loaded 8 row(s) for Manila into openweather_manila.
2026-10-07 08:50:01,347 | INFO | __main__ | Checkpoint updated for Manila.
2026-10-07 08:50:01,353 | INFO | __main__ | Processing city: Quezon City
2026-10-07 08:50:01,708 | INFO | __main__ | Geocoding extracted for Quezon City
2026-10-07 08:50:01,830 | INFO | __main__ | Geocoding loaded for Quezon City into geocoding_quezon_city
2026-10-07 08:50:01,895 | INFO | __main__ | Raw JSON saved for Quezon City: /app/data/raw/openweather/quezon_city.json
2026-10-07 08:50:01,899 | INFO | __main__ | Weather data transformed for Quezon City.
2026-10-07 08:50:02,020 | INFO | __main__ | Parquet saved for Quezon City: /app/data/parquet/openweather/quezon_city.parquet
2026-10-07 08:50:02,161 | INFO | __main__ | Loaded 8 row(s) for Quezon City into openweather_quezon_city.
2026-10-07 08:50:02,206 | INFO | __main__ | Checkpoint updated for Quezon City.
2026-10-07 08:50:02,208 | INFO | __main__ | Processing city: Cebu City
2026-10-07 08:50:02,526 | INFO | __main__ | Geocoding extracted for Cebu City
2026-10-07 08:50:02,688 | INFO | __main__ | Geocoding loaded for Cebu City into geocoding_cebu_city
2026-10-07 08:50:02,749 | INFO | __main__ | Raw JSON saved for Cebu City: /app/data/raw/openweather/cebu_city.json
2026-10-07 08:50:02,758 | INFO | __main__ | Weather data transformed for Cebu City.
2026-10-07 08:50:02,937 | INFO | __main__ | Parquet saved for Cebu City: /app/data/parquet/openweather/cebu_city.parquet
2026-10-07 08:50:03,285 | INFO | __main__ | Loaded 8 row(s) for Cebu City into openweather_cebu_city.
2026-10-07 08:50:03,329 | INFO | __main__ | Checkpoint updated for Cebu City.
2026-10-07 08:50:03,332 | INFO | __main__ | Processing city: Davao City
2026-10-07 08:50:03,636 | INFO | __main__ | Geocoding extracted for Davao City
2026-10-07 08:50:03,731 | INFO | __main__ | Geocoding loaded for Davao City into geocoding_davao_city
2026-10-07 08:50:03,780 | INFO | __main__ | Raw JSON saved for Davao City: /app/data/raw/openweather/davao_city.json
2026-10-07 08:50:03,792 | INFO | __main__ | Weather data transformed for Davao City.
2026-10-07 08:50:03,920 | INFO | __main__ | Parquet saved for Davao City: /app/data/parquet/openweather/davao_city.parquet
2026-10-07 08:50:04,027 | INFO | __main__ | Loaded 9 row(s) for Davao City into openweather_davao_city.
2026-10-07 08:50:04,150 | INFO | __main__ | Checkpoint updated for Davao City.
2026-10-07 08:50:04,157 | INFO | __main__ | Processing city: Baguio
2026-10-07 08:50:04,525 | INFO | __main__ | Geocoding extracted for Baguio
2026-10-07 08:50:04,647 | INFO | __main__ | Geocoding loaded for Baguio into geocoding_baguio
2026-10-07 08:50:04,743 | INFO | __main__ | Raw JSON saved for Baguio: /app/data/raw/openweather/baguio.json
2026-10-07 08:50:04,750 | INFO | __main__ | Weather data transformed for Baguio.
2026-10-07 08:50:04,959 | INFO | __main__ | Parquet saved for Baguio: /app/data/parquet/openweather/baguio.parquet
2026-10-07 08:50:05,069 | INFO | __main__ | Loaded 8 row(s) for Baguio into openweather_baguio.
2026-10-07 08:50:05,123 | INFO | __main__ | Checkpoint updated for Baguio.
2026-10-07 08:50:05,128 | INFO | __main__ | Processing city: Iloilo City
2026-10-07 08:50:05,471 | INFO | __main__ | Geocoding extracted for Iloilo City
2026-10-07 08:50:05,578 | INFO | __main__ | Geocoding loaded for Iloilo City into geocoding_iloilo_city
2026-10-07 08:50:05,623 | INFO | __main__ | Raw JSON saved for Iloilo City: /app/data/raw/openweather/iloilo_city.json
2026-10-07 08:50:05,627 | INFO | __main__ | Weather data transformed for Iloilo City.
2026-10-07 08:50:05,731 | INFO | __main__ | Parquet saved for Iloilo City: /app/data/parquet/openweather/iloilo_city.parquet
2026-10-07 08:50:05,955 | INFO | __main__ | Loaded 8 row(s) for Iloilo City into openweather_iloilo_city.
2026-10-07 08:50:06,059 | INFO | __main__ | Checkpoint updated for Iloilo City.
2026-10-07 08:50:06,064 | INFO | __main__ | Processing city: Cagayan de Oro
2026-10-07 08:50:06,392 | INFO | __main__ | Geocoding extracted for Cagayan de Oro
2026-10-07 08:50:06,501 | INFO | __main__ | Geocoding loaded for Cagayan de Oro into geocoding_cagayan_de_oro
2026-10-07 08:50:06,607 | INFO | __main__ | Raw JSON saved for Cagayan de Oro: /app/data/raw/openweather/cagayan_de_oro.json
2026-10-07 08:50:06,612 | INFO | __main__ | Weather data transformed for Cagayan de Oro.
2026-10-07 08:50:06,802 | INFO | __main__ | Parquet saved for Cagayan de Oro: /app/data/parquet/openweather/cagayan_de_oro.parquet
2026-10-07 08:50:07,026 | INFO | __main__ | Loaded 7 row(s) for Cagayan de Oro into openweather_cagayan_de_oro.
2026-10-07 08:50:07,079 | INFO | __main__ | Checkpoint updated for Cagayan de Oro.
2026-10-07 08:50:07,081 | INFO | __main__ | Processing city: Zamboanga City
2026-10-07 08:50:07,324 | INFO | __main__ | Geocoding extracted for Zamboanga City
2026-10-07 08:50:07,445 | INFO | __main__ | Geocoding loaded for Zamboanga City into geocoding_zamboanga_city
2026-10-07 08:50:07,528 | INFO | __main__ | Raw JSON saved for Zamboanga City: /app/data/raw/openweather/zamboanga_city.json
2026-10-07 08:50:07,537 | INFO | __main__ | Weather data transformed for Zamboanga City.
2026-10-07 08:50:07,695 | INFO | __main__ | Parquet saved for Zamboanga City: /app/data/parquet/openweather/zamboanga_city.parquet
2026-10-07 08:50:07,874 | INFO | __main__ | Loaded 10 row(s) for Zamboanga City into openweather_zamboanga_city.
2026-10-07 08:50:07,944 | INFO | __main__ | Checkpoint updated for Zamboanga City.
2026-10-07 08:50:07,951 | INFO | __main__ | Weather ingestion completed.
2026-10-07 09:44:12,494 | INFO | __main__ | Starting Weather Ingestion...
2026-10-07 09:44:12,498 | INFO | __main__ | Processing city: Manila
2026-10-07 09:44:12,791 | INFO | __main__ | Geocoding extracted for Manila
2026-10-07 09:44:13,042 | INFO | __main__ | Geocoding loaded for Manila into geocoding_manila
2026-10-07 09:44:13,095 | INFO | __main__ | Raw JSON saved for Manila: /app/data/raw/openweather/manila.json
2026-10-07 09:44:13,109 | INFO | __main__ | Weather data transformed for Manila.
2026-10-07 09:44:13,256 | INFO | __main__ | Parquet saved for Manila: /app/data/parquet/openweather/manila.parquet
2026-10-07 09:44:13,388 | INFO | __main__ | Loaded 9 row(s) for Manila into openweather_manila.
2026-10-07 09:44:13,454 | INFO | __main__ | Checkpoint updated for Manila.
2026-10-07 09:44:13,455 | INFO | __main__ | Processing city: Quezon City
2026-10-07 09:44:13,765 | INFO | __main__ | Geocoding extracted for Quezon City
2026-10-07 09:44:13,852 | INFO | __main__ | Geocoding loaded for Quezon City into geocoding_quezon_city
2026-10-07 09:44:13,930 | INFO | __main__ | Raw JSON saved for Quezon City: /app/data/raw/openweather/quezon_city.json
2026-10-07 09:44:13,938 | INFO | __main__ | Weather data transformed for Quezon City.
2026-10-07 09:44:14,084 | INFO | __main__ | Parquet saved for Quezon City: /app/data/parquet/openweather/quezon_city.parquet
2026-10-07 09:44:14,323 | INFO | __main__ | Loaded 9 row(s) for Quezon City into openweather_quezon_city.
2026-10-07 09:44:14,443 | INFO | __main__ | Checkpoint updated for Quezon City.
2026-10-07 09:44:14,448 | INFO | __main__ | Processing city: Cebu City
2026-10-07 09:44:14,717 | INFO | __main__ | Geocoding extracted for Cebu City
2026-10-07 09:44:14,843 | INFO | __main__ | Geocoding loaded for Cebu City into geocoding_cebu_city
2026-10-07 09:44:14,892 | INFO | __main__ | Raw JSON saved for Cebu City: /app/data/raw/openweather/cebu_city.json
2026-10-07 09:44:14,896 | INFO | __main__ | Weather data transformed for Cebu City.
2026-10-07 09:44:15,012 | INFO | __main__ | Parquet saved for Cebu City: /app/data/parquet/openweather/cebu_city.parquet
2026-10-07 09:44:15,143 | INFO | __main__ | Loaded 9 row(s) for Cebu City into openweather_cebu_city.
2026-10-07 09:44:15,186 | INFO | __main__ | Checkpoint updated for Cebu City.
2026-10-07 09:44:15,189 | INFO | __main__ | Processing city: Davao City
2026-10-07 09:44:15,481 | INFO | __main__ | Geocoding extracted for Davao City
2026-10-07 09:44:15,610 | INFO | __main__ | Geocoding loaded for Davao City into geocoding_davao_city
2026-10-07 09:44:15,690 | INFO | __main__ | Raw JSON saved for Davao City: /app/data/raw/openweather/davao_city.json
2026-10-07 09:44:15,697 | INFO | __main__ | Weather data transformed for Davao City.
2026-10-07 09:44:15,836 | INFO | __main__ | Parquet saved for Davao City: /app/data/parquet/openweather/davao_city.parquet
2026-10-07 09:44:16,030 | INFO | __main__ | Loaded 10 row(s) for Davao City into openweather_davao_city.
2026-10-07 09:44:16,076 | INFO | __main__ | Checkpoint updated for Davao City.
2026-10-07 09:44:16,078 | INFO | __main__ | Processing city: Baguio
2026-10-07 09:44:16,342 | INFO | __main__ | Geocoding extracted for Baguio
2026-10-07 09:44:16,439 | INFO | __main__ | Geocoding loaded for Baguio into geocoding_baguio
2026-10-07 09:44:16,532 | INFO | __main__ | Raw JSON saved for Baguio: /app/data/raw/openweather/baguio.json
2026-10-07 09:44:16,538 | INFO | __main__ | Weather data transformed for Baguio.
2026-10-07 09:44:16,656 | INFO | __main__ | Parquet saved for Baguio: /app/data/parquet/openweather/baguio.parquet
2026-10-07 09:44:16,806 | INFO | __main__ | Loaded 9 row(s) for Baguio into openweather_baguio.
2026-10-07 09:44:16,890 | INFO | __main__ | Checkpoint updated for Baguio.
2026-10-07 09:44:16,893 | INFO | __main__ | Processing city: Iloilo City
2026-10-07 09:44:17,141 | INFO | __main__ | Geocoding extracted for Iloilo City
2026-10-07 09:44:17,291 | INFO | __main__ | Geocoding loaded for Iloilo City into geocoding_iloilo_city
2026-10-07 09:44:17,358 | INFO | __main__ | Raw JSON saved for Iloilo City: /app/data/raw/openweather/iloilo_city.json
2026-10-07 09:44:17,363 | INFO | __main__ | Weather data transformed for Iloilo City.
2026-10-07 09:44:17,487 | INFO | __main__ | Parquet saved for Iloilo City: /app/data/parquet/openweather/iloilo_city.parquet
2026-10-07 09:44:17,630 | INFO | __main__ | Loaded 9 row(s) for Iloilo City into openweather_iloilo_city.
2026-10-07 09:44:17,673 | INFO | __main__ | Checkpoint updated for Iloilo City.
2026-10-07 09:44:17,677 | INFO | __main__ | Processing city: Cagayan de Oro
2026-10-07 09:44:18,027 | INFO | __main__ | Geocoding extracted for Cagayan de Oro
2026-10-07 09:44:18,151 | INFO | __main__ | Geocoding loaded for Cagayan de Oro into geocoding_cagayan_de_oro
2026-10-07 09:44:18,253 | INFO | __main__ | Raw JSON saved for Cagayan de Oro: /app/data/raw/openweather/cagayan_de_oro.json
2026-10-07 09:44:18,258 | INFO | __main__ | Weather data transformed for Cagayan de Oro.
2026-10-07 09:44:18,413 | INFO | __main__ | Parquet saved for Cagayan de Oro: /app/data/parquet/openweather/cagayan_de_oro.parquet
2026-10-07 09:44:18,602 | INFO | __main__ | Loaded 8 row(s) for Cagayan de Oro into openweather_cagayan_de_oro.
2026-10-07 09:44:18,659 | INFO | __main__ | Checkpoint updated for Cagayan de Oro.
2026-10-07 09:44:18,661 | INFO | __main__ | Processing city: Zamboanga City
2026-10-07 09:44:18,990 | INFO | __main__ | Geocoding extracted for Zamboanga City
2026-10-07 09:44:19,118 | INFO | __main__ | Geocoding loaded for Zamboanga City into geocoding_zamboanga_city
2026-10-07 09:44:19,207 | INFO | __main__ | Raw JSON saved for Zamboanga City: /app/data/raw/openweather/zamboanga_city.json
2026-10-07 09:44:19,215 | INFO | __main__ | Weather data transformed for Zamboanga City.
2026-10-07 09:44:19,321 | INFO | __main__ | Parquet saved for Zamboanga City: /app/data/parquet/openweather/zamboanga_city.parquet
2026-10-07 09:44:19,505 | INFO | __main__ | Loaded 11 row(s) for Zamboanga City into openweather_zamboanga_city.
2026-10-07 09:44:19,600 | INFO | __main__ | Checkpoint updated for Zamboanga City.
2026-10-07 09:44:19,602 | INFO | __main__ | Weather ingestion completed.
2026-10-07 09:48:49,198 | INFO | __main__ | Starting Weather Ingestion...
2026-10-07 09:48:49,200 | INFO | __main__ | Processing city: Manila
2026-10-07 09:48:49,718 | INFO | __main__ | Geocoding extracted for Manila
2026-10-07 09:48:49,937 | INFO | __main__ | Geocoding loaded for Manila into geocoding_manila
2026-10-07 09:48:50,006 | INFO | __main__ | No new weather data for Manila. Skipping.
2026-10-07 09:48:50,015 | INFO | __main__ | Processing city: Quezon City
2026-10-07 09:48:50,389 | INFO | __main__ | Geocoding extracted for Quezon City
2026-10-07 09:48:50,534 | INFO | __main__ | Geocoding loaded for Quezon City into geocoding_quezon_city
2026-10-07 09:48:50,592 | INFO | __main__ | No new weather data for Quezon City. Skipping.
2026-10-07 09:48:50,594 | INFO | __main__ | Processing city: Cebu City
2026-10-07 09:48:50,864 | INFO | __main__ | Geocoding extracted for Cebu City
2026-10-07 09:48:51,061 | INFO | __main__ | Geocoding loaded for Cebu City into geocoding_cebu_city
2026-10-07 09:48:51,112 | INFO | __main__ | No new weather data for Cebu City. Skipping.
2026-10-07 09:48:51,118 | INFO | __main__ | Processing city: Davao City
2026-10-07 09:48:51,437 | INFO | __main__ | Geocoding extracted for Davao City
2026-10-07 09:48:51,575 | INFO | __main__ | Geocoding loaded for Davao City into geocoding_davao_city
2026-10-07 09:48:51,591 | INFO | __main__ | No new weather data for Davao City. Skipping.
2026-10-07 09:48:51,593 | INFO | __main__ | Processing city: Baguio
2026-10-07 09:48:51,958 | INFO | __main__ | Geocoding extracted for Baguio
2026-10-07 09:48:52,070 | INFO | __main__ | Geocoding loaded for Baguio into geocoding_baguio
2026-10-07 09:48:52,082 | INFO | __main__ | No new weather data for Baguio. Skipping.
2026-10-07 09:48:52,084 | INFO | __main__ | Processing city: Iloilo City
2026-10-07 09:48:52,399 | INFO | __main__ | Geocoding extracted for Iloilo City
2026-10-07 09:48:52,539 | INFO | __main__ | Geocoding loaded for Iloilo City into geocoding_iloilo_city
2026-10-07 09:48:52,588 | INFO | __main__ | No new weather data for Iloilo City. Skipping.
2026-10-07 09:48:52,589 | INFO | __main__ | Processing city: Cagayan de Oro
2026-10-07 09:48:52,922 | INFO | __main__ | Geocoding extracted for Cagayan de Oro
2026-10-07 09:48:53,055 | INFO | __main__ | Geocoding loaded for Cagayan de Oro into geocoding_cagayan_de_oro
2026-10-07 09:48:53,069 | INFO | __main__ | No new weather data for Cagayan de Oro. Skipping.
2026-10-07 09:48:53,073 | INFO | __main__ | Processing city: Zamboanga City
2026-10-07 09:48:53,416 | INFO | __main__ | Geocoding extracted for Zamboanga City
2026-10-07 09:48:53,551 | INFO | __main__ | Geocoding loaded for Zamboanga City into geocoding_zamboanga_city
2026-10-07 09:48:53,563 | INFO | __main__ | No new weather data for Zamboanga City. Skipping.
2026-10-07 09:48:53,564 | INFO | __main__ | Weather ingestion completed.
2026-10-07 10:09:17,732 | INFO | __main__ | Starting Weather Ingestion...
2026-10-07 10:09:17,749 | INFO | __main__ | Processing city: Manila
2026-10-07 10:09:18,198 | INFO | __main__ | Geocoding extracted for Manila
2026-10-07 10:09:18,725 | INFO | __main__ | Geocoding loaded for Manila into geocoding_manila
2026-10-07 10:09:18,916 | INFO | __main__ | Raw JSON saved for Manila: /app/data/raw/openweather/manila.json
2026-10-07 10:09:18,929 | INFO | __main__ | Weather data transformed for Manila.
2026-10-07 10:09:19,150 | INFO | __main__ | Parquet saved for Manila: /app/data/parquet/openweather/manila.parquet
2026-10-07 10:09:19,319 | INFO | __main__ | Loaded 10 row(s) for Manila into openweather_manila.
2026-10-07 10:09:19,416 | INFO | __main__ | Checkpoint updated for Manila.
2026-10-07 10:09:19,420 | INFO | __main__ | Processing city: Quezon City
2026-10-07 10:09:19,648 | INFO | __main__ | Geocoding extracted for Quezon City
2026-10-07 10:09:19,769 | INFO | __main__ | Geocoding loaded for Quezon City into geocoding_quezon_city
2026-10-07 10:09:19,832 | INFO | __main__ | Raw JSON saved for Quezon City: /app/data/raw/openweather/quezon_city.json
2026-10-07 10:09:19,837 | INFO | __main__ | Weather data transformed for Quezon City.
2026-10-07 10:09:19,963 | INFO | __main__ | Parquet saved for Quezon City: /app/data/parquet/openweather/quezon_city.parquet
2026-10-07 10:09:20,180 | INFO | __main__ | Loaded 10 row(s) for Quezon City into openweather_quezon_city.
2026-10-07 10:09:20,221 | INFO | __main__ | Checkpoint updated for Quezon City.
2026-10-07 10:09:20,223 | INFO | __main__ | Processing city: Cebu City
2026-10-07 10:09:20,537 | INFO | __main__ | Geocoding extracted for Cebu City
2026-10-07 10:09:20,686 | INFO | __main__ | Geocoding loaded for Cebu City into geocoding_cebu_city
2026-10-07 10:09:20,778 | INFO | __main__ | Raw JSON saved for Cebu City: /app/data/raw/openweather/cebu_city.json
2026-10-07 10:09:20,785 | INFO | __main__ | Weather data transformed for Cebu City.
2026-10-07 10:09:20,906 | INFO | __main__ | Parquet saved for Cebu City: /app/data/parquet/openweather/cebu_city.parquet
2026-10-07 10:09:21,100 | INFO | __main__ | Loaded 10 row(s) for Cebu City into openweather_cebu_city.
2026-10-07 10:09:21,170 | INFO | __main__ | Checkpoint updated for Cebu City.
2026-10-07 10:09:21,173 | INFO | __main__ | Processing city: Davao City
2026-10-07 10:09:21,454 | INFO | __main__ | Geocoding extracted for Davao City
2026-10-07 10:09:21,560 | INFO | __main__ | Geocoding loaded for Davao City into geocoding_davao_city
2026-10-07 10:09:21,630 | INFO | __main__ | Raw JSON saved for Davao City: /app/data/raw/openweather/davao_city.json
2026-10-07 10:09:21,636 | INFO | __main__ | Weather data transformed for Davao City.
2026-10-07 10:09:21,776 | INFO | __main__ | Parquet saved for Davao City: /app/data/parquet/openweather/davao_city.parquet
2026-10-07 10:09:21,952 | INFO | __main__ | Loaded 11 row(s) for Davao City into openweather_davao_city.
2026-10-07 10:09:22,040 | INFO | __main__ | Checkpoint updated for Davao City.
2026-10-07 10:09:22,044 | INFO | __main__ | Processing city: Baguio
2026-10-07 10:09:22,273 | INFO | __main__ | Geocoding extracted for Baguio
2026-10-07 10:09:22,373 | INFO | __main__ | Geocoding loaded for Baguio into geocoding_baguio
2026-10-07 10:09:22,446 | INFO | __main__ | Raw JSON saved for Baguio: /app/data/raw/openweather/baguio.json
2026-10-07 10:09:22,452 | INFO | __main__ | Weather data transformed for Baguio.
2026-10-07 10:09:22,578 | INFO | __main__ | Parquet saved for Baguio: /app/data/parquet/openweather/baguio.parquet
2026-10-07 10:09:22,772 | INFO | __main__ | Loaded 10 row(s) for Baguio into openweather_baguio.
2026-10-07 10:09:22,899 | INFO | __main__ | Checkpoint updated for Baguio.
2026-10-07 10:09:22,902 | INFO | __main__ | Processing city: Iloilo City
2026-10-07 10:09:23,171 | INFO | __main__ | Geocoding extracted for Iloilo City
2026-10-07 10:09:23,297 | INFO | __main__ | Geocoding loaded for Iloilo City into geocoding_iloilo_city
2026-10-07 10:09:23,427 | INFO | __main__ | Raw JSON saved for Iloilo City: /app/data/raw/openweather/iloilo_city.json
2026-10-07 10:09:23,431 | INFO | __main__ | Weather data transformed for Iloilo City.
2026-10-07 10:09:23,607 | INFO | __main__ | Parquet saved for Iloilo City: /app/data/parquet/openweather/iloilo_city.parquet
2026-10-07 10:09:23,853 | INFO | __main__ | Loaded 10 row(s) for Iloilo City into openweather_iloilo_city.
2026-10-07 10:09:23,921 | INFO | __main__ | Checkpoint updated for Iloilo City.
2026-10-07 10:09:23,924 | INFO | __main__ | Processing city: Cagayan de Oro
2026-10-07 10:09:24,264 | INFO | __main__ | Geocoding extracted for Cagayan de Oro
2026-10-07 10:09:24,479 | INFO | __main__ | Geocoding loaded for Cagayan de Oro into geocoding_cagayan_de_oro
2026-10-07 10:09:24,620 | INFO | __main__ | Raw JSON saved for Cagayan de Oro: /app/data/raw/openweather/cagayan_de_oro.json
2026-10-07 10:09:24,625 | INFO | __main__ | Weather data transformed for Cagayan de Oro.
2026-10-07 10:09:24,764 | INFO | __main__ | Parquet saved for Cagayan de Oro: /app/data/parquet/openweather/cagayan_de_oro.parquet
2026-10-07 10:09:24,913 | INFO | __main__ | Loaded 9 row(s) for Cagayan de Oro into openweather_cagayan_de_oro.
2026-10-07 10:09:25,006 | INFO | __main__ | Checkpoint updated for Cagayan de Oro.
2026-10-07 10:09:25,008 | INFO | __main__ | Processing city: Zamboanga City
2026-10-07 10:09:25,269 | INFO | __main__ | Geocoding extracted for Zamboanga City
2026-10-07 10:09:25,399 | INFO | __main__ | Geocoding loaded for Zamboanga City into geocoding_zamboanga_city
2026-10-07 10:09:25,495 | INFO | __main__ | Raw JSON saved for Zamboanga City: /app/data/raw/openweather/zamboanga_city.json
2026-10-07 10:09:25,510 | INFO | __main__ | Weather data transformed for Zamboanga City.
2026-10-07 10:09:25,691 | INFO | __main__ | Parquet saved for Zamboanga City: /app/data/parquet/openweather/zamboanga_city.parquet
2026-10-07 10:09:25,821 | INFO | __main__ | Loaded 12 row(s) for Zamboanga City into openweather_zamboanga_city.
2026-10-07 10:09:25,867 | INFO | __main__ | Checkpoint updated for Zamboanga City.
2026-10-07 10:09:25,869 | INFO | __main__ | Weather ingestion completed.
2026-10-07 10:24:13,763 | INFO | __main__ | Starting Weather Ingestion...
2026-10-07 10:24:13,768 | INFO | __main__ | Processing city: Manila
2026-10-07 10:24:14,237 | INFO | __main__ | Geocoding extracted for Manila
2026-10-07 10:24:14,347 | ERROR | __main__ | Failed to process city: Manila
Traceback (most recent call last):
  File "/usr/local/lib/python3.14/site-packages/sqlalchemy/engine/base.py", line 149, in __init__
    self._dbapi_connection = engine.raw_connection()
                             ~~~~~~~~~~~~~~~~~~~~~^^
  File "/usr/local/lib/python3.14/site-packages/sqlalchemy/engine/base.py", line 3284, in raw_connection
    return self.pool.connect()
           ~~~~~~~~~~~~~~~~~^^
  File "/usr/local/lib/python3.14/site-packages/sqlalchemy/pool/base.py", line 445, in connect
    return _ConnectionFairy._checkout(self)
           ~~~~~~~~~~~~~~~~~~~~~~~~~~^^^^^^
  File "/usr/local/lib/python3.14/site-packages/sqlalchemy/pool/base.py", line 1303, in _checkout
    fairy = _ConnectionRecord.checkout(pool)
  File "/usr/local/lib/python3.14/site-packages/sqlalchemy/pool/base.py", line 709, in checkout
    rec = pool._do_get()
  File "/usr/local/lib/python3.14/site-packages/sqlalchemy/pool/impl.py", line 176, in _do_get
    with util.safe_reraise():
         ~~~~~~~~~~~~~~~~~^^
  File "/usr/local/lib/python3.14/site-packages/sqlalchemy/util/langhelpers.py", line 166, in __exit__
    raise exc_value.with_traceback(exc_tb)
  File "/usr/local/lib/python3.14/site-packages/sqlalchemy/pool/impl.py", line 174, in _do_get
    return self._create_connection()
           ~~~~~~~~~~~~~~~~~~~~~~~^^
  File "/usr/local/lib/python3.14/site-packages/sqlalchemy/pool/base.py", line 386, in _create_connection
    return _ConnectionRecord(self)
  File "/usr/local/lib/python3.14/site-packages/sqlalchemy/pool/base.py", line 671, in __init__
    self.__connect()
    ~~~~~~~~~~~~~~^^
  File "/usr/local/lib/python3.14/site-packages/sqlalchemy/pool/base.py", line 906, in __connect
    with util.safe_reraise():
         ~~~~~~~~~~~~~~~~~^^
  File "/usr/local/lib/python3.14/site-packages/sqlalchemy/util/langhelpers.py", line 166, in __exit__
    raise exc_value.with_traceback(exc_tb)
  File "/usr/local/lib/python3.14/site-packages/sqlalchemy/pool/base.py", line 902, in __connect
    self.dbapi_connection = connection = pool._invoke_creator(self)
                                         ~~~~~~~~~~~~~~~~~~~~^^^^^^
  File "/usr/local/lib/python3.14/site-packages/sqlalchemy/engine/create.py", line 645, in connect
    return dialect.connect(*cargs_tup, **cparams)
           ~~~~~~~~~~~~~~~^^^^^^^^^^^^^^^^^^^^^^^
  File "/usr/local/lib/python3.14/site-packages/sqlalchemy/engine/default.py", line 869, in connect
    return self.loaded_dbapi.connect(*cargs, **cparams)  # type: ignore[no-any-return]  # NOQA: E501
           ~~~~~~~~~~~~~~~~~~~~~~~~~^^^^^^^^^^^^^^^^^^^
  File "/usr/local/lib/python3.14/site-packages/psycopg2/__init__.py", line 122, in connect
    conn = _connect(dsn, connection_factory=connection_factory, **kwasync)
psycopg2.OperationalError: connection to server at "db" (172.18.0.2), port 5432 failed: FATAL:  password authentication failed for user "weatherflow"


The above exception was the direct cause of the following exception:

Traceback (most recent call last):
  File "/app/pipeline/main.py", line 47, in main
    load_postgresql(geocoding_df, geocoding_table, if_exists="replace")
    ~~~~~~~~~~~~~~~^^^^^^^^^^^^^^^^^^^^^^^^^^^^^^^^^^^^^^^^^^^^^^^^^^^^
  File "/app/pipeline/loaded/load_postresql.py", line 324, in load_postgresql
    with engine.begin() as connection:
         ~~~~~~~~~~~~^^
  File "/usr/local/lib/python3.14/contextlib.py", line 141, in __enter__
    return next(self.gen)
  File "/usr/local/lib/python3.14/site-packages/sqlalchemy/engine/base.py", line 3224, in begin
    with self.connect() as conn:
         ~~~~~~~~~~~~^^
  File "/usr/local/lib/python3.14/site-packages/sqlalchemy/engine/base.py", line 3260, in connect
    return self._connection_cls(self)
           ~~~~~~~~~~~~~~~~~~~~^^^^^^
  File "/usr/local/lib/python3.14/site-packages/sqlalchemy/engine/base.py", line 151, in __init__
    Connection._handle_dbapi_exception_noconnection(
    ~~~~~~~~~~~~~~~~~~~~~~~~~~~~~~~~~~~~~~~~~~~~~~~^
        err, dialect, engine
        ^^^^^^^^^^^^^^^^^^^^
    )
    ^
  File "/usr/local/lib/python3.14/site-packages/sqlalchemy/engine/base.py", line 2417, in _handle_dbapi_exception_noconnection
    raise sqlalchemy_exception.with_traceback(exc_info[2]) from e
  File "/usr/local/lib/python3.14/site-packages/sqlalchemy/engine/base.py", line 149, in __init__
    self._dbapi_connection = engine.raw_connection()
                             ~~~~~~~~~~~~~~~~~~~~~^^
  File "/usr/local/lib/python3.14/site-packages/sqlalchemy/engine/base.py", line 3284, in raw_connection
    return self.pool.connect()
           ~~~~~~~~~~~~~~~~~^^
  File "/usr/local/lib/python3.14/site-packages/sqlalchemy/pool/base.py", line 445, in connect
    return _ConnectionFairy._checkout(self)
           ~~~~~~~~~~~~~~~~~~~~~~~~~~^^^^^^
  File "/usr/local/lib/python3.14/site-packages/sqlalchemy/pool/base.py", line 1303, in _checkout
    fairy = _ConnectionRecord.checkout(pool)
  File "/usr/local/lib/python3.14/site-packages/sqlalchemy/pool/base.py", line 709, in checkout
    rec = pool._do_get()
  File "/usr/local/lib/python3.14/site-packages/sqlalchemy/pool/impl.py", line 176, in _do_get
    with util.safe_reraise():
         ~~~~~~~~~~~~~~~~~^^
  File "/usr/local/lib/python3.14/site-packages/sqlalchemy/util/langhelpers.py", line 166, in __exit__
    raise exc_value.with_traceback(exc_tb)
  File "/usr/local/lib/python3.14/site-packages/sqlalchemy/pool/impl.py", line 174, in _do_get
    return self._create_connection()
           ~~~~~~~~~~~~~~~~~~~~~~~^^
  File "/usr/local/lib/python3.14/site-packages/sqlalchemy/pool/base.py", line 386, in _create_connection
    return _ConnectionRecord(self)
  File "/usr/local/lib/python3.14/site-packages/sqlalchemy/pool/base.py", line 671, in __init__
    self.__connect()
    ~~~~~~~~~~~~~~^^
  File "/usr/local/lib/python3.14/site-packages/sqlalchemy/pool/base.py", line 906, in __connect
    with util.safe_reraise():
         ~~~~~~~~~~~~~~~~~^^
  File "/usr/local/lib/python3.14/site-packages/sqlalchemy/util/langhelpers.py", line 166, in __exit__
    raise exc_value.with_traceback(exc_tb)
  File "/usr/local/lib/python3.14/site-packages/sqlalchemy/pool/base.py", line 902, in __connect
    self.dbapi_connection = connection = pool._invoke_creator(self)
                                         ~~~~~~~~~~~~~~~~~~~~^^^^^^
  File "/usr/local/lib/python3.14/site-packages/sqlalchemy/engine/create.py", line 645, in connect
    return dialect.connect(*cargs_tup, **cparams)
           ~~~~~~~~~~~~~~~^^^^^^^^^^^^^^^^^^^^^^^
  File "/usr/local/lib/python3.14/site-packages/sqlalchemy/engine/default.py", line 869, in connect
    return self.loaded_dbapi.connect(*cargs, **cparams)  # type: ignore[no-any-return]  # NOQA: E501
           ~~~~~~~~~~~~~~~~~~~~~~~~~^^^^^^^^^^^^^^^^^^^
  File "/usr/local/lib/python3.14/site-packages/psycopg2/__init__.py", line 122, in connect
    conn = _connect(dsn, connection_factory=connection_factory, **kwasync)
sqlalchemy.exc.OperationalError: (psycopg2.OperationalError) connection to server at "db" (172.18.0.2), port 5432 failed: FATAL:  password authentication failed for user "weatherflow"

(Background on this error at: https://sqlalche.me/e/21/e3q8)
2026-10-07 10:24:14,379 | INFO | __main__ | Processing city: Quezon City
2026-10-07 10:24:14,709 | INFO | __main__ | Geocoding extracted for Quezon City
2026-10-07 10:24:14,750 | ERROR | __main__ | Failed to process city: Quezon City
Traceback (most recent call last):
  File "/usr/local/lib/python3.14/site-packages/sqlalchemy/engine/base.py", line 149, in __init__
    self._dbapi_connection = engine.raw_connection()
                             ~~~~~~~~~~~~~~~~~~~~~^^
  File "/usr/local/lib/python3.14/site-packages/sqlalchemy/engine/base.py", line 3284, in raw_connection
    return self.pool.connect()
           ~~~~~~~~~~~~~~~~~^^
  File "/usr/local/lib/python3.14/site-packages/sqlalchemy/pool/base.py", line 445, in connect
    return _ConnectionFairy._checkout(self)
           ~~~~~~~~~~~~~~~~~~~~~~~~~~^^^^^^
  File "/usr/local/lib/python3.14/site-packages/sqlalchemy/pool/base.py", line 1303, in _checkout
    fairy = _ConnectionRecord.checkout(pool)
  File "/usr/local/lib/python3.14/site-packages/sqlalchemy/pool/base.py", line 709, in checkout
    rec = pool._do_get()
  File "/usr/local/lib/python3.14/site-packages/sqlalchemy/pool/impl.py", line 176, in _do_get
    with util.safe_reraise():
         ~~~~~~~~~~~~~~~~~^^
  File "/usr/local/lib/python3.14/site-packages/sqlalchemy/util/langhelpers.py", line 166, in __exit__
    raise exc_value.with_traceback(exc_tb)
  File "/usr/local/lib/python3.14/site-packages/sqlalchemy/pool/impl.py", line 174, in _do_get
    return self._create_connection()
           ~~~~~~~~~~~~~~~~~~~~~~~^^
  File "/usr/local/lib/python3.14/site-packages/sqlalchemy/pool/base.py", line 386, in _create_connection
    return _ConnectionRecord(self)
  File "/usr/local/lib/python3.14/site-packages/sqlalchemy/pool/base.py", line 671, in __init__
    self.__connect()
    ~~~~~~~~~~~~~~^^
  File "/usr/local/lib/python3.14/site-packages/sqlalchemy/pool/base.py", line 906, in __connect
    with util.safe_reraise():
         ~~~~~~~~~~~~~~~~~^^
  File "/usr/local/lib/python3.14/site-packages/sqlalchemy/util/langhelpers.py", line 166, in __exit__
    raise exc_value.with_traceback(exc_tb)
  File "/usr/local/lib/python3.14/site-packages/sqlalchemy/pool/base.py", line 902, in __connect
    self.dbapi_connection = connection = pool._invoke_creator(self)
                                         ~~~~~~~~~~~~~~~~~~~~^^^^^^
  File "/usr/local/lib/python3.14/site-packages/sqlalchemy/engine/create.py", line 645, in connect
    return dialect.connect(*cargs_tup, **cparams)
           ~~~~~~~~~~~~~~~^^^^^^^^^^^^^^^^^^^^^^^
  File "/usr/local/lib/python3.14/site-packages/sqlalchemy/engine/default.py", line 869, in connect
    return self.loaded_dbapi.connect(*cargs, **cparams)  # type: ignore[no-any-return]  # NOQA: E501
           ~~~~~~~~~~~~~~~~~~~~~~~~~^^^^^^^^^^^^^^^^^^^
  File "/usr/local/lib/python3.14/site-packages/psycopg2/__init__.py", line 122, in connect
    conn = _connect(dsn, connection_factory=connection_factory, **kwasync)
psycopg2.OperationalError: connection to server at "db" (172.18.0.2), port 5432 failed: FATAL:  password authentication failed for user "weatherflow"


The above exception was the direct cause of the following exception:

Traceback (most recent call last):
  File "/app/pipeline/main.py", line 47, in main
    load_postgresql(geocoding_df, geocoding_table, if_exists="replace")
    ~~~~~~~~~~~~~~~^^^^^^^^^^^^^^^^^^^^^^^^^^^^^^^^^^^^^^^^^^^^^^^^^^^^
  File "/app/pipeline/loaded/load_postresql.py", line 324, in load_postgresql
    with engine.begin() as connection:
         ~~~~~~~~~~~~^^
  File "/usr/local/lib/python3.14/contextlib.py", line 141, in __enter__
    return next(self.gen)
  File "/usr/local/lib/python3.14/site-packages/sqlalchemy/engine/base.py", line 3224, in begin
    with self.connect() as conn:
         ~~~~~~~~~~~~^^
  File "/usr/local/lib/python3.14/site-packages/sqlalchemy/engine/base.py", line 3260, in connect
    return self._connection_cls(self)
           ~~~~~~~~~~~~~~~~~~~~^^^^^^
  File "/usr/local/lib/python3.14/site-packages/sqlalchemy/engine/base.py", line 151, in __init__
    Connection._handle_dbapi_exception_noconnection(
    ~~~~~~~~~~~~~~~~~~~~~~~~~~~~~~~~~~~~~~~~~~~~~~~^
        err, dialect, engine
        ^^^^^^^^^^^^^^^^^^^^
    )
    ^
  File "/usr/local/lib/python3.14/site-packages/sqlalchemy/engine/base.py", line 2417, in _handle_dbapi_exception_noconnection
    raise sqlalchemy_exception.with_traceback(exc_info[2]) from e
  File "/usr/local/lib/python3.14/site-packages/sqlalchemy/engine/base.py", line 149, in __init__
    self._dbapi_connection = engine.raw_connection()
                             ~~~~~~~~~~~~~~~~~~~~~^^
  File "/usr/local/lib/python3.14/site-packages/sqlalchemy/engine/base.py", line 3284, in raw_connection
    return self.pool.connect()
           ~~~~~~~~~~~~~~~~~^^
  File "/usr/local/lib/python3.14/site-packages/sqlalchemy/pool/base.py", line 445, in connect
    return _ConnectionFairy._checkout(self)
           ~~~~~~~~~~~~~~~~~~~~~~~~~~^^^^^^
  File "/usr/local/lib/python3.14/site-packages/sqlalchemy/pool/base.py", line 1303, in _checkout
    fairy = _ConnectionRecord.checkout(pool)
  File "/usr/local/lib/python3.14/site-packages/sqlalchemy/pool/base.py", line 709, in checkout
    rec = pool._do_get()
  File "/usr/local/lib/python3.14/site-packages/sqlalchemy/pool/impl.py", line 176, in _do_get
    with util.safe_reraise():
         ~~~~~~~~~~~~~~~~~^^
  File "/usr/local/lib/python3.14/site-packages/sqlalchemy/util/langhelpers.py", line 166, in __exit__
    raise exc_value.with_traceback(exc_tb)
  File "/usr/local/lib/python3.14/site-packages/sqlalchemy/pool/impl.py", line 174, in _do_get
    return self._create_connection()
           ~~~~~~~~~~~~~~~~~~~~~~~^^
  File "/usr/local/lib/python3.14/site-packages/sqlalchemy/pool/base.py", line 386, in _create_connection
    return _ConnectionRecord(self)
  File "/usr/local/lib/python3.14/site-packages/sqlalchemy/pool/base.py", line 671, in __init__
    self.__connect()
    ~~~~~~~~~~~~~~^^
  File "/usr/local/lib/python3.14/site-packages/sqlalchemy/pool/base.py", line 906, in __connect
    with util.safe_reraise():
         ~~~~~~~~~~~~~~~~~^^
  File "/usr/local/lib/python3.14/site-packages/sqlalchemy/util/langhelpers.py", line 166, in __exit__
    raise exc_value.with_traceback(exc_tb)
  File "/usr/local/lib/python3.14/site-packages/sqlalchemy/pool/base.py", line 902, in __connect
    self.dbapi_connection = connection = pool._invoke_creator(self)
                                         ~~~~~~~~~~~~~~~~~~~~^^^^^^
  File "/usr/local/lib/python3.14/site-packages/sqlalchemy/engine/create.py", line 645, in connect
    return dialect.connect(*cargs_tup, **cparams)
           ~~~~~~~~~~~~~~~^^^^^^^^^^^^^^^^^^^^^^^
  File "/usr/local/lib/python3.14/site-packages/sqlalchemy/engine/default.py", line 869, in connect
    return self.loaded_dbapi.connect(*cargs, **cparams)  # type: ignore[no-any-return]  # NOQA: E501
           ~~~~~~~~~~~~~~~~~~~~~~~~~^^^^^^^^^^^^^^^^^^^
  File "/usr/local/lib/python3.14/site-packages/psycopg2/__init__.py", line 122, in connect
    conn = _connect(dsn, connection_factory=connection_factory, **kwasync)
sqlalchemy.exc.OperationalError: (psycopg2.OperationalError) connection to server at "db" (172.18.0.2), port 5432 failed: FATAL:  password authentication failed for user "weatherflow"

(Background on this error at: https://sqlalche.me/e/21/e3q8)
2026-10-07 10:24:14,764 | INFO | __main__ | Processing city: Cebu City
2026-10-07 10:24:14,978 | INFO | __main__ | Geocoding extracted for Cebu City
2026-10-07 10:24:14,991 | ERROR | __main__ | Failed to process city: Cebu City
Traceback (most recent call last):
  File "/usr/local/lib/python3.14/site-packages/sqlalchemy/engine/base.py", line 149, in __init__
    self._dbapi_connection = engine.raw_connection()
                             ~~~~~~~~~~~~~~~~~~~~~^^
  File "/usr/local/lib/python3.14/site-packages/sqlalchemy/engine/base.py", line 3284, in raw_connection
    return self.pool.connect()
           ~~~~~~~~~~~~~~~~~^^
  File "/usr/local/lib/python3.14/site-packages/sqlalchemy/pool/base.py", line 445, in connect
    return _ConnectionFairy._checkout(self)
           ~~~~~~~~~~~~~~~~~~~~~~~~~~^^^^^^
  File "/usr/local/lib/python3.14/site-packages/sqlalchemy/pool/base.py", line 1303, in _checkout
    fairy = _ConnectionRecord.checkout(pool)
  File "/usr/local/lib/python3.14/site-packages/sqlalchemy/pool/base.py", line 709, in checkout
    rec = pool._do_get()
  File "/usr/local/lib/python3.14/site-packages/sqlalchemy/pool/impl.py", line 176, in _do_get
    with util.safe_reraise():
         ~~~~~~~~~~~~~~~~~^^
  File "/usr/local/lib/python3.14/site-packages/sqlalchemy/util/langhelpers.py", line 166, in __exit__
    raise exc_value.with_traceback(exc_tb)
  File "/usr/local/lib/python3.14/site-packages/sqlalchemy/pool/impl.py", line 174, in _do_get
    return self._create_connection()
           ~~~~~~~~~~~~~~~~~~~~~~~^^
  File "/usr/local/lib/python3.14/site-packages/sqlalchemy/pool/base.py", line 386, in _create_connection
    return _ConnectionRecord(self)
  File "/usr/local/lib/python3.14/site-packages/sqlalchemy/pool/base.py", line 671, in __init__
    self.__connect()
    ~~~~~~~~~~~~~~^^
  File "/usr/local/lib/python3.14/site-packages/sqlalchemy/pool/base.py", line 906, in __connect
    with util.safe_reraise():
         ~~~~~~~~~~~~~~~~~^^
  File "/usr/local/lib/python3.14/site-packages/sqlalchemy/util/langhelpers.py", line 166, in __exit__
    raise exc_value.with_traceback(exc_tb)
  File "/usr/local/lib/python3.14/site-packages/sqlalchemy/pool/base.py", line 902, in __connect
    self.dbapi_connection = connection = pool._invoke_creator(self)
                                         ~~~~~~~~~~~~~~~~~~~~^^^^^^
  File "/usr/local/lib/python3.14/site-packages/sqlalchemy/engine/create.py", line 645, in connect
    return dialect.connect(*cargs_tup, **cparams)
           ~~~~~~~~~~~~~~~^^^^^^^^^^^^^^^^^^^^^^^
  File "/usr/local/lib/python3.14/site-packages/sqlalchemy/engine/default.py", line 869, in connect
    return self.loaded_dbapi.connect(*cargs, **cparams)  # type: ignore[no-any-return]  # NOQA: E501
           ~~~~~~~~~~~~~~~~~~~~~~~~~^^^^^^^^^^^^^^^^^^^
  File "/usr/local/lib/python3.14/site-packages/psycopg2/__init__.py", line 122, in connect
    conn = _connect(dsn, connection_factory=connection_factory, **kwasync)
psycopg2.OperationalError: connection to server at "db" (172.18.0.2), port 5432 failed: FATAL:  password authentication failed for user "weatherflow"


The above exception was the direct cause of the following exception:

Traceback (most recent call last):
  File "/app/pipeline/main.py", line 47, in main
    load_postgresql(geocoding_df, geocoding_table, if_exists="replace")
    ~~~~~~~~~~~~~~~^^^^^^^^^^^^^^^^^^^^^^^^^^^^^^^^^^^^^^^^^^^^^^^^^^^^
  File "/app/pipeline/loaded/load_postresql.py", line 324, in load_postgresql
    with engine.begin() as connection:
         ~~~~~~~~~~~~^^
  File "/usr/local/lib/python3.14/contextlib.py", line 141, in __enter__
    return next(self.gen)
  File "/usr/local/lib/python3.14/site-packages/sqlalchemy/engine/base.py", line 3224, in begin
    with self.connect() as conn:
         ~~~~~~~~~~~~^^
  File "/usr/local/lib/python3.14/site-packages/sqlalchemy/engine/base.py", line 3260, in connect
    return self._connection_cls(self)
           ~~~~~~~~~~~~~~~~~~~~^^^^^^
  File "/usr/local/lib/python3.14/site-packages/sqlalchemy/engine/base.py", line 151, in __init__
    Connection._handle_dbapi_exception_noconnection(
    ~~~~~~~~~~~~~~~~~~~~~~~~~~~~~~~~~~~~~~~~~~~~~~~^
        err, dialect, engine
        ^^^^^^^^^^^^^^^^^^^^
    )
    ^
  File "/usr/local/lib/python3.14/site-packages/sqlalchemy/engine/base.py", line 2417, in _handle_dbapi_exception_noconnection
    raise sqlalchemy_exception.with_traceback(exc_info[2]) from e
  File "/usr/local/lib/python3.14/site-packages/sqlalchemy/engine/base.py", line 149, in __init__
    self._dbapi_connection = engine.raw_connection()
                             ~~~~~~~~~~~~~~~~~~~~~^^
  File "/usr/local/lib/python3.14/site-packages/sqlalchemy/engine/base.py", line 3284, in raw_connection
    return self.pool.connect()
           ~~~~~~~~~~~~~~~~~^^
  File "/usr/local/lib/python3.14/site-packages/sqlalchemy/pool/base.py", line 445, in connect
    return _ConnectionFairy._checkout(self)
           ~~~~~~~~~~~~~~~~~~~~~~~~~~^^^^^^
  File "/usr/local/lib/python3.14/site-packages/sqlalchemy/pool/base.py", line 1303, in _checkout
    fairy = _ConnectionRecord.checkout(pool)
  File "/usr/local/lib/python3.14/site-packages/sqlalchemy/pool/base.py", line 709, in checkout
    rec = pool._do_get()
  File "/usr/local/lib/python3.14/site-packages/sqlalchemy/pool/impl.py", line 176, in _do_get
    with util.safe_reraise():
         ~~~~~~~~~~~~~~~~~^^
  File "/usr/local/lib/python3.14/site-packages/sqlalchemy/util/langhelpers.py", line 166, in __exit__
    raise exc_value.with_traceback(exc_tb)
  File "/usr/local/lib/python3.14/site-packages/sqlalchemy/pool/impl.py", line 174, in _do_get
    return self._create_connection()
           ~~~~~~~~~~~~~~~~~~~~~~~^^
  File "/usr/local/lib/python3.14/site-packages/sqlalchemy/pool/base.py", line 386, in _create_connection
    return _ConnectionRecord(self)
  File "/usr/local/lib/python3.14/site-packages/sqlalchemy/pool/base.py", line 671, in __init__
    self.__connect()
    ~~~~~~~~~~~~~~^^
  File "/usr/local/lib/python3.14/site-packages/sqlalchemy/pool/base.py", line 906, in __connect
    with util.safe_reraise():
         ~~~~~~~~~~~~~~~~~^^
  File "/usr/local/lib/python3.14/site-packages/sqlalchemy/util/langhelpers.py", line 166, in __exit__
    raise exc_value.with_traceback(exc_tb)
  File "/usr/local/lib/python3.14/site-packages/sqlalchemy/pool/base.py", line 902, in __connect
    self.dbapi_connection = connection = pool._invoke_creator(self)
                                         ~~~~~~~~~~~~~~~~~~~~^^^^^^
  File "/usr/local/lib/python3.14/site-packages/sqlalchemy/engine/create.py", line 645, in connect
    return dialect.connect(*cargs_tup, **cparams)
           ~~~~~~~~~~~~~~~^^^^^^^^^^^^^^^^^^^^^^^
  File "/usr/local/lib/python3.14/site-packages/sqlalchemy/engine/default.py", line 869, in connect
    return self.loaded_dbapi.connect(*cargs, **cparams)  # type: ignore[no-any-return]  # NOQA: E501
           ~~~~~~~~~~~~~~~~~~~~~~~~~^^^^^^^^^^^^^^^^^^^
  File "/usr/local/lib/python3.14/site-packages/psycopg2/__init__.py", line 122, in connect
    conn = _connect(dsn, connection_factory=connection_factory, **kwasync)
sqlalchemy.exc.OperationalError: (psycopg2.OperationalError) connection to server at "db" (172.18.0.2), port 5432 failed: FATAL:  password authentication failed for user "weatherflow"

(Background on this error at: https://sqlalche.me/e/21/e3q8)
2026-10-07 10:24:14,998 | INFO | __main__ | Processing city: Davao City
2026-10-07 10:24:15,311 | INFO | __main__ | Geocoding extracted for Davao City
2026-10-07 10:24:15,355 | ERROR | __main__ | Failed to process city: Davao City
Traceback (most recent call last):
  File "/usr/local/lib/python3.14/site-packages/sqlalchemy/engine/base.py", line 149, in __init__
    self._dbapi_connection = engine.raw_connection()
                             ~~~~~~~~~~~~~~~~~~~~~^^
  File "/usr/local/lib/python3.14/site-packages/sqlalchemy/engine/base.py", line 3284, in raw_connection
    return self.pool.connect()
           ~~~~~~~~~~~~~~~~~^^
  File "/usr/local/lib/python3.14/site-packages/sqlalchemy/pool/base.py", line 445, in connect
    return _ConnectionFairy._checkout(self)
           ~~~~~~~~~~~~~~~~~~~~~~~~~~^^^^^^
  File "/usr/local/lib/python3.14/site-packages/sqlalchemy/pool/base.py", line 1303, in _checkout
    fairy = _ConnectionRecord.checkout(pool)
  File "/usr/local/lib/python3.14/site-packages/sqlalchemy/pool/base.py", line 709, in checkout
    rec = pool._do_get()
  File "/usr/local/lib/python3.14/site-packages/sqlalchemy/pool/impl.py", line 176, in _do_get
    with util.safe_reraise():
         ~~~~~~~~~~~~~~~~~^^
  File "/usr/local/lib/python3.14/site-packages/sqlalchemy/util/langhelpers.py", line 166, in __exit__
    raise exc_value.with_traceback(exc_tb)
  File "/usr/local/lib/python3.14/site-packages/sqlalchemy/pool/impl.py", line 174, in _do_get
    return self._create_connection()
           ~~~~~~~~~~~~~~~~~~~~~~~^^
  File "/usr/local/lib/python3.14/site-packages/sqlalchemy/pool/base.py", line 386, in _create_connection
    return _ConnectionRecord(self)
  File "/usr/local/lib/python3.14/site-packages/sqlalchemy/pool/base.py", line 671, in __init__
    self.__connect()
    ~~~~~~~~~~~~~~^^
  File "/usr/local/lib/python3.14/site-packages/sqlalchemy/pool/base.py", line 906, in __connect
    with util.safe_reraise():
         ~~~~~~~~~~~~~~~~~^^
  File "/usr/local/lib/python3.14/site-packages/sqlalchemy/util/langhelpers.py", line 166, in __exit__
    raise exc_value.with_traceback(exc_tb)
  File "/usr/local/lib/python3.14/site-packages/sqlalchemy/pool/base.py", line 902, in __connect
    self.dbapi_connection = connection = pool._invoke_creator(self)
                                         ~~~~~~~~~~~~~~~~~~~~^^^^^^
  File "/usr/local/lib/python3.14/site-packages/sqlalchemy/engine/create.py", line 645, in connect
    return dialect.connect(*cargs_tup, **cparams)
           ~~~~~~~~~~~~~~~^^^^^^^^^^^^^^^^^^^^^^^
  File "/usr/local/lib/python3.14/site-packages/sqlalchemy/engine/default.py", line 869, in connect
    return self.loaded_dbapi.connect(*cargs, **cparams)  # type: ignore[no-any-return]  # NOQA: E501
           ~~~~~~~~~~~~~~~~~~~~~~~~~^^^^^^^^^^^^^^^^^^^
  File "/usr/local/lib/python3.14/site-packages/psycopg2/__init__.py", line 122, in connect
    conn = _connect(dsn, connection_factory=connection_factory, **kwasync)
psycopg2.OperationalError: connection to server at "db" (172.18.0.2), port 5432 failed: FATAL:  password authentication failed for user "weatherflow"


The above exception was the direct cause of the following exception:

Traceback (most recent call last):
  File "/app/pipeline/main.py", line 47, in main
    load_postgresql(geocoding_df, geocoding_table, if_exists="replace")
    ~~~~~~~~~~~~~~~^^^^^^^^^^^^^^^^^^^^^^^^^^^^^^^^^^^^^^^^^^^^^^^^^^^^
  File "/app/pipeline/loaded/load_postresql.py", line 324, in load_postgresql
    with engine.begin() as connection:
         ~~~~~~~~~~~~^^
  File "/usr/local/lib/python3.14/contextlib.py", line 141, in __enter__
    return next(self.gen)
  File "/usr/local/lib/python3.14/site-packages/sqlalchemy/engine/base.py", line 3224, in begin
    with self.connect() as conn:
         ~~~~~~~~~~~~^^
  File "/usr/local/lib/python3.14/site-packages/sqlalchemy/engine/base.py", line 3260, in connect
    return self._connection_cls(self)
           ~~~~~~~~~~~~~~~~~~~~^^^^^^
  File "/usr/local/lib/python3.14/site-packages/sqlalchemy/engine/base.py", line 151, in __init__
    Connection._handle_dbapi_exception_noconnection(
    ~~~~~~~~~~~~~~~~~~~~~~~~~~~~~~~~~~~~~~~~~~~~~~~^
        err, dialect, engine
        ^^^^^^^^^^^^^^^^^^^^
    )
    ^
  File "/usr/local/lib/python3.14/site-packages/sqlalchemy/engine/base.py", line 2417, in _handle_dbapi_exception_noconnection
    raise sqlalchemy_exception.with_traceback(exc_info[2]) from e
  File "/usr/local/lib/python3.14/site-packages/sqlalchemy/engine/base.py", line 149, in __init__
    self._dbapi_connection = engine.raw_connection()
                             ~~~~~~~~~~~~~~~~~~~~~^^
  File "/usr/local/lib/python3.14/site-packages/sqlalchemy/engine/base.py", line 3284, in raw_connection
    return self.pool.connect()
           ~~~~~~~~~~~~~~~~~^^
  File "/usr/local/lib/python3.14/site-packages/sqlalchemy/pool/base.py", line 445, in connect
    return _ConnectionFairy._checkout(self)
           ~~~~~~~~~~~~~~~~~~~~~~~~~~^^^^^^
  File "/usr/local/lib/python3.14/site-packages/sqlalchemy/pool/base.py", line 1303, in _checkout
    fairy = _ConnectionRecord.checkout(pool)
  File "/usr/local/lib/python3.14/site-packages/sqlalchemy/pool/base.py", line 709, in checkout
    rec = pool._do_get()
  File "/usr/local/lib/python3.14/site-packages/sqlalchemy/pool/impl.py", line 176, in _do_get
    with util.safe_reraise():
         ~~~~~~~~~~~~~~~~~^^
  File "/usr/local/lib/python3.14/site-packages/sqlalchemy/util/langhelpers.py", line 166, in __exit__
    raise exc_value.with_traceback(exc_tb)
  File "/usr/local/lib/python3.14/site-packages/sqlalchemy/pool/impl.py", line 174, in _do_get
    return self._create_connection()
           ~~~~~~~~~~~~~~~~~~~~~~~^^
  File "/usr/local/lib/python3.14/site-packages/sqlalchemy/pool/base.py", line 386, in _create_connection
    return _ConnectionRecord(self)
  File "/usr/local/lib/python3.14/site-packages/sqlalchemy/pool/base.py", line 671, in __init__
    self.__connect()
    ~~~~~~~~~~~~~~^^
  File "/usr/local/lib/python3.14/site-packages/sqlalchemy/pool/base.py", line 906, in __connect
    with util.safe_reraise():
         ~~~~~~~~~~~~~~~~~^^
  File "/usr/local/lib/python3.14/site-packages/sqlalchemy/util/langhelpers.py", line 166, in __exit__
    raise exc_value.with_traceback(exc_tb)
  File "/usr/local/lib/python3.14/site-packages/sqlalchemy/pool/base.py", line 902, in __connect
    self.dbapi_connection = connection = pool._invoke_creator(self)
                                         ~~~~~~~~~~~~~~~~~~~~^^^^^^
  File "/usr/local/lib/python3.14/site-packages/sqlalchemy/engine/create.py", line 645, in connect
    return dialect.connect(*cargs_tup, **cparams)
           ~~~~~~~~~~~~~~~^^^^^^^^^^^^^^^^^^^^^^^
  File "/usr/local/lib/python3.14/site-packages/sqlalchemy/engine/default.py", line 869, in connect
    return self.loaded_dbapi.connect(*cargs, **cparams)  # type: ignore[no-any-return]  # NOQA: E501
           ~~~~~~~~~~~~~~~~~~~~~~~~~^^^^^^^^^^^^^^^^^^^
  File "/usr/local/lib/python3.14/site-packages/psycopg2/__init__.py", line 122, in connect
    conn = _connect(dsn, connection_factory=connection_factory, **kwasync)
sqlalchemy.exc.OperationalError: (psycopg2.OperationalError) connection to server at "db" (172.18.0.2), port 5432 failed: FATAL:  password authentication failed for user "weatherflow"

(Background on this error at: https://sqlalche.me/e/21/e3q8)
2026-10-07 10:24:15,367 | INFO | __main__ | Processing city: Baguio
2026-10-07 10:24:15,612 | INFO | __main__ | Geocoding extracted for Baguio
2026-10-07 10:24:15,651 | ERROR | __main__ | Failed to process city: Baguio
Traceback (most recent call last):
  File "/usr/local/lib/python3.14/site-packages/sqlalchemy/engine/base.py", line 149, in __init__
    self._dbapi_connection = engine.raw_connection()
                             ~~~~~~~~~~~~~~~~~~~~~^^
  File "/usr/local/lib/python3.14/site-packages/sqlalchemy/engine/base.py", line 3284, in raw_connection
    return self.pool.connect()
           ~~~~~~~~~~~~~~~~~^^
  File "/usr/local/lib/python3.14/site-packages/sqlalchemy/pool/base.py", line 445, in connect
    return _ConnectionFairy._checkout(self)
           ~~~~~~~~~~~~~~~~~~~~~~~~~~^^^^^^
  File "/usr/local/lib/python3.14/site-packages/sqlalchemy/pool/base.py", line 1303, in _checkout
    fairy = _ConnectionRecord.checkout(pool)
  File "/usr/local/lib/python3.14/site-packages/sqlalchemy/pool/base.py", line 709, in checkout
    rec = pool._do_get()
  File "/usr/local/lib/python3.14/site-packages/sqlalchemy/pool/impl.py", line 176, in _do_get
    with util.safe_reraise():
         ~~~~~~~~~~~~~~~~~^^
  File "/usr/local/lib/python3.14/site-packages/sqlalchemy/util/langhelpers.py", line 166, in __exit__
    raise exc_value.with_traceback(exc_tb)
  File "/usr/local/lib/python3.14/site-packages/sqlalchemy/pool/impl.py", line 174, in _do_get
    return self._create_connection()
           ~~~~~~~~~~~~~~~~~~~~~~~^^
  File "/usr/local/lib/python3.14/site-packages/sqlalchemy/pool/base.py", line 386, in _create_connection
    return _ConnectionRecord(self)
  File "/usr/local/lib/python3.14/site-packages/sqlalchemy/pool/base.py", line 671, in __init__
    self.__connect()
    ~~~~~~~~~~~~~~^^
  File "/usr/local/lib/python3.14/site-packages/sqlalchemy/pool/base.py", line 906, in __connect
    with util.safe_reraise():
         ~~~~~~~~~~~~~~~~~^^
  File "/usr/local/lib/python3.14/site-packages/sqlalchemy/util/langhelpers.py", line 166, in __exit__
    raise exc_value.with_traceback(exc_tb)
  File "/usr/local/lib/python3.14/site-packages/sqlalchemy/pool/base.py", line 902, in __connect
    self.dbapi_connection = connection = pool._invoke_creator(self)
                                         ~~~~~~~~~~~~~~~~~~~~^^^^^^
  File "/usr/local/lib/python3.14/site-packages/sqlalchemy/engine/create.py", line 645, in connect
    return dialect.connect(*cargs_tup, **cparams)
           ~~~~~~~~~~~~~~~^^^^^^^^^^^^^^^^^^^^^^^
  File "/usr/local/lib/python3.14/site-packages/sqlalchemy/engine/default.py", line 869, in connect
    return self.loaded_dbapi.connect(*cargs, **cparams)  # type: ignore[no-any-return]  # NOQA: E501
           ~~~~~~~~~~~~~~~~~~~~~~~~~^^^^^^^^^^^^^^^^^^^
  File "/usr/local/lib/python3.14/site-packages/psycopg2/__init__.py", line 122, in connect
    conn = _connect(dsn, connection_factory=connection_factory, **kwasync)
psycopg2.OperationalError: connection to server at "db" (172.18.0.2), port 5432 failed: FATAL:  password authentication failed for user "weatherflow"


The above exception was the direct cause of the following exception:

Traceback (most recent call last):
  File "/app/pipeline/main.py", line 47, in main
    load_postgresql(geocoding_df, geocoding_table, if_exists="replace")
    ~~~~~~~~~~~~~~~^^^^^^^^^^^^^^^^^^^^^^^^^^^^^^^^^^^^^^^^^^^^^^^^^^^^
  File "/app/pipeline/loaded/load_postresql.py", line 324, in load_postgresql
    with engine.begin() as connection:
         ~~~~~~~~~~~~^^
  File "/usr/local/lib/python3.14/contextlib.py", line 141, in __enter__
    return next(self.gen)
  File "/usr/local/lib/python3.14/site-packages/sqlalchemy/engine/base.py", line 3224, in begin
    with self.connect() as conn:
         ~~~~~~~~~~~~^^
  File "/usr/local/lib/python3.14/site-packages/sqlalchemy/engine/base.py", line 3260, in connect
    return self._connection_cls(self)
           ~~~~~~~~~~~~~~~~~~~~^^^^^^
  File "/usr/local/lib/python3.14/site-packages/sqlalchemy/engine/base.py", line 151, in __init__
    Connection._handle_dbapi_exception_noconnection(
    ~~~~~~~~~~~~~~~~~~~~~~~~~~~~~~~~~~~~~~~~~~~~~~~^
        err, dialect, engine
        ^^^^^^^^^^^^^^^^^^^^
    )
    ^
  File "/usr/local/lib/python3.14/site-packages/sqlalchemy/engine/base.py", line 2417, in _handle_dbapi_exception_noconnection
    raise sqlalchemy_exception.with_traceback(exc_info[2]) from e
  File "/usr/local/lib/python3.14/site-packages/sqlalchemy/engine/base.py", line 149, in __init__
    self._dbapi_connection = engine.raw_connection()
                             ~~~~~~~~~~~~~~~~~~~~~^^
  File "/usr/local/lib/python3.14/site-packages/sqlalchemy/engine/base.py", line 3284, in raw_connection
    return self.pool.connect()
           ~~~~~~~~~~~~~~~~~^^
  File "/usr/local/lib/python3.14/site-packages/sqlalchemy/pool/base.py", line 445, in connect
    return _ConnectionFairy._checkout(self)
           ~~~~~~~~~~~~~~~~~~~~~~~~~~^^^^^^
  File "/usr/local/lib/python3.14/site-packages/sqlalchemy/pool/base.py", line 1303, in _checkout
    fairy = _ConnectionRecord.checkout(pool)
  File "/usr/local/lib/python3.14/site-packages/sqlalchemy/pool/base.py", line 709, in checkout
    rec = pool._do_get()
  File "/usr/local/lib/python3.14/site-packages/sqlalchemy/pool/impl.py", line 176, in _do_get
    with util.safe_reraise():
         ~~~~~~~~~~~~~~~~~^^
  File "/usr/local/lib/python3.14/site-packages/sqlalchemy/util/langhelpers.py", line 166, in __exit__
    raise exc_value.with_traceback(exc_tb)
  File "/usr/local/lib/python3.14/site-packages/sqlalchemy/pool/impl.py", line 174, in _do_get
    return self._create_connection()
           ~~~~~~~~~~~~~~~~~~~~~~~^^
  File "/usr/local/lib/python3.14/site-packages/sqlalchemy/pool/base.py", line 386, in _create_connection
    return _ConnectionRecord(self)
  File "/usr/local/lib/python3.14/site-packages/sqlalchemy/pool/base.py", line 671, in __init__
    self.__connect()
    ~~~~~~~~~~~~~~^^
  File "/usr/local/lib/python3.14/site-packages/sqlalchemy/pool/base.py", line 906, in __connect
    with util.safe_reraise():
         ~~~~~~~~~~~~~~~~~^^
  File "/usr/local/lib/python3.14/site-packages/sqlalchemy/util/langhelpers.py", line 166, in __exit__
    raise exc_value.with_traceback(exc_tb)
  File "/usr/local/lib/python3.14/site-packages/sqlalchemy/pool/base.py", line 902, in __connect
    self.dbapi_connection = connection = pool._invoke_creator(self)
                                         ~~~~~~~~~~~~~~~~~~~~^^^^^^
  File "/usr/local/lib/python3.14/site-packages/sqlalchemy/engine/create.py", line 645, in connect
    return dialect.connect(*cargs_tup, **cparams)
           ~~~~~~~~~~~~~~~^^^^^^^^^^^^^^^^^^^^^^^
  File "/usr/local/lib/python3.14/site-packages/sqlalchemy/engine/default.py", line 869, in connect
    return self.loaded_dbapi.connect(*cargs, **cparams)  # type: ignore[no-any-return]  # NOQA: E501
           ~~~~~~~~~~~~~~~~~~~~~~~~~^^^^^^^^^^^^^^^^^^^
  File "/usr/local/lib/python3.14/site-packages/psycopg2/__init__.py", line 122, in connect
    conn = _connect(dsn, connection_factory=connection_factory, **kwasync)
sqlalchemy.exc.OperationalError: (psycopg2.OperationalError) connection to server at "db" (172.18.0.2), port 5432 failed: FATAL:  password authentication failed for user "weatherflow"

(Background on this error at: https://sqlalche.me/e/21/e3q8)
2026-10-07 10:24:15,660 | INFO | __main__ | Processing city: Iloilo City
2026-10-07 10:24:15,892 | INFO | __main__ | Geocoding extracted for Iloilo City
2026-10-07 10:24:15,923 | ERROR | __main__ | Failed to process city: Iloilo City
Traceback (most recent call last):
  File "/usr/local/lib/python3.14/site-packages/sqlalchemy/engine/base.py", line 149, in __init__
    self._dbapi_connection = engine.raw_connection()
                             ~~~~~~~~~~~~~~~~~~~~~^^
  File "/usr/local/lib/python3.14/site-packages/sqlalchemy/engine/base.py", line 3284, in raw_connection
    return self.pool.connect()
           ~~~~~~~~~~~~~~~~~^^
  File "/usr/local/lib/python3.14/site-packages/sqlalchemy/pool/base.py", line 445, in connect
    return _ConnectionFairy._checkout(self)
           ~~~~~~~~~~~~~~~~~~~~~~~~~~^^^^^^
  File "/usr/local/lib/python3.14/site-packages/sqlalchemy/pool/base.py", line 1303, in _checkout
    fairy = _ConnectionRecord.checkout(pool)
  File "/usr/local/lib/python3.14/site-packages/sqlalchemy/pool/base.py", line 709, in checkout
    rec = pool._do_get()
  File "/usr/local/lib/python3.14/site-packages/sqlalchemy/pool/impl.py", line 176, in _do_get
    with util.safe_reraise():
         ~~~~~~~~~~~~~~~~~^^
  File "/usr/local/lib/python3.14/site-packages/sqlalchemy/util/langhelpers.py", line 166, in __exit__
    raise exc_value.with_traceback(exc_tb)
  File "/usr/local/lib/python3.14/site-packages/sqlalchemy/pool/impl.py", line 174, in _do_get
    return self._create_connection()
           ~~~~~~~~~~~~~~~~~~~~~~~^^
  File "/usr/local/lib/python3.14/site-packages/sqlalchemy/pool/base.py", line 386, in _create_connection
    return _ConnectionRecord(self)
  File "/usr/local/lib/python3.14/site-packages/sqlalchemy/pool/base.py", line 671, in __init__
    self.__connect()
    ~~~~~~~~~~~~~~^^
  File "/usr/local/lib/python3.14/site-packages/sqlalchemy/pool/base.py", line 906, in __connect
    with util.safe_reraise():
         ~~~~~~~~~~~~~~~~~^^
  File "/usr/local/lib/python3.14/site-packages/sqlalchemy/util/langhelpers.py", line 166, in __exit__
    raise exc_value.with_traceback(exc_tb)
  File "/usr/local/lib/python3.14/site-packages/sqlalchemy/pool/base.py", line 902, in __connect
    self.dbapi_connection = connection = pool._invoke_creator(self)
                                         ~~~~~~~~~~~~~~~~~~~~^^^^^^
  File "/usr/local/lib/python3.14/site-packages/sqlalchemy/engine/create.py", line 645, in connect
    return dialect.connect(*cargs_tup, **cparams)
           ~~~~~~~~~~~~~~~^^^^^^^^^^^^^^^^^^^^^^^
  File "/usr/local/lib/python3.14/site-packages/sqlalchemy/engine/default.py", line 869, in connect
    return self.loaded_dbapi.connect(*cargs, **cparams)  # type: ignore[no-any-return]  # NOQA: E501
           ~~~~~~~~~~~~~~~~~~~~~~~~~^^^^^^^^^^^^^^^^^^^
  File "/usr/local/lib/python3.14/site-packages/psycopg2/__init__.py", line 122, in connect
    conn = _connect(dsn, connection_factory=connection_factory, **kwasync)
psycopg2.OperationalError: connection to server at "db" (172.18.0.2), port 5432 failed: FATAL:  password authentication failed for user "weatherflow"


The above exception was the direct cause of the following exception:

Traceback (most recent call last):
  File "/app/pipeline/main.py", line 47, in main
    load_postgresql(geocoding_df, geocoding_table, if_exists="replace")
    ~~~~~~~~~~~~~~~^^^^^^^^^^^^^^^^^^^^^^^^^^^^^^^^^^^^^^^^^^^^^^^^^^^^
  File "/app/pipeline/loaded/load_postresql.py", line 324, in load_postgresql
    with engine.begin() as connection:
         ~~~~~~~~~~~~^^
  File "/usr/local/lib/python3.14/contextlib.py", line 141, in __enter__
    return next(self.gen)
  File "/usr/local/lib/python3.14/site-packages/sqlalchemy/engine/base.py", line 3224, in begin
    with self.connect() as conn:
         ~~~~~~~~~~~~^^
  File "/usr/local/lib/python3.14/site-packages/sqlalchemy/engine/base.py", line 3260, in connect
    return self._connection_cls(self)
           ~~~~~~~~~~~~~~~~~~~~^^^^^^
  File "/usr/local/lib/python3.14/site-packages/sqlalchemy/engine/base.py", line 151, in __init__
    Connection._handle_dbapi_exception_noconnection(
    ~~~~~~~~~~~~~~~~~~~~~~~~~~~~~~~~~~~~~~~~~~~~~~~^
        err, dialect, engine
        ^^^^^^^^^^^^^^^^^^^^
    )
    ^
  File "/usr/local/lib/python3.14/site-packages/sqlalchemy/engine/base.py", line 2417, in _handle_dbapi_exception_noconnection
    raise sqlalchemy_exception.with_traceback(exc_info[2]) from e
  File "/usr/local/lib/python3.14/site-packages/sqlalchemy/engine/base.py", line 149, in __init__
    self._dbapi_connection = engine.raw_connection()
                             ~~~~~~~~~~~~~~~~~~~~~^^
  File "/usr/local/lib/python3.14/site-packages/sqlalchemy/engine/base.py", line 3284, in raw_connection
    return self.pool.connect()
           ~~~~~~~~~~~~~~~~~^^
  File "/usr/local/lib/python3.14/site-packages/sqlalchemy/pool/base.py", line 445, in connect
    return _ConnectionFairy._checkout(self)
           ~~~~~~~~~~~~~~~~~~~~~~~~~~^^^^^^
  File "/usr/local/lib/python3.14/site-packages/sqlalchemy/pool/base.py", line 1303, in _checkout
    fairy = _ConnectionRecord.checkout(pool)
  File "/usr/local/lib/python3.14/site-packages/sqlalchemy/pool/base.py", line 709, in checkout
    rec = pool._do_get()
  File "/usr/local/lib/python3.14/site-packages/sqlalchemy/pool/impl.py", line 176, in _do_get
    with util.safe_reraise():
         ~~~~~~~~~~~~~~~~~^^
  File "/usr/local/lib/python3.14/site-packages/sqlalchemy/util/langhelpers.py", line 166, in __exit__
    raise exc_value.with_traceback(exc_tb)
  File "/usr/local/lib/python3.14/site-packages/sqlalchemy/pool/impl.py", line 174, in _do_get
    return self._create_connection()
           ~~~~~~~~~~~~~~~~~~~~~~~^^
  File "/usr/local/lib/python3.14/site-packages/sqlalchemy/pool/base.py", line 386, in _create_connection
    return _ConnectionRecord(self)
  File "/usr/local/lib/python3.14/site-packages/sqlalchemy/pool/base.py", line 671, in __init__
    self.__connect()
    ~~~~~~~~~~~~~~^^
  File "/usr/local/lib/python3.14/site-packages/sqlalchemy/pool/base.py", line 906, in __connect
    with util.safe_reraise():
         ~~~~~~~~~~~~~~~~~^^
  File "/usr/local/lib/python3.14/site-packages/sqlalchemy/util/langhelpers.py", line 166, in __exit__
    raise exc_value.with_traceback(exc_tb)
  File "/usr/local/lib/python3.14/site-packages/sqlalchemy/pool/base.py", line 902, in __connect
    self.dbapi_connection = connection = pool._invoke_creator(self)
                                         ~~~~~~~~~~~~~~~~~~~~^^^^^^
  File "/usr/local/lib/python3.14/site-packages/sqlalchemy/engine/create.py", line 645, in connect
    return dialect.connect(*cargs_tup, **cparams)
           ~~~~~~~~~~~~~~~^^^^^^^^^^^^^^^^^^^^^^^
  File "/usr/local/lib/python3.14/site-packages/sqlalchemy/engine/default.py", line 869, in connect
    return self.loaded_dbapi.connect(*cargs, **cparams)  # type: ignore[no-any-return]  # NOQA: E501
           ~~~~~~~~~~~~~~~~~~~~~~~~~^^^^^^^^^^^^^^^^^^^
  File "/usr/local/lib/python3.14/site-packages/psycopg2/__init__.py", line 122, in connect
    conn = _connect(dsn, connection_factory=connection_factory, **kwasync)
sqlalchemy.exc.OperationalError: (psycopg2.OperationalError) connection to server at "db" (172.18.0.2), port 5432 failed: FATAL:  password authentication failed for user "weatherflow"

(Background on this error at: https://sqlalche.me/e/21/e3q8)
2026-10-07 10:24:15,937 | INFO | __main__ | Processing city: Cagayan de Oro
2026-10-07 10:24:16,208 | INFO | __main__ | Geocoding extracted for Cagayan de Oro
2026-10-07 10:24:16,254 | ERROR | __main__ | Failed to process city: Cagayan de Oro
Traceback (most recent call last):
  File "/usr/local/lib/python3.14/site-packages/sqlalchemy/engine/base.py", line 149, in __init__
    self._dbapi_connection = engine.raw_connection()
                             ~~~~~~~~~~~~~~~~~~~~~^^
  File "/usr/local/lib/python3.14/site-packages/sqlalchemy/engine/base.py", line 3284, in raw_connection
    return self.pool.connect()
           ~~~~~~~~~~~~~~~~~^^
  File "/usr/local/lib/python3.14/site-packages/sqlalchemy/pool/base.py", line 445, in connect
    return _ConnectionFairy._checkout(self)
           ~~~~~~~~~~~~~~~~~~~~~~~~~~^^^^^^
  File "/usr/local/lib/python3.14/site-packages/sqlalchemy/pool/base.py", line 1303, in _checkout
    fairy = _ConnectionRecord.checkout(pool)
  File "/usr/local/lib/python3.14/site-packages/sqlalchemy/pool/base.py", line 709, in checkout
    rec = pool._do_get()
  File "/usr/local/lib/python3.14/site-packages/sqlalchemy/pool/impl.py", line 176, in _do_get
    with util.safe_reraise():
         ~~~~~~~~~~~~~~~~~^^
  File "/usr/local/lib/python3.14/site-packages/sqlalchemy/util/langhelpers.py", line 166, in __exit__
    raise exc_value.with_traceback(exc_tb)
  File "/usr/local/lib/python3.14/site-packages/sqlalchemy/pool/impl.py", line 174, in _do_get
    return self._create_connection()
           ~~~~~~~~~~~~~~~~~~~~~~~^^
  File "/usr/local/lib/python3.14/site-packages/sqlalchemy/pool/base.py", line 386, in _create_connection
    return _ConnectionRecord(self)
  File "/usr/local/lib/python3.14/site-packages/sqlalchemy/pool/base.py", line 671, in __init__
    self.__connect()
    ~~~~~~~~~~~~~~^^
  File "/usr/local/lib/python3.14/site-packages/sqlalchemy/pool/base.py", line 906, in __connect
    with util.safe_reraise():
         ~~~~~~~~~~~~~~~~~^^
  File "/usr/local/lib/python3.14/site-packages/sqlalchemy/util/langhelpers.py", line 166, in __exit__
    raise exc_value.with_traceback(exc_tb)
  File "/usr/local/lib/python3.14/site-packages/sqlalchemy/pool/base.py", line 902, in __connect
    self.dbapi_connection = connection = pool._invoke_creator(self)
                                         ~~~~~~~~~~~~~~~~~~~~^^^^^^
  File "/usr/local/lib/python3.14/site-packages/sqlalchemy/engine/create.py", line 645, in connect
    return dialect.connect(*cargs_tup, **cparams)
           ~~~~~~~~~~~~~~~^^^^^^^^^^^^^^^^^^^^^^^
  File "/usr/local/lib/python3.14/site-packages/sqlalchemy/engine/default.py", line 869, in connect
    return self.loaded_dbapi.connect(*cargs, **cparams)  # type: ignore[no-any-return]  # NOQA: E501
           ~~~~~~~~~~~~~~~~~~~~~~~~~^^^^^^^^^^^^^^^^^^^
  File "/usr/local/lib/python3.14/site-packages/psycopg2/__init__.py", line 122, in connect
    conn = _connect(dsn, connection_factory=connection_factory, **kwasync)
psycopg2.OperationalError: connection to server at "db" (172.18.0.2), port 5432 failed: FATAL:  password authentication failed for user "weatherflow"


The above exception was the direct cause of the following exception:

Traceback (most recent call last):
  File "/app/pipeline/main.py", line 47, in main
    load_postgresql(geocoding_df, geocoding_table, if_exists="replace")
    ~~~~~~~~~~~~~~~^^^^^^^^^^^^^^^^^^^^^^^^^^^^^^^^^^^^^^^^^^^^^^^^^^^^
  File "/app/pipeline/loaded/load_postresql.py", line 324, in load_postgresql
    with engine.begin() as connection:
         ~~~~~~~~~~~~^^
  File "/usr/local/lib/python3.14/contextlib.py", line 141, in __enter__
    return next(self.gen)
  File "/usr/local/lib/python3.14/site-packages/sqlalchemy/engine/base.py", line 3224, in begin
    with self.connect() as conn:
         ~~~~~~~~~~~~^^
  File "/usr/local/lib/python3.14/site-packages/sqlalchemy/engine/base.py", line 3260, in connect
    return self._connection_cls(self)
           ~~~~~~~~~~~~~~~~~~~~^^^^^^
  File "/usr/local/lib/python3.14/site-packages/sqlalchemy/engine/base.py", line 151, in __init__
    Connection._handle_dbapi_exception_noconnection(
    ~~~~~~~~~~~~~~~~~~~~~~~~~~~~~~~~~~~~~~~~~~~~~~~^
        err, dialect, engine
        ^^^^^^^^^^^^^^^^^^^^
    )
    ^
  File "/usr/local/lib/python3.14/site-packages/sqlalchemy/engine/base.py", line 2417, in _handle_dbapi_exception_noconnection
    raise sqlalchemy_exception.with_traceback(exc_info[2]) from e
  File "/usr/local/lib/python3.14/site-packages/sqlalchemy/engine/base.py", line 149, in __init__
    self._dbapi_connection = engine.raw_connection()
                             ~~~~~~~~~~~~~~~~~~~~~^^
  File "/usr/local/lib/python3.14/site-packages/sqlalchemy/engine/base.py", line 3284, in raw_connection
    return self.pool.connect()
           ~~~~~~~~~~~~~~~~~^^
  File "/usr/local/lib/python3.14/site-packages/sqlalchemy/pool/base.py", line 445, in connect
    return _ConnectionFairy._checkout(self)
           ~~~~~~~~~~~~~~~~~~~~~~~~~~^^^^^^
  File "/usr/local/lib/python3.14/site-packages/sqlalchemy/pool/base.py", line 1303, in _checkout
    fairy = _ConnectionRecord.checkout(pool)
  File "/usr/local/lib/python3.14/site-packages/sqlalchemy/pool/base.py", line 709, in checkout
    rec = pool._do_get()
  File "/usr/local/lib/python3.14/site-packages/sqlalchemy/pool/impl.py", line 176, in _do_get
    with util.safe_reraise():
         ~~~~~~~~~~~~~~~~~^^
  File "/usr/local/lib/python3.14/site-packages/sqlalchemy/util/langhelpers.py", line 166, in __exit__
    raise exc_value.with_traceback(exc_tb)
  File "/usr/local/lib/python3.14/site-packages/sqlalchemy/pool/impl.py", line 174, in _do_get
    return self._create_connection()
           ~~~~~~~~~~~~~~~~~~~~~~~^^
  File "/usr/local/lib/python3.14/site-packages/sqlalchemy/pool/base.py", line 386, in _create_connection
    return _ConnectionRecord(self)
  File "/usr/local/lib/python3.14/site-packages/sqlalchemy/pool/base.py", line 671, in __init__
    self.__connect()
    ~~~~~~~~~~~~~~^^
  File "/usr/local/lib/python3.14/site-packages/sqlalchemy/pool/base.py", line 906, in __connect
    with util.safe_reraise():
         ~~~~~~~~~~~~~~~~~^^
  File "/usr/local/lib/python3.14/site-packages/sqlalchemy/util/langhelpers.py", line 166, in __exit__
    raise exc_value.with_traceback(exc_tb)
  File "/usr/local/lib/python3.14/site-packages/sqlalchemy/pool/base.py", line 902, in __connect
    self.dbapi_connection = connection = pool._invoke_creator(self)
                                         ~~~~~~~~~~~~~~~~~~~~^^^^^^
  File "/usr/local/lib/python3.14/site-packages/sqlalchemy/engine/create.py", line 645, in connect
    return dialect.connect(*cargs_tup, **cparams)
           ~~~~~~~~~~~~~~~^^^^^^^^^^^^^^^^^^^^^^^
  File "/usr/local/lib/python3.14/site-packages/sqlalchemy/engine/default.py", line 869, in connect
    return self.loaded_dbapi.connect(*cargs, **cparams)  # type: ignore[no-any-return]  # NOQA: E501
           ~~~~~~~~~~~~~~~~~~~~~~~~~^^^^^^^^^^^^^^^^^^^
  File "/usr/local/lib/python3.14/site-packages/psycopg2/__init__.py", line 122, in connect
    conn = _connect(dsn, connection_factory=connection_factory, **kwasync)
sqlalchemy.exc.OperationalError: (psycopg2.OperationalError) connection to server at "db" (172.18.0.2), port 5432 failed: FATAL:  password authentication failed for user "weatherflow"

(Background on this error at: https://sqlalche.me/e/21/e3q8)
2026-10-07 10:24:16,261 | INFO | __main__ | Processing city: Zamboanga City
2026-10-07 10:24:16,514 | INFO | __main__ | Geocoding extracted for Zamboanga City
2026-10-07 10:24:16,527 | ERROR | __main__ | Failed to process city: Zamboanga City
Traceback (most recent call last):
  File "/usr/local/lib/python3.14/site-packages/sqlalchemy/engine/base.py", line 149, in __init__
    self._dbapi_connection = engine.raw_connection()
                             ~~~~~~~~~~~~~~~~~~~~~^^
  File "/usr/local/lib/python3.14/site-packages/sqlalchemy/engine/base.py", line 3284, in raw_connection
    return self.pool.connect()
           ~~~~~~~~~~~~~~~~~^^
  File "/usr/local/lib/python3.14/site-packages/sqlalchemy/pool/base.py", line 445, in connect
    return _ConnectionFairy._checkout(self)
           ~~~~~~~~~~~~~~~~~~~~~~~~~~^^^^^^
  File "/usr/local/lib/python3.14/site-packages/sqlalchemy/pool/base.py", line 1303, in _checkout
    fairy = _ConnectionRecord.checkout(pool)
  File "/usr/local/lib/python3.14/site-packages/sqlalchemy/pool/base.py", line 709, in checkout
    rec = pool._do_get()
  File "/usr/local/lib/python3.14/site-packages/sqlalchemy/pool/impl.py", line 176, in _do_get
    with util.safe_reraise():
         ~~~~~~~~~~~~~~~~~^^
  File "/usr/local/lib/python3.14/site-packages/sqlalchemy/util/langhelpers.py", line 166, in __exit__
    raise exc_value.with_traceback(exc_tb)
  File "/usr/local/lib/python3.14/site-packages/sqlalchemy/pool/impl.py", line 174, in _do_get
    return self._create_connection()
           ~~~~~~~~~~~~~~~~~~~~~~~^^
  File "/usr/local/lib/python3.14/site-packages/sqlalchemy/pool/base.py", line 386, in _create_connection
    return _ConnectionRecord(self)
  File "/usr/local/lib/python3.14/site-packages/sqlalchemy/pool/base.py", line 671, in __init__
    self.__connect()
    ~~~~~~~~~~~~~~^^
  File "/usr/local/lib/python3.14/site-packages/sqlalchemy/pool/base.py", line 906, in __connect
    with util.safe_reraise():
         ~~~~~~~~~~~~~~~~~^^
  File "/usr/local/lib/python3.14/site-packages/sqlalchemy/util/langhelpers.py", line 166, in __exit__
    raise exc_value.with_traceback(exc_tb)
  File "/usr/local/lib/python3.14/site-packages/sqlalchemy/pool/base.py", line 902, in __connect
    self.dbapi_connection = connection = pool._invoke_creator(self)
                                         ~~~~~~~~~~~~~~~~~~~~^^^^^^
  File "/usr/local/lib/python3.14/site-packages/sqlalchemy/engine/create.py", line 645, in connect
    return dialect.connect(*cargs_tup, **cparams)
           ~~~~~~~~~~~~~~~^^^^^^^^^^^^^^^^^^^^^^^
  File "/usr/local/lib/python3.14/site-packages/sqlalchemy/engine/default.py", line 869, in connect
    return self.loaded_dbapi.connect(*cargs, **cparams)  # type: ignore[no-any-return]  # NOQA: E501
           ~~~~~~~~~~~~~~~~~~~~~~~~~^^^^^^^^^^^^^^^^^^^
  File "/usr/local/lib/python3.14/site-packages/psycopg2/__init__.py", line 122, in connect
    conn = _connect(dsn, connection_factory=connection_factory, **kwasync)
psycopg2.OperationalError: connection to server at "db" (172.18.0.2), port 5432 failed: FATAL:  password authentication failed for user "weatherflow"


The above exception was the direct cause of the following exception:

Traceback (most recent call last):
  File "/app/pipeline/main.py", line 47, in main
    load_postgresql(geocoding_df, geocoding_table, if_exists="replace")
    ~~~~~~~~~~~~~~~^^^^^^^^^^^^^^^^^^^^^^^^^^^^^^^^^^^^^^^^^^^^^^^^^^^^
  File "/app/pipeline/loaded/load_postresql.py", line 324, in load_postgresql
    with engine.begin() as connection:
         ~~~~~~~~~~~~^^
  File "/usr/local/lib/python3.14/contextlib.py", line 141, in __enter__
    return next(self.gen)
  File "/usr/local/lib/python3.14/site-packages/sqlalchemy/engine/base.py", line 3224, in begin
    with self.connect() as conn:
         ~~~~~~~~~~~~^^
  File "/usr/local/lib/python3.14/site-packages/sqlalchemy/engine/base.py", line 3260, in connect
    return self._connection_cls(self)
           ~~~~~~~~~~~~~~~~~~~~^^^^^^
  File "/usr/local/lib/python3.14/site-packages/sqlalchemy/engine/base.py", line 151, in __init__
    Connection._handle_dbapi_exception_noconnection(
    ~~~~~~~~~~~~~~~~~~~~~~~~~~~~~~~~~~~~~~~~~~~~~~~^
        err, dialect, engine
        ^^^^^^^^^^^^^^^^^^^^
    )
    ^
  File "/usr/local/lib/python3.14/site-packages/sqlalchemy/engine/base.py", line 2417, in _handle_dbapi_exception_noconnection
    raise sqlalchemy_exception.with_traceback(exc_info[2]) from e
  File "/usr/local/lib/python3.14/site-packages/sqlalchemy/engine/base.py", line 149, in __init__
    self._dbapi_connection = engine.raw_connection()
                             ~~~~~~~~~~~~~~~~~~~~~^^
  File "/usr/local/lib/python3.14/site-packages/sqlalchemy/engine/base.py", line 3284, in raw_connection
    return self.pool.connect()
           ~~~~~~~~~~~~~~~~~^^
  File "/usr/local/lib/python3.14/site-packages/sqlalchemy/pool/base.py", line 445, in connect
    return _ConnectionFairy._checkout(self)
           ~~~~~~~~~~~~~~~~~~~~~~~~~~^^^^^^
  File "/usr/local/lib/python3.14/site-packages/sqlalchemy/pool/base.py", line 1303, in _checkout
    fairy = _ConnectionRecord.checkout(pool)
  File "/usr/local/lib/python3.14/site-packages/sqlalchemy/pool/base.py", line 709, in checkout
    rec = pool._do_get()
  File "/usr/local/lib/python3.14/site-packages/sqlalchemy/pool/impl.py", line 176, in _do_get
    with util.safe_reraise():
         ~~~~~~~~~~~~~~~~~^^
  File "/usr/local/lib/python3.14/site-packages/sqlalchemy/util/langhelpers.py", line 166, in __exit__
    raise exc_value.with_traceback(exc_tb)
  File "/usr/local/lib/python3.14/site-packages/sqlalchemy/pool/impl.py", line 174, in _do_get
    return self._create_connection()
           ~~~~~~~~~~~~~~~~~~~~~~~^^
  File "/usr/local/lib/python3.14/site-packages/sqlalchemy/pool/base.py", line 386, in _create_connection
    return _ConnectionRecord(self)
  File "/usr/local/lib/python3.14/site-packages/sqlalchemy/pool/base.py", line 671, in __init__
    self.__connect()
    ~~~~~~~~~~~~~~^^
  File "/usr/local/lib/python3.14/site-packages/sqlalchemy/pool/base.py", line 906, in __connect
    with util.safe_reraise():
         ~~~~~~~~~~~~~~~~~^^
  File "/usr/local/lib/python3.14/site-packages/sqlalchemy/util/langhelpers.py", line 166, in __exit__
    raise exc_value.with_traceback(exc_tb)
  File "/usr/local/lib/python3.14/site-packages/sqlalchemy/pool/base.py", line 902, in __connect
    self.dbapi_connection = connection = pool._invoke_creator(self)
                                         ~~~~~~~~~~~~~~~~~~~~^^^^^^
  File "/usr/local/lib/python3.14/site-packages/sqlalchemy/engine/create.py", line 645, in connect
    return dialect.connect(*cargs_tup, **cparams)
           ~~~~~~~~~~~~~~~^^^^^^^^^^^^^^^^^^^^^^^
  File "/usr/local/lib/python3.14/site-packages/sqlalchemy/engine/default.py", line 869, in connect
    return self.loaded_dbapi.connect(*cargs, **cparams)  # type: ignore[no-any-return]  # NOQA: E501
           ~~~~~~~~~~~~~~~~~~~~~~~~~^^^^^^^^^^^^^^^^^^^
  File "/usr/local/lib/python3.14/site-packages/psycopg2/__init__.py", line 122, in connect
    conn = _connect(dsn, connection_factory=connection_factory, **kwasync)
sqlalchemy.exc.OperationalError: (psycopg2.OperationalError) connection to server at "db" (172.18.0.2), port 5432 failed: FATAL:  password authentication failed for user "weatherflow"

(Background on this error at: https://sqlalche.me/e/21/e3q8)
2026-10-07 10:24:16,533 | INFO | __main__ | Weather ingestion completed.
2026-10-07 10:27:12,914 | INFO | __main__ | Starting Weather Ingestion...
2026-10-07 10:27:12,916 | INFO | __main__ | Processing city: Manila
2026-10-07 10:27:13,280 | INFO | __main__ | Geocoding extracted for Manila
2026-10-07 10:27:13,368 | ERROR | __main__ | Failed to process city: Manila
Traceback (most recent call last):
  File "/usr/local/lib/python3.14/site-packages/sqlalchemy/engine/base.py", line 149, in __init__
    self._dbapi_connection = engine.raw_connection()
                             ~~~~~~~~~~~~~~~~~~~~~^^
  File "/usr/local/lib/python3.14/site-packages/sqlalchemy/engine/base.py", line 3284, in raw_connection
    return self.pool.connect()
           ~~~~~~~~~~~~~~~~~^^
  File "/usr/local/lib/python3.14/site-packages/sqlalchemy/pool/base.py", line 445, in connect
    return _ConnectionFairy._checkout(self)
           ~~~~~~~~~~~~~~~~~~~~~~~~~~^^^^^^
  File "/usr/local/lib/python3.14/site-packages/sqlalchemy/pool/base.py", line 1303, in _checkout
    fairy = _ConnectionRecord.checkout(pool)
  File "/usr/local/lib/python3.14/site-packages/sqlalchemy/pool/base.py", line 709, in checkout
    rec = pool._do_get()
  File "/usr/local/lib/python3.14/site-packages/sqlalchemy/pool/impl.py", line 176, in _do_get
    with util.safe_reraise():
         ~~~~~~~~~~~~~~~~~^^
  File "/usr/local/lib/python3.14/site-packages/sqlalchemy/util/langhelpers.py", line 166, in __exit__
    raise exc_value.with_traceback(exc_tb)
  File "/usr/local/lib/python3.14/site-packages/sqlalchemy/pool/impl.py", line 174, in _do_get
    return self._create_connection()
           ~~~~~~~~~~~~~~~~~~~~~~~^^
  File "/usr/local/lib/python3.14/site-packages/sqlalchemy/pool/base.py", line 386, in _create_connection
    return _ConnectionRecord(self)
  File "/usr/local/lib/python3.14/site-packages/sqlalchemy/pool/base.py", line 671, in __init__
    self.__connect()
    ~~~~~~~~~~~~~~^^
  File "/usr/local/lib/python3.14/site-packages/sqlalchemy/pool/base.py", line 906, in __connect
    with util.safe_reraise():
         ~~~~~~~~~~~~~~~~~^^
  File "/usr/local/lib/python3.14/site-packages/sqlalchemy/util/langhelpers.py", line 166, in __exit__
    raise exc_value.with_traceback(exc_tb)
  File "/usr/local/lib/python3.14/site-packages/sqlalchemy/pool/base.py", line 902, in __connect
    self.dbapi_connection = connection = pool._invoke_creator(self)
                                         ~~~~~~~~~~~~~~~~~~~~^^^^^^
  File "/usr/local/lib/python3.14/site-packages/sqlalchemy/engine/create.py", line 645, in connect
    return dialect.connect(*cargs_tup, **cparams)
           ~~~~~~~~~~~~~~~^^^^^^^^^^^^^^^^^^^^^^^
  File "/usr/local/lib/python3.14/site-packages/sqlalchemy/engine/default.py", line 869, in connect
    return self.loaded_dbapi.connect(*cargs, **cparams)  # type: ignore[no-any-return]  # NOQA: E501
           ~~~~~~~~~~~~~~~~~~~~~~~~~^^^^^^^^^^^^^^^^^^^
  File "/usr/local/lib/python3.14/site-packages/psycopg2/__init__.py", line 122, in connect
    conn = _connect(dsn, connection_factory=connection_factory, **kwasync)
psycopg2.OperationalError: connection to server at "db" (172.18.0.2), port 5432 failed: FATAL:  password authentication failed for user "weatherflow"


The above exception was the direct cause of the following exception:

Traceback (most recent call last):
  File "/app/pipeline/main.py", line 47, in main
    load_postgresql(geocoding_df, geocoding_table, if_exists="replace")
    ~~~~~~~~~~~~~~~^^^^^^^^^^^^^^^^^^^^^^^^^^^^^^^^^^^^^^^^^^^^^^^^^^^^
  File "/app/pipeline/loaded/load_postresql.py", line 324, in load_postgresql
    with engine.begin() as connection:
         ~~~~~~~~~~~~^^
  File "/usr/local/lib/python3.14/contextlib.py", line 141, in __enter__
    return next(self.gen)
  File "/usr/local/lib/python3.14/site-packages/sqlalchemy/engine/base.py", line 3224, in begin
    with self.connect() as conn:
         ~~~~~~~~~~~~^^
  File "/usr/local/lib/python3.14/site-packages/sqlalchemy/engine/base.py", line 3260, in connect
    return self._connection_cls(self)
           ~~~~~~~~~~~~~~~~~~~~^^^^^^
  File "/usr/local/lib/python3.14/site-packages/sqlalchemy/engine/base.py", line 151, in __init__
    Connection._handle_dbapi_exception_noconnection(
    ~~~~~~~~~~~~~~~~~~~~~~~~~~~~~~~~~~~~~~~~~~~~~~~^
        err, dialect, engine
        ^^^^^^^^^^^^^^^^^^^^
    )
    ^
  File "/usr/local/lib/python3.14/site-packages/sqlalchemy/engine/base.py", line 2417, in _handle_dbapi_exception_noconnection
    raise sqlalchemy_exception.with_traceback(exc_info[2]) from e
  File "/usr/local/lib/python3.14/site-packages/sqlalchemy/engine/base.py", line 149, in __init__
    self._dbapi_connection = engine.raw_connection()
                             ~~~~~~~~~~~~~~~~~~~~~^^
  File "/usr/local/lib/python3.14/site-packages/sqlalchemy/engine/base.py", line 3284, in raw_connection
    return self.pool.connect()
           ~~~~~~~~~~~~~~~~~^^
  File "/usr/local/lib/python3.14/site-packages/sqlalchemy/pool/base.py", line 445, in connect
    return _ConnectionFairy._checkout(self)
           ~~~~~~~~~~~~~~~~~~~~~~~~~~^^^^^^
  File "/usr/local/lib/python3.14/site-packages/sqlalchemy/pool/base.py", line 1303, in _checkout
    fairy = _ConnectionRecord.checkout(pool)
  File "/usr/local/lib/python3.14/site-packages/sqlalchemy/pool/base.py", line 709, in checkout
    rec = pool._do_get()
  File "/usr/local/lib/python3.14/site-packages/sqlalchemy/pool/impl.py", line 176, in _do_get
    with util.safe_reraise():
         ~~~~~~~~~~~~~~~~~^^
  File "/usr/local/lib/python3.14/site-packages/sqlalchemy/util/langhelpers.py", line 166, in __exit__
    raise exc_value.with_traceback(exc_tb)
  File "/usr/local/lib/python3.14/site-packages/sqlalchemy/pool/impl.py", line 174, in _do_get
    return self._create_connection()
           ~~~~~~~~~~~~~~~~~~~~~~~^^
  File "/usr/local/lib/python3.14/site-packages/sqlalchemy/pool/base.py", line 386, in _create_connection
    return _ConnectionRecord(self)
  File "/usr/local/lib/python3.14/site-packages/sqlalchemy/pool/base.py", line 671, in __init__
    self.__connect()
    ~~~~~~~~~~~~~~^^
  File "/usr/local/lib/python3.14/site-packages/sqlalchemy/pool/base.py", line 906, in __connect
    with util.safe_reraise():
         ~~~~~~~~~~~~~~~~~^^
  File "/usr/local/lib/python3.14/site-packages/sqlalchemy/util/langhelpers.py", line 166, in __exit__
    raise exc_value.with_traceback(exc_tb)
  File "/usr/local/lib/python3.14/site-packages/sqlalchemy/pool/base.py", line 902, in __connect
    self.dbapi_connection = connection = pool._invoke_creator(self)
                                         ~~~~~~~~~~~~~~~~~~~~^^^^^^
  File "/usr/local/lib/python3.14/site-packages/sqlalchemy/engine/create.py", line 645, in connect
    return dialect.connect(*cargs_tup, **cparams)
           ~~~~~~~~~~~~~~~^^^^^^^^^^^^^^^^^^^^^^^
  File "/usr/local/lib/python3.14/site-packages/sqlalchemy/engine/default.py", line 869, in connect
    return self.loaded_dbapi.connect(*cargs, **cparams)  # type: ignore[no-any-return]  # NOQA: E501
           ~~~~~~~~~~~~~~~~~~~~~~~~~^^^^^^^^^^^^^^^^^^^
  File "/usr/local/lib/python3.14/site-packages/psycopg2/__init__.py", line 122, in connect
    conn = _connect(dsn, connection_factory=connection_factory, **kwasync)
sqlalchemy.exc.OperationalError: (psycopg2.OperationalError) connection to server at "db" (172.18.0.2), port 5432 failed: FATAL:  password authentication failed for user "weatherflow"

(Background on this error at: https://sqlalche.me/e/21/e3q8)
2026-10-07 10:27:13,377 | INFO | __main__ | Processing city: Quezon City
2026-10-07 10:27:13,586 | INFO | __main__ | Geocoding extracted for Quezon City
2026-10-07 10:27:13,601 | ERROR | __main__ | Failed to process city: Quezon City
Traceback (most recent call last):
  File "/usr/local/lib/python3.14/site-packages/sqlalchemy/engine/base.py", line 149, in __init__
    self._dbapi_connection = engine.raw_connection()
                             ~~~~~~~~~~~~~~~~~~~~~^^
  File "/usr/local/lib/python3.14/site-packages/sqlalchemy/engine/base.py", line 3284, in raw_connection
    return self.pool.connect()
           ~~~~~~~~~~~~~~~~~^^
  File "/usr/local/lib/python3.14/site-packages/sqlalchemy/pool/base.py", line 445, in connect
    return _ConnectionFairy._checkout(self)
           ~~~~~~~~~~~~~~~~~~~~~~~~~~^^^^^^
  File "/usr/local/lib/python3.14/site-packages/sqlalchemy/pool/base.py", line 1303, in _checkout
    fairy = _ConnectionRecord.checkout(pool)
  File "/usr/local/lib/python3.14/site-packages/sqlalchemy/pool/base.py", line 709, in checkout
    rec = pool._do_get()
  File "/usr/local/lib/python3.14/site-packages/sqlalchemy/pool/impl.py", line 176, in _do_get
    with util.safe_reraise():
         ~~~~~~~~~~~~~~~~~^^
  File "/usr/local/lib/python3.14/site-packages/sqlalchemy/util/langhelpers.py", line 166, in __exit__
    raise exc_value.with_traceback(exc_tb)
  File "/usr/local/lib/python3.14/site-packages/sqlalchemy/pool/impl.py", line 174, in _do_get
    return self._create_connection()
           ~~~~~~~~~~~~~~~~~~~~~~~^^
  File "/usr/local/lib/python3.14/site-packages/sqlalchemy/pool/base.py", line 386, in _create_connection
    return _ConnectionRecord(self)
  File "/usr/local/lib/python3.14/site-packages/sqlalchemy/pool/base.py", line 671, in __init__
    self.__connect()
    ~~~~~~~~~~~~~~^^
  File "/usr/local/lib/python3.14/site-packages/sqlalchemy/pool/base.py", line 906, in __connect
    with util.safe_reraise():
         ~~~~~~~~~~~~~~~~~^^
  File "/usr/local/lib/python3.14/site-packages/sqlalchemy/util/langhelpers.py", line 166, in __exit__
    raise exc_value.with_traceback(exc_tb)
  File "/usr/local/lib/python3.14/site-packages/sqlalchemy/pool/base.py", line 902, in __connect
    self.dbapi_connection = connection = pool._invoke_creator(self)
                                         ~~~~~~~~~~~~~~~~~~~~^^^^^^
  File "/usr/local/lib/python3.14/site-packages/sqlalchemy/engine/create.py", line 645, in connect
    return dialect.connect(*cargs_tup, **cparams)
           ~~~~~~~~~~~~~~~^^^^^^^^^^^^^^^^^^^^^^^
  File "/usr/local/lib/python3.14/site-packages/sqlalchemy/engine/default.py", line 869, in connect
    return self.loaded_dbapi.connect(*cargs, **cparams)  # type: ignore[no-any-return]  # NOQA: E501
           ~~~~~~~~~~~~~~~~~~~~~~~~~^^^^^^^^^^^^^^^^^^^
  File "/usr/local/lib/python3.14/site-packages/psycopg2/__init__.py", line 122, in connect
    conn = _connect(dsn, connection_factory=connection_factory, **kwasync)
psycopg2.OperationalError: connection to server at "db" (172.18.0.2), port 5432 failed: FATAL:  password authentication failed for user "weatherflow"


The above exception was the direct cause of the following exception:

Traceback (most recent call last):
  File "/app/pipeline/main.py", line 47, in main
    load_postgresql(geocoding_df, geocoding_table, if_exists="replace")
    ~~~~~~~~~~~~~~~^^^^^^^^^^^^^^^^^^^^^^^^^^^^^^^^^^^^^^^^^^^^^^^^^^^^
  File "/app/pipeline/loaded/load_postresql.py", line 324, in load_postgresql
    with engine.begin() as connection:
         ~~~~~~~~~~~~^^
  File "/usr/local/lib/python3.14/contextlib.py", line 141, in __enter__
    return next(self.gen)
  File "/usr/local/lib/python3.14/site-packages/sqlalchemy/engine/base.py", line 3224, in begin
    with self.connect() as conn:
         ~~~~~~~~~~~~^^
  File "/usr/local/lib/python3.14/site-packages/sqlalchemy/engine/base.py", line 3260, in connect
    return self._connection_cls(self)
           ~~~~~~~~~~~~~~~~~~~~^^^^^^
  File "/usr/local/lib/python3.14/site-packages/sqlalchemy/engine/base.py", line 151, in __init__
    Connection._handle_dbapi_exception_noconnection(
    ~~~~~~~~~~~~~~~~~~~~~~~~~~~~~~~~~~~~~~~~~~~~~~~^
        err, dialect, engine
        ^^^^^^^^^^^^^^^^^^^^
    )
    ^
  File "/usr/local/lib/python3.14/site-packages/sqlalchemy/engine/base.py", line 2417, in _handle_dbapi_exception_noconnection
    raise sqlalchemy_exception.with_traceback(exc_info[2]) from e
  File "/usr/local/lib/python3.14/site-packages/sqlalchemy/engine/base.py", line 149, in __init__
    self._dbapi_connection = engine.raw_connection()
                             ~~~~~~~~~~~~~~~~~~~~~^^
  File "/usr/local/lib/python3.14/site-packages/sqlalchemy/engine/base.py", line 3284, in raw_connection
    return self.pool.connect()
           ~~~~~~~~~~~~~~~~~^^
  File "/usr/local/lib/python3.14/site-packages/sqlalchemy/pool/base.py", line 445, in connect
    return _ConnectionFairy._checkout(self)
           ~~~~~~~~~~~~~~~~~~~~~~~~~~^^^^^^
  File "/usr/local/lib/python3.14/site-packages/sqlalchemy/pool/base.py", line 1303, in _checkout
    fairy = _ConnectionRecord.checkout(pool)
  File "/usr/local/lib/python3.14/site-packages/sqlalchemy/pool/base.py", line 709, in checkout
    rec = pool._do_get()
  File "/usr/local/lib/python3.14/site-packages/sqlalchemy/pool/impl.py", line 176, in _do_get
    with util.safe_reraise():
         ~~~~~~~~~~~~~~~~~^^
  File "/usr/local/lib/python3.14/site-packages/sqlalchemy/util/langhelpers.py", line 166, in __exit__
    raise exc_value.with_traceback(exc_tb)
  File "/usr/local/lib/python3.14/site-packages/sqlalchemy/pool/impl.py", line 174, in _do_get
    return self._create_connection()
           ~~~~~~~~~~~~~~~~~~~~~~~^^
  File "/usr/local/lib/python3.14/site-packages/sqlalchemy/pool/base.py", line 386, in _create_connection
    return _ConnectionRecord(self)
  File "/usr/local/lib/python3.14/site-packages/sqlalchemy/pool/base.py", line 671, in __init__
    self.__connect()
    ~~~~~~~~~~~~~~^^
  File "/usr/local/lib/python3.14/site-packages/sqlalchemy/pool/base.py", line 906, in __connect
    with util.safe_reraise():
         ~~~~~~~~~~~~~~~~~^^
  File "/usr/local/lib/python3.14/site-packages/sqlalchemy/util/langhelpers.py", line 166, in __exit__
    raise exc_value.with_traceback(exc_tb)
  File "/usr/local/lib/python3.14/site-packages/sqlalchemy/pool/base.py", line 902, in __connect
    self.dbapi_connection = connection = pool._invoke_creator(self)
                                         ~~~~~~~~~~~~~~~~~~~~^^^^^^
  File "/usr/local/lib/python3.14/site-packages/sqlalchemy/engine/create.py", line 645, in connect
    return dialect.connect(*cargs_tup, **cparams)
           ~~~~~~~~~~~~~~~^^^^^^^^^^^^^^^^^^^^^^^
  File "/usr/local/lib/python3.14/site-packages/sqlalchemy/engine/default.py", line 869, in connect
    return self.loaded_dbapi.connect(*cargs, **cparams)  # type: ignore[no-any-return]  # NOQA: E501
           ~~~~~~~~~~~~~~~~~~~~~~~~~^^^^^^^^^^^^^^^^^^^
  File "/usr/local/lib/python3.14/site-packages/psycopg2/__init__.py", line 122, in connect
    conn = _connect(dsn, connection_factory=connection_factory, **kwasync)
sqlalchemy.exc.OperationalError: (psycopg2.OperationalError) connection to server at "db" (172.18.0.2), port 5432 failed: FATAL:  password authentication failed for user "weatherflow"

(Background on this error at: https://sqlalche.me/e/21/e3q8)
2026-10-07 10:27:13,608 | INFO | __main__ | Processing city: Cebu City
2026-10-07 10:27:13,868 | INFO | __main__ | Geocoding extracted for Cebu City
2026-10-07 10:27:13,912 | ERROR | __main__ | Failed to process city: Cebu City
Traceback (most recent call last):
  File "/usr/local/lib/python3.14/site-packages/sqlalchemy/engine/base.py", line 149, in __init__
    self._dbapi_connection = engine.raw_connection()
                             ~~~~~~~~~~~~~~~~~~~~~^^
  File "/usr/local/lib/python3.14/site-packages/sqlalchemy/engine/base.py", line 3284, in raw_connection
    return self.pool.connect()
           ~~~~~~~~~~~~~~~~~^^
  File "/usr/local/lib/python3.14/site-packages/sqlalchemy/pool/base.py", line 445, in connect
    return _ConnectionFairy._checkout(self)
           ~~~~~~~~~~~~~~~~~~~~~~~~~~^^^^^^
  File "/usr/local/lib/python3.14/site-packages/sqlalchemy/pool/base.py", line 1303, in _checkout
    fairy = _ConnectionRecord.checkout(pool)
  File "/usr/local/lib/python3.14/site-packages/sqlalchemy/pool/base.py", line 709, in checkout
    rec = pool._do_get()
  File "/usr/local/lib/python3.14/site-packages/sqlalchemy/pool/impl.py", line 176, in _do_get
    with util.safe_reraise():
         ~~~~~~~~~~~~~~~~~^^
  File "/usr/local/lib/python3.14/site-packages/sqlalchemy/util/langhelpers.py", line 166, in __exit__
    raise exc_value.with_traceback(exc_tb)
  File "/usr/local/lib/python3.14/site-packages/sqlalchemy/pool/impl.py", line 174, in _do_get
    return self._create_connection()
           ~~~~~~~~~~~~~~~~~~~~~~~^^
  File "/usr/local/lib/python3.14/site-packages/sqlalchemy/pool/base.py", line 386, in _create_connection
    return _ConnectionRecord(self)
  File "/usr/local/lib/python3.14/site-packages/sqlalchemy/pool/base.py", line 671, in __init__
    self.__connect()
    ~~~~~~~~~~~~~~^^
  File "/usr/local/lib/python3.14/site-packages/sqlalchemy/pool/base.py", line 906, in __connect
    with util.safe_reraise():
         ~~~~~~~~~~~~~~~~~^^
  File "/usr/local/lib/python3.14/site-packages/sqlalchemy/util/langhelpers.py", line 166, in __exit__
    raise exc_value.with_traceback(exc_tb)
  File "/usr/local/lib/python3.14/site-packages/sqlalchemy/pool/base.py", line 902, in __connect
    self.dbapi_connection = connection = pool._invoke_creator(self)
                                         ~~~~~~~~~~~~~~~~~~~~^^^^^^
  File "/usr/local/lib/python3.14/site-packages/sqlalchemy/engine/create.py", line 645, in connect
    return dialect.connect(*cargs_tup, **cparams)
           ~~~~~~~~~~~~~~~^^^^^^^^^^^^^^^^^^^^^^^
  File "/usr/local/lib/python3.14/site-packages/sqlalchemy/engine/default.py", line 869, in connect
    return self.loaded_dbapi.connect(*cargs, **cparams)  # type: ignore[no-any-return]  # NOQA: E501
           ~~~~~~~~~~~~~~~~~~~~~~~~~^^^^^^^^^^^^^^^^^^^
  File "/usr/local/lib/python3.14/site-packages/psycopg2/__init__.py", line 122, in connect
    conn = _connect(dsn, connection_factory=connection_factory, **kwasync)
psycopg2.OperationalError: connection to server at "db" (172.18.0.2), port 5432 failed: FATAL:  password authentication failed for user "weatherflow"


The above exception was the direct cause of the following exception:

Traceback (most recent call last):
  File "/app/pipeline/main.py", line 47, in main
    load_postgresql(geocoding_df, geocoding_table, if_exists="replace")
    ~~~~~~~~~~~~~~~^^^^^^^^^^^^^^^^^^^^^^^^^^^^^^^^^^^^^^^^^^^^^^^^^^^^
  File "/app/pipeline/loaded/load_postresql.py", line 324, in load_postgresql
    with engine.begin() as connection:
         ~~~~~~~~~~~~^^
  File "/usr/local/lib/python3.14/contextlib.py", line 141, in __enter__
    return next(self.gen)
  File "/usr/local/lib/python3.14/site-packages/sqlalchemy/engine/base.py", line 3224, in begin
    with self.connect() as conn:
         ~~~~~~~~~~~~^^
  File "/usr/local/lib/python3.14/site-packages/sqlalchemy/engine/base.py", line 3260, in connect
    return self._connection_cls(self)
           ~~~~~~~~~~~~~~~~~~~~^^^^^^
  File "/usr/local/lib/python3.14/site-packages/sqlalchemy/engine/base.py", line 151, in __init__
    Connection._handle_dbapi_exception_noconnection(
    ~~~~~~~~~~~~~~~~~~~~~~~~~~~~~~~~~~~~~~~~~~~~~~~^
        err, dialect, engine
        ^^^^^^^^^^^^^^^^^^^^
    )
    ^
  File "/usr/local/lib/python3.14/site-packages/sqlalchemy/engine/base.py", line 2417, in _handle_dbapi_exception_noconnection
    raise sqlalchemy_exception.with_traceback(exc_info[2]) from e
  File "/usr/local/lib/python3.14/site-packages/sqlalchemy/engine/base.py", line 149, in __init__
    self._dbapi_connection = engine.raw_connection()
                             ~~~~~~~~~~~~~~~~~~~~~^^
  File "/usr/local/lib/python3.14/site-packages/sqlalchemy/engine/base.py", line 3284, in raw_connection
    return self.pool.connect()
           ~~~~~~~~~~~~~~~~~^^
  File "/usr/local/lib/python3.14/site-packages/sqlalchemy/pool/base.py", line 445, in connect
    return _ConnectionFairy._checkout(self)
           ~~~~~~~~~~~~~~~~~~~~~~~~~~^^^^^^
  File "/usr/local/lib/python3.14/site-packages/sqlalchemy/pool/base.py", line 1303, in _checkout
    fairy = _ConnectionRecord.checkout(pool)
  File "/usr/local/lib/python3.14/site-packages/sqlalchemy/pool/base.py", line 709, in checkout
    rec = pool._do_get()
  File "/usr/local/lib/python3.14/site-packages/sqlalchemy/pool/impl.py", line 176, in _do_get
    with util.safe_reraise():
         ~~~~~~~~~~~~~~~~~^^
  File "/usr/local/lib/python3.14/site-packages/sqlalchemy/util/langhelpers.py", line 166, in __exit__
    raise exc_value.with_traceback(exc_tb)
  File "/usr/local/lib/python3.14/site-packages/sqlalchemy/pool/impl.py", line 174, in _do_get
    return self._create_connection()
           ~~~~~~~~~~~~~~~~~~~~~~~^^
  File "/usr/local/lib/python3.14/site-packages/sqlalchemy/pool/base.py", line 386, in _create_connection
    return _ConnectionRecord(self)
  File "/usr/local/lib/python3.14/site-packages/sqlalchemy/pool/base.py", line 671, in __init__
    self.__connect()
    ~~~~~~~~~~~~~~^^
  File "/usr/local/lib/python3.14/site-packages/sqlalchemy/pool/base.py", line 906, in __connect
    with util.safe_reraise():
         ~~~~~~~~~~~~~~~~~^^
  File "/usr/local/lib/python3.14/site-packages/sqlalchemy/util/langhelpers.py", line 166, in __exit__
    raise exc_value.with_traceback(exc_tb)
  File "/usr/local/lib/python3.14/site-packages/sqlalchemy/pool/base.py", line 902, in __connect
    self.dbapi_connection = connection = pool._invoke_creator(self)
                                         ~~~~~~~~~~~~~~~~~~~~^^^^^^
  File "/usr/local/lib/python3.14/site-packages/sqlalchemy/engine/create.py", line 645, in connect
    return dialect.connect(*cargs_tup, **cparams)
           ~~~~~~~~~~~~~~~^^^^^^^^^^^^^^^^^^^^^^^
  File "/usr/local/lib/python3.14/site-packages/sqlalchemy/engine/default.py", line 869, in connect
    return self.loaded_dbapi.connect(*cargs, **cparams)  # type: ignore[no-any-return]  # NOQA: E501
           ~~~~~~~~~~~~~~~~~~~~~~~~~^^^^^^^^^^^^^^^^^^^
  File "/usr/local/lib/python3.14/site-packages/psycopg2/__init__.py", line 122, in connect
    conn = _connect(dsn, connection_factory=connection_factory, **kwasync)
sqlalchemy.exc.OperationalError: (psycopg2.OperationalError) connection to server at "db" (172.18.0.2), port 5432 failed: FATAL:  password authentication failed for user "weatherflow"

(Background on this error at: https://sqlalche.me/e/21/e3q8)
2026-10-07 10:27:13,928 | INFO | __main__ | Processing city: Davao City
2026-10-07 10:27:14,253 | INFO | __main__ | Geocoding extracted for Davao City
2026-10-07 10:27:14,296 | ERROR | __main__ | Failed to process city: Davao City
Traceback (most recent call last):
  File "/usr/local/lib/python3.14/site-packages/sqlalchemy/engine/base.py", line 149, in __init__
    self._dbapi_connection = engine.raw_connection()
                             ~~~~~~~~~~~~~~~~~~~~~^^
  File "/usr/local/lib/python3.14/site-packages/sqlalchemy/engine/base.py", line 3284, in raw_connection
    return self.pool.connect()
           ~~~~~~~~~~~~~~~~~^^
  File "/usr/local/lib/python3.14/site-packages/sqlalchemy/pool/base.py", line 445, in connect
    return _ConnectionFairy._checkout(self)
           ~~~~~~~~~~~~~~~~~~~~~~~~~~^^^^^^
  File "/usr/local/lib/python3.14/site-packages/sqlalchemy/pool/base.py", line 1303, in _checkout
    fairy = _ConnectionRecord.checkout(pool)
  File "/usr/local/lib/python3.14/site-packages/sqlalchemy/pool/base.py", line 709, in checkout
    rec = pool._do_get()
  File "/usr/local/lib/python3.14/site-packages/sqlalchemy/pool/impl.py", line 176, in _do_get
    with util.safe_reraise():
         ~~~~~~~~~~~~~~~~~^^
  File "/usr/local/lib/python3.14/site-packages/sqlalchemy/util/langhelpers.py", line 166, in __exit__
    raise exc_value.with_traceback(exc_tb)
  File "/usr/local/lib/python3.14/site-packages/sqlalchemy/pool/impl.py", line 174, in _do_get
    return self._create_connection()
           ~~~~~~~~~~~~~~~~~~~~~~~^^
  File "/usr/local/lib/python3.14/site-packages/sqlalchemy/pool/base.py", line 386, in _create_connection
    return _ConnectionRecord(self)
  File "/usr/local/lib/python3.14/site-packages/sqlalchemy/pool/base.py", line 671, in __init__
    self.__connect()
    ~~~~~~~~~~~~~~^^
  File "/usr/local/lib/python3.14/site-packages/sqlalchemy/pool/base.py", line 906, in __connect
    with util.safe_reraise():
         ~~~~~~~~~~~~~~~~~^^
  File "/usr/local/lib/python3.14/site-packages/sqlalchemy/util/langhelpers.py", line 166, in __exit__
    raise exc_value.with_traceback(exc_tb)
  File "/usr/local/lib/python3.14/site-packages/sqlalchemy/pool/base.py", line 902, in __connect
    self.dbapi_connection = connection = pool._invoke_creator(self)
                                         ~~~~~~~~~~~~~~~~~~~~^^^^^^
  File "/usr/local/lib/python3.14/site-packages/sqlalchemy/engine/create.py", line 645, in connect
    return dialect.connect(*cargs_tup, **cparams)
           ~~~~~~~~~~~~~~~^^^^^^^^^^^^^^^^^^^^^^^
  File "/usr/local/lib/python3.14/site-packages/sqlalchemy/engine/default.py", line 869, in connect
    return self.loaded_dbapi.connect(*cargs, **cparams)  # type: ignore[no-any-return]  # NOQA: E501
           ~~~~~~~~~~~~~~~~~~~~~~~~~^^^^^^^^^^^^^^^^^^^
  File "/usr/local/lib/python3.14/site-packages/psycopg2/__init__.py", line 122, in connect
    conn = _connect(dsn, connection_factory=connection_factory, **kwasync)
psycopg2.OperationalError: connection to server at "db" (172.18.0.2), port 5432 failed: FATAL:  password authentication failed for user "weatherflow"


The above exception was the direct cause of the following exception:

Traceback (most recent call last):
  File "/app/pipeline/main.py", line 47, in main
    load_postgresql(geocoding_df, geocoding_table, if_exists="replace")
    ~~~~~~~~~~~~~~~^^^^^^^^^^^^^^^^^^^^^^^^^^^^^^^^^^^^^^^^^^^^^^^^^^^^
  File "/app/pipeline/loaded/load_postresql.py", line 324, in load_postgresql
    with engine.begin() as connection:
         ~~~~~~~~~~~~^^
  File "/usr/local/lib/python3.14/contextlib.py", line 141, in __enter__
    return next(self.gen)
  File "/usr/local/lib/python3.14/site-packages/sqlalchemy/engine/base.py", line 3224, in begin
    with self.connect() as conn:
         ~~~~~~~~~~~~^^
  File "/usr/local/lib/python3.14/site-packages/sqlalchemy/engine/base.py", line 3260, in connect
    return self._connection_cls(self)
           ~~~~~~~~~~~~~~~~~~~~^^^^^^
  File "/usr/local/lib/python3.14/site-packages/sqlalchemy/engine/base.py", line 151, in __init__
    Connection._handle_dbapi_exception_noconnection(
    ~~~~~~~~~~~~~~~~~~~~~~~~~~~~~~~~~~~~~~~~~~~~~~~^
        err, dialect, engine
        ^^^^^^^^^^^^^^^^^^^^
    )
    ^
  File "/usr/local/lib/python3.14/site-packages/sqlalchemy/engine/base.py", line 2417, in _handle_dbapi_exception_noconnection
    raise sqlalchemy_exception.with_traceback(exc_info[2]) from e
  File "/usr/local/lib/python3.14/site-packages/sqlalchemy/engine/base.py", line 149, in __init__
    self._dbapi_connection = engine.raw_connection()
                             ~~~~~~~~~~~~~~~~~~~~~^^
  File "/usr/local/lib/python3.14/site-packages/sqlalchemy/engine/base.py", line 3284, in raw_connection
    return self.pool.connect()
           ~~~~~~~~~~~~~~~~~^^
  File "/usr/local/lib/python3.14/site-packages/sqlalchemy/pool/base.py", line 445, in connect
    return _ConnectionFairy._checkout(self)
           ~~~~~~~~~~~~~~~~~~~~~~~~~~^^^^^^
  File "/usr/local/lib/python3.14/site-packages/sqlalchemy/pool/base.py", line 1303, in _checkout
    fairy = _ConnectionRecord.checkout(pool)
  File "/usr/local/lib/python3.14/site-packages/sqlalchemy/pool/base.py", line 709, in checkout
    rec = pool._do_get()
  File "/usr/local/lib/python3.14/site-packages/sqlalchemy/pool/impl.py", line 176, in _do_get
    with util.safe_reraise():
         ~~~~~~~~~~~~~~~~~^^
  File "/usr/local/lib/python3.14/site-packages/sqlalchemy/util/langhelpers.py", line 166, in __exit__
    raise exc_value.with_traceback(exc_tb)
  File "/usr/local/lib/python3.14/site-packages/sqlalchemy/pool/impl.py", line 174, in _do_get
    return self._create_connection()
           ~~~~~~~~~~~~~~~~~~~~~~~^^
  File "/usr/local/lib/python3.14/site-packages/sqlalchemy/pool/base.py", line 386, in _create_connection
    return _ConnectionRecord(self)
  File "/usr/local/lib/python3.14/site-packages/sqlalchemy/pool/base.py", line 671, in __init__
    self.__connect()
    ~~~~~~~~~~~~~~^^
  File "/usr/local/lib/python3.14/site-packages/sqlalchemy/pool/base.py", line 906, in __connect
    with util.safe_reraise():
         ~~~~~~~~~~~~~~~~~^^
  File "/usr/local/lib/python3.14/site-packages/sqlalchemy/util/langhelpers.py", line 166, in __exit__
    raise exc_value.with_traceback(exc_tb)
  File "/usr/local/lib/python3.14/site-packages/sqlalchemy/pool/base.py", line 902, in __connect
    self.dbapi_connection = connection = pool._invoke_creator(self)
                                         ~~~~~~~~~~~~~~~~~~~~^^^^^^
  File "/usr/local/lib/python3.14/site-packages/sqlalchemy/engine/create.py", line 645, in connect
    return dialect.connect(*cargs_tup, **cparams)
           ~~~~~~~~~~~~~~~^^^^^^^^^^^^^^^^^^^^^^^
  File "/usr/local/lib/python3.14/site-packages/sqlalchemy/engine/default.py", line 869, in connect
    return self.loaded_dbapi.connect(*cargs, **cparams)  # type: ignore[no-any-return]  # NOQA: E501
           ~~~~~~~~~~~~~~~~~~~~~~~~~^^^^^^^^^^^^^^^^^^^
  File "/usr/local/lib/python3.14/site-packages/psycopg2/__init__.py", line 122, in connect
    conn = _connect(dsn, connection_factory=connection_factory, **kwasync)
sqlalchemy.exc.OperationalError: (psycopg2.OperationalError) connection to server at "db" (172.18.0.2), port 5432 failed: FATAL:  password authentication failed for user "weatherflow"

(Background on this error at: https://sqlalche.me/e/21/e3q8)
2026-10-07 10:27:14,308 | INFO | __main__ | Processing city: Baguio
2026-10-07 10:27:14,535 | INFO | __main__ | Geocoding extracted for Baguio
2026-10-07 10:27:14,580 | ERROR | __main__ | Failed to process city: Baguio
Traceback (most recent call last):
  File "/usr/local/lib/python3.14/site-packages/sqlalchemy/engine/base.py", line 149, in __init__
    self._dbapi_connection = engine.raw_connection()
                             ~~~~~~~~~~~~~~~~~~~~~^^
  File "/usr/local/lib/python3.14/site-packages/sqlalchemy/engine/base.py", line 3284, in raw_connection
    return self.pool.connect()
           ~~~~~~~~~~~~~~~~~^^
  File "/usr/local/lib/python3.14/site-packages/sqlalchemy/pool/base.py", line 445, in connect
    return _ConnectionFairy._checkout(self)
           ~~~~~~~~~~~~~~~~~~~~~~~~~~^^^^^^
  File "/usr/local/lib/python3.14/site-packages/sqlalchemy/pool/base.py", line 1303, in _checkout
    fairy = _ConnectionRecord.checkout(pool)
  File "/usr/local/lib/python3.14/site-packages/sqlalchemy/pool/base.py", line 709, in checkout
    rec = pool._do_get()
  File "/usr/local/lib/python3.14/site-packages/sqlalchemy/pool/impl.py", line 176, in _do_get
    with util.safe_reraise():
         ~~~~~~~~~~~~~~~~~^^
  File "/usr/local/lib/python3.14/site-packages/sqlalchemy/util/langhelpers.py", line 166, in __exit__
    raise exc_value.with_traceback(exc_tb)
  File "/usr/local/lib/python3.14/site-packages/sqlalchemy/pool/impl.py", line 174, in _do_get
    return self._create_connection()
           ~~~~~~~~~~~~~~~~~~~~~~~^^
  File "/usr/local/lib/python3.14/site-packages/sqlalchemy/pool/base.py", line 386, in _create_connection
    return _ConnectionRecord(self)
  File "/usr/local/lib/python3.14/site-packages/sqlalchemy/pool/base.py", line 671, in __init__
    self.__connect()
    ~~~~~~~~~~~~~~^^
  File "/usr/local/lib/python3.14/site-packages/sqlalchemy/pool/base.py", line 906, in __connect
    with util.safe_reraise():
         ~~~~~~~~~~~~~~~~~^^
  File "/usr/local/lib/python3.14/site-packages/sqlalchemy/util/langhelpers.py", line 166, in __exit__
    raise exc_value.with_traceback(exc_tb)
  File "/usr/local/lib/python3.14/site-packages/sqlalchemy/pool/base.py", line 902, in __connect
    self.dbapi_connection = connection = pool._invoke_creator(self)
                                         ~~~~~~~~~~~~~~~~~~~~^^^^^^
  File "/usr/local/lib/python3.14/site-packages/sqlalchemy/engine/create.py", line 645, in connect
    return dialect.connect(*cargs_tup, **cparams)
           ~~~~~~~~~~~~~~~^^^^^^^^^^^^^^^^^^^^^^^
  File "/usr/local/lib/python3.14/site-packages/sqlalchemy/engine/default.py", line 869, in connect
    return self.loaded_dbapi.connect(*cargs, **cparams)  # type: ignore[no-any-return]  # NOQA: E501
           ~~~~~~~~~~~~~~~~~~~~~~~~~^^^^^^^^^^^^^^^^^^^
  File "/usr/local/lib/python3.14/site-packages/psycopg2/__init__.py", line 122, in connect
    conn = _connect(dsn, connection_factory=connection_factory, **kwasync)
psycopg2.OperationalError: connection to server at "db" (172.18.0.2), port 5432 failed: FATAL:  password authentication failed for user "weatherflow"


The above exception was the direct cause of the following exception:

Traceback (most recent call last):
  File "/app/pipeline/main.py", line 47, in main
    load_postgresql(geocoding_df, geocoding_table, if_exists="replace")
    ~~~~~~~~~~~~~~~^^^^^^^^^^^^^^^^^^^^^^^^^^^^^^^^^^^^^^^^^^^^^^^^^^^^
  File "/app/pipeline/loaded/load_postresql.py", line 324, in load_postgresql
    with engine.begin() as connection:
         ~~~~~~~~~~~~^^
  File "/usr/local/lib/python3.14/contextlib.py", line 141, in __enter__
    return next(self.gen)
  File "/usr/local/lib/python3.14/site-packages/sqlalchemy/engine/base.py", line 3224, in begin
    with self.connect() as conn:
         ~~~~~~~~~~~~^^
  File "/usr/local/lib/python3.14/site-packages/sqlalchemy/engine/base.py", line 3260, in connect
    return self._connection_cls(self)
           ~~~~~~~~~~~~~~~~~~~~^^^^^^
  File "/usr/local/lib/python3.14/site-packages/sqlalchemy/engine/base.py", line 151, in __init__
    Connection._handle_dbapi_exception_noconnection(
    ~~~~~~~~~~~~~~~~~~~~~~~~~~~~~~~~~~~~~~~~~~~~~~~^
        err, dialect, engine
        ^^^^^^^^^^^^^^^^^^^^
    )
    ^
  File "/usr/local/lib/python3.14/site-packages/sqlalchemy/engine/base.py", line 2417, in _handle_dbapi_exception_noconnection
    raise sqlalchemy_exception.with_traceback(exc_info[2]) from e
  File "/usr/local/lib/python3.14/site-packages/sqlalchemy/engine/base.py", line 149, in __init__
    self._dbapi_connection = engine.raw_connection()
                             ~~~~~~~~~~~~~~~~~~~~~^^
  File "/usr/local/lib/python3.14/site-packages/sqlalchemy/engine/base.py", line 3284, in raw_connection
    return self.pool.connect()
           ~~~~~~~~~~~~~~~~~^^
  File "/usr/local/lib/python3.14/site-packages/sqlalchemy/pool/base.py", line 445, in connect
    return _ConnectionFairy._checkout(self)
           ~~~~~~~~~~~~~~~~~~~~~~~~~~^^^^^^
  File "/usr/local/lib/python3.14/site-packages/sqlalchemy/pool/base.py", line 1303, in _checkout
    fairy = _ConnectionRecord.checkout(pool)
  File "/usr/local/lib/python3.14/site-packages/sqlalchemy/pool/base.py", line 709, in checkout
    rec = pool._do_get()
  File "/usr/local/lib/python3.14/site-packages/sqlalchemy/pool/impl.py", line 176, in _do_get
    with util.safe_reraise():
         ~~~~~~~~~~~~~~~~~^^
  File "/usr/local/lib/python3.14/site-packages/sqlalchemy/util/langhelpers.py", line 166, in __exit__
    raise exc_value.with_traceback(exc_tb)
  File "/usr/local/lib/python3.14/site-packages/sqlalchemy/pool/impl.py", line 174, in _do_get
    return self._create_connection()
           ~~~~~~~~~~~~~~~~~~~~~~~^^
  File "/usr/local/lib/python3.14/site-packages/sqlalchemy/pool/base.py", line 386, in _create_connection
    return _ConnectionRecord(self)
  File "/usr/local/lib/python3.14/site-packages/sqlalchemy/pool/base.py", line 671, in __init__
    self.__connect()
    ~~~~~~~~~~~~~~^^
  File "/usr/local/lib/python3.14/site-packages/sqlalchemy/pool/base.py", line 906, in __connect
    with util.safe_reraise():
         ~~~~~~~~~~~~~~~~~^^
  File "/usr/local/lib/python3.14/site-packages/sqlalchemy/util/langhelpers.py", line 166, in __exit__
    raise exc_value.with_traceback(exc_tb)
  File "/usr/local/lib/python3.14/site-packages/sqlalchemy/pool/base.py", line 902, in __connect
    self.dbapi_connection = connection = pool._invoke_creator(self)
                                         ~~~~~~~~~~~~~~~~~~~~^^^^^^
  File "/usr/local/lib/python3.14/site-packages/sqlalchemy/engine/create.py", line 645, in connect
    return dialect.connect(*cargs_tup, **cparams)
           ~~~~~~~~~~~~~~~^^^^^^^^^^^^^^^^^^^^^^^
  File "/usr/local/lib/python3.14/site-packages/sqlalchemy/engine/default.py", line 869, in connect
    return self.loaded_dbapi.connect(*cargs, **cparams)  # type: ignore[no-any-return]  # NOQA: E501
           ~~~~~~~~~~~~~~~~~~~~~~~~~^^^^^^^^^^^^^^^^^^^
  File "/usr/local/lib/python3.14/site-packages/psycopg2/__init__.py", line 122, in connect
    conn = _connect(dsn, connection_factory=connection_factory, **kwasync)
sqlalchemy.exc.OperationalError: (psycopg2.OperationalError) connection to server at "db" (172.18.0.2), port 5432 failed: FATAL:  password authentication failed for user "weatherflow"

(Background on this error at: https://sqlalche.me/e/21/e3q8)
2026-10-07 10:27:14,594 | INFO | __main__ | Processing city: Iloilo City
2026-10-07 10:27:14,949 | INFO | __main__ | Geocoding extracted for Iloilo City
2026-10-07 10:27:14,976 | ERROR | __main__ | Failed to process city: Iloilo City
Traceback (most recent call last):
  File "/usr/local/lib/python3.14/site-packages/sqlalchemy/engine/base.py", line 149, in __init__
    self._dbapi_connection = engine.raw_connection()
                             ~~~~~~~~~~~~~~~~~~~~~^^
  File "/usr/local/lib/python3.14/site-packages/sqlalchemy/engine/base.py", line 3284, in raw_connection
    return self.pool.connect()
           ~~~~~~~~~~~~~~~~~^^
  File "/usr/local/lib/python3.14/site-packages/sqlalchemy/pool/base.py", line 445, in connect
    return _ConnectionFairy._checkout(self)
           ~~~~~~~~~~~~~~~~~~~~~~~~~~^^^^^^
  File "/usr/local/lib/python3.14/site-packages/sqlalchemy/pool/base.py", line 1303, in _checkout
    fairy = _ConnectionRecord.checkout(pool)
  File "/usr/local/lib/python3.14/site-packages/sqlalchemy/pool/base.py", line 709, in checkout
    rec = pool._do_get()
  File "/usr/local/lib/python3.14/site-packages/sqlalchemy/pool/impl.py", line 176, in _do_get
    with util.safe_reraise():
         ~~~~~~~~~~~~~~~~~^^
  File "/usr/local/lib/python3.14/site-packages/sqlalchemy/util/langhelpers.py", line 166, in __exit__
    raise exc_value.with_traceback(exc_tb)
  File "/usr/local/lib/python3.14/site-packages/sqlalchemy/pool/impl.py", line 174, in _do_get
    return self._create_connection()
           ~~~~~~~~~~~~~~~~~~~~~~~^^
  File "/usr/local/lib/python3.14/site-packages/sqlalchemy/pool/base.py", line 386, in _create_connection
    return _ConnectionRecord(self)
  File "/usr/local/lib/python3.14/site-packages/sqlalchemy/pool/base.py", line 671, in __init__
    self.__connect()
    ~~~~~~~~~~~~~~^^
  File "/usr/local/lib/python3.14/site-packages/sqlalchemy/pool/base.py", line 906, in __connect
    with util.safe_reraise():
         ~~~~~~~~~~~~~~~~~^^
  File "/usr/local/lib/python3.14/site-packages/sqlalchemy/util/langhelpers.py", line 166, in __exit__
    raise exc_value.with_traceback(exc_tb)
  File "/usr/local/lib/python3.14/site-packages/sqlalchemy/pool/base.py", line 902, in __connect
    self.dbapi_connection = connection = pool._invoke_creator(self)
                                         ~~~~~~~~~~~~~~~~~~~~^^^^^^
  File "/usr/local/lib/python3.14/site-packages/sqlalchemy/engine/create.py", line 645, in connect
    return dialect.connect(*cargs_tup, **cparams)
           ~~~~~~~~~~~~~~~^^^^^^^^^^^^^^^^^^^^^^^
  File "/usr/local/lib/python3.14/site-packages/sqlalchemy/engine/default.py", line 869, in connect
    return self.loaded_dbapi.connect(*cargs, **cparams)  # type: ignore[no-any-return]  # NOQA: E501
           ~~~~~~~~~~~~~~~~~~~~~~~~~^^^^^^^^^^^^^^^^^^^
  File "/usr/local/lib/python3.14/site-packages/psycopg2/__init__.py", line 122, in connect
    conn = _connect(dsn, connection_factory=connection_factory, **kwasync)
psycopg2.OperationalError: connection to server at "db" (172.18.0.2), port 5432 failed: FATAL:  password authentication failed for user "weatherflow"


The above exception was the direct cause of the following exception:

Traceback (most recent call last):
  File "/app/pipeline/main.py", line 47, in main
    load_postgresql(geocoding_df, geocoding_table, if_exists="replace")
    ~~~~~~~~~~~~~~~^^^^^^^^^^^^^^^^^^^^^^^^^^^^^^^^^^^^^^^^^^^^^^^^^^^^
  File "/app/pipeline/loaded/load_postresql.py", line 324, in load_postgresql
    with engine.begin() as connection:
         ~~~~~~~~~~~~^^
  File "/usr/local/lib/python3.14/contextlib.py", line 141, in __enter__
    return next(self.gen)
  File "/usr/local/lib/python3.14/site-packages/sqlalchemy/engine/base.py", line 3224, in begin
    with self.connect() as conn:
         ~~~~~~~~~~~~^^
  File "/usr/local/lib/python3.14/site-packages/sqlalchemy/engine/base.py", line 3260, in connect
    return self._connection_cls(self)
           ~~~~~~~~~~~~~~~~~~~~^^^^^^
  File "/usr/local/lib/python3.14/site-packages/sqlalchemy/engine/base.py", line 151, in __init__
    Connection._handle_dbapi_exception_noconnection(
    ~~~~~~~~~~~~~~~~~~~~~~~~~~~~~~~~~~~~~~~~~~~~~~~^
        err, dialect, engine
        ^^^^^^^^^^^^^^^^^^^^
    )
    ^
  File "/usr/local/lib/python3.14/site-packages/sqlalchemy/engine/base.py", line 2417, in _handle_dbapi_exception_noconnection
    raise sqlalchemy_exception.with_traceback(exc_info[2]) from e
  File "/usr/local/lib/python3.14/site-packages/sqlalchemy/engine/base.py", line 149, in __init__
    self._dbapi_connection = engine.raw_connection()
                             ~~~~~~~~~~~~~~~~~~~~~^^
  File "/usr/local/lib/python3.14/site-packages/sqlalchemy/engine/base.py", line 3284, in raw_connection
    return self.pool.connect()
           ~~~~~~~~~~~~~~~~~^^
  File "/usr/local/lib/python3.14/site-packages/sqlalchemy/pool/base.py", line 445, in connect
    return _ConnectionFairy._checkout(self)
           ~~~~~~~~~~~~~~~~~~~~~~~~~~^^^^^^
  File "/usr/local/lib/python3.14/site-packages/sqlalchemy/pool/base.py", line 1303, in _checkout
    fairy = _ConnectionRecord.checkout(pool)
  File "/usr/local/lib/python3.14/site-packages/sqlalchemy/pool/base.py", line 709, in checkout
    rec = pool._do_get()
  File "/usr/local/lib/python3.14/site-packages/sqlalchemy/pool/impl.py", line 176, in _do_get
    with util.safe_reraise():
         ~~~~~~~~~~~~~~~~~^^
  File "/usr/local/lib/python3.14/site-packages/sqlalchemy/util/langhelpers.py", line 166, in __exit__
    raise exc_value.with_traceback(exc_tb)
  File "/usr/local/lib/python3.14/site-packages/sqlalchemy/pool/impl.py", line 174, in _do_get
    return self._create_connection()
           ~~~~~~~~~~~~~~~~~~~~~~~^^
  File "/usr/local/lib/python3.14/site-packages/sqlalchemy/pool/base.py", line 386, in _create_connection
    return _ConnectionRecord(self)
  File "/usr/local/lib/python3.14/site-packages/sqlalchemy/pool/base.py", line 671, in __init__
    self.__connect()
    ~~~~~~~~~~~~~~^^
  File "/usr/local/lib/python3.14/site-packages/sqlalchemy/pool/base.py", line 906, in __connect
    with util.safe_reraise():
         ~~~~~~~~~~~~~~~~~^^
  File "/usr/local/lib/python3.14/site-packages/sqlalchemy/util/langhelpers.py", line 166, in __exit__
    raise exc_value.with_traceback(exc_tb)
  File "/usr/local/lib/python3.14/site-packages/sqlalchemy/pool/base.py", line 902, in __connect
    self.dbapi_connection = connection = pool._invoke_creator(self)
                                         ~~~~~~~~~~~~~~~~~~~~^^^^^^
  File "/usr/local/lib/python3.14/site-packages/sqlalchemy/engine/create.py", line 645, in connect
    return dialect.connect(*cargs_tup, **cparams)
           ~~~~~~~~~~~~~~~^^^^^^^^^^^^^^^^^^^^^^^
  File "/usr/local/lib/python3.14/site-packages/sqlalchemy/engine/default.py", line 869, in connect
    return self.loaded_dbapi.connect(*cargs, **cparams)  # type: ignore[no-any-return]  # NOQA: E501
           ~~~~~~~~~~~~~~~~~~~~~~~~~^^^^^^^^^^^^^^^^^^^
  File "/usr/local/lib/python3.14/site-packages/psycopg2/__init__.py", line 122, in connect
    conn = _connect(dsn, connection_factory=connection_factory, **kwasync)
sqlalchemy.exc.OperationalError: (psycopg2.OperationalError) connection to server at "db" (172.18.0.2), port 5432 failed: FATAL:  password authentication failed for user "weatherflow"

(Background on this error at: https://sqlalche.me/e/21/e3q8)
2026-10-07 10:27:14,993 | INFO | __main__ | Processing city: Cagayan de Oro
2026-10-07 10:27:15,235 | INFO | __main__ | Geocoding extracted for Cagayan de Oro
2026-10-07 10:27:15,264 | ERROR | __main__ | Failed to process city: Cagayan de Oro
Traceback (most recent call last):
  File "/usr/local/lib/python3.14/site-packages/sqlalchemy/engine/base.py", line 149, in __init__
    self._dbapi_connection = engine.raw_connection()
                             ~~~~~~~~~~~~~~~~~~~~~^^
  File "/usr/local/lib/python3.14/site-packages/sqlalchemy/engine/base.py", line 3284, in raw_connection
    return self.pool.connect()
           ~~~~~~~~~~~~~~~~~^^
  File "/usr/local/lib/python3.14/site-packages/sqlalchemy/pool/base.py", line 445, in connect
    return _ConnectionFairy._checkout(self)
           ~~~~~~~~~~~~~~~~~~~~~~~~~~^^^^^^
  File "/usr/local/lib/python3.14/site-packages/sqlalchemy/pool/base.py", line 1303, in _checkout
    fairy = _ConnectionRecord.checkout(pool)
  File "/usr/local/lib/python3.14/site-packages/sqlalchemy/pool/base.py", line 709, in checkout
    rec = pool._do_get()
  File "/usr/local/lib/python3.14/site-packages/sqlalchemy/pool/impl.py", line 176, in _do_get
    with util.safe_reraise():
         ~~~~~~~~~~~~~~~~~^^
  File "/usr/local/lib/python3.14/site-packages/sqlalchemy/util/langhelpers.py", line 166, in __exit__
    raise exc_value.with_traceback(exc_tb)
  File "/usr/local/lib/python3.14/site-packages/sqlalchemy/pool/impl.py", line 174, in _do_get
    return self._create_connection()
           ~~~~~~~~~~~~~~~~~~~~~~~^^
  File "/usr/local/lib/python3.14/site-packages/sqlalchemy/pool/base.py", line 386, in _create_connection
    return _ConnectionRecord(self)
  File "/usr/local/lib/python3.14/site-packages/sqlalchemy/pool/base.py", line 671, in __init__
    self.__connect()
    ~~~~~~~~~~~~~~^^
  File "/usr/local/lib/python3.14/site-packages/sqlalchemy/pool/base.py", line 906, in __connect
    with util.safe_reraise():
         ~~~~~~~~~~~~~~~~~^^
  File "/usr/local/lib/python3.14/site-packages/sqlalchemy/util/langhelpers.py", line 166, in __exit__
    raise exc_value.with_traceback(exc_tb)
  File "/usr/local/lib/python3.14/site-packages/sqlalchemy/pool/base.py", line 902, in __connect
    self.dbapi_connection = connection = pool._invoke_creator(self)
                                         ~~~~~~~~~~~~~~~~~~~~^^^^^^
  File "/usr/local/lib/python3.14/site-packages/sqlalchemy/engine/create.py", line 645, in connect
    return dialect.connect(*cargs_tup, **cparams)
           ~~~~~~~~~~~~~~~^^^^^^^^^^^^^^^^^^^^^^^
  File "/usr/local/lib/python3.14/site-packages/sqlalchemy/engine/default.py", line 869, in connect
    return self.loaded_dbapi.connect(*cargs, **cparams)  # type: ignore[no-any-return]  # NOQA: E501
           ~~~~~~~~~~~~~~~~~~~~~~~~~^^^^^^^^^^^^^^^^^^^
  File "/usr/local/lib/python3.14/site-packages/psycopg2/__init__.py", line 122, in connect
    conn = _connect(dsn, connection_factory=connection_factory, **kwasync)
psycopg2.OperationalError: connection to server at "db" (172.18.0.2), port 5432 failed: FATAL:  password authentication failed for user "weatherflow"


The above exception was the direct cause of the following exception:

Traceback (most recent call last):
  File "/app/pipeline/main.py", line 47, in main
    load_postgresql(geocoding_df, geocoding_table, if_exists="replace")
    ~~~~~~~~~~~~~~~^^^^^^^^^^^^^^^^^^^^^^^^^^^^^^^^^^^^^^^^^^^^^^^^^^^^
  File "/app/pipeline/loaded/load_postresql.py", line 324, in load_postgresql
    with engine.begin() as connection:
         ~~~~~~~~~~~~^^
  File "/usr/local/lib/python3.14/contextlib.py", line 141, in __enter__
    return next(self.gen)
  File "/usr/local/lib/python3.14/site-packages/sqlalchemy/engine/base.py", line 3224, in begin
    with self.connect() as conn:
         ~~~~~~~~~~~~^^
  File "/usr/local/lib/python3.14/site-packages/sqlalchemy/engine/base.py", line 3260, in connect
    return self._connection_cls(self)
           ~~~~~~~~~~~~~~~~~~~~^^^^^^
  File "/usr/local/lib/python3.14/site-packages/sqlalchemy/engine/base.py", line 151, in __init__
    Connection._handle_dbapi_exception_noconnection(
    ~~~~~~~~~~~~~~~~~~~~~~~~~~~~~~~~~~~~~~~~~~~~~~~^
        err, dialect, engine
        ^^^^^^^^^^^^^^^^^^^^
    )
    ^
  File "/usr/local/lib/python3.14/site-packages/sqlalchemy/engine/base.py", line 2417, in _handle_dbapi_exception_noconnection
    raise sqlalchemy_exception.with_traceback(exc_info[2]) from e
  File "/usr/local/lib/python3.14/site-packages/sqlalchemy/engine/base.py", line 149, in __init__
    self._dbapi_connection = engine.raw_connection()
                             ~~~~~~~~~~~~~~~~~~~~~^^
  File "/usr/local/lib/python3.14/site-packages/sqlalchemy/engine/base.py", line 3284, in raw_connection
    return self.pool.connect()
           ~~~~~~~~~~~~~~~~~^^
  File "/usr/local/lib/python3.14/site-packages/sqlalchemy/pool/base.py", line 445, in connect
    return _ConnectionFairy._checkout(self)
           ~~~~~~~~~~~~~~~~~~~~~~~~~~^^^^^^
  File "/usr/local/lib/python3.14/site-packages/sqlalchemy/pool/base.py", line 1303, in _checkout
    fairy = _ConnectionRecord.checkout(pool)
  File "/usr/local/lib/python3.14/site-packages/sqlalchemy/pool/base.py", line 709, in checkout
    rec = pool._do_get()
  File "/usr/local/lib/python3.14/site-packages/sqlalchemy/pool/impl.py", line 176, in _do_get
    with util.safe_reraise():
         ~~~~~~~~~~~~~~~~~^^
  File "/usr/local/lib/python3.14/site-packages/sqlalchemy/util/langhelpers.py", line 166, in __exit__
    raise exc_value.with_traceback(exc_tb)
  File "/usr/local/lib/python3.14/site-packages/sqlalchemy/pool/impl.py", line 174, in _do_get
    return self._create_connection()
           ~~~~~~~~~~~~~~~~~~~~~~~^^
  File "/usr/local/lib/python3.14/site-packages/sqlalchemy/pool/base.py", line 386, in _create_connection
    return _ConnectionRecord(self)
  File "/usr/local/lib/python3.14/site-packages/sqlalchemy/pool/base.py", line 671, in __init__
    self.__connect()
    ~~~~~~~~~~~~~~^^
  File "/usr/local/lib/python3.14/site-packages/sqlalchemy/pool/base.py", line 906, in __connect
    with util.safe_reraise():
         ~~~~~~~~~~~~~~~~~^^
  File "/usr/local/lib/python3.14/site-packages/sqlalchemy/util/langhelpers.py", line 166, in __exit__
    raise exc_value.with_traceback(exc_tb)
  File "/usr/local/lib/python3.14/site-packages/sqlalchemy/pool/base.py", line 902, in __connect
    self.dbapi_connection = connection = pool._invoke_creator(self)
                                         ~~~~~~~~~~~~~~~~~~~~^^^^^^
  File "/usr/local/lib/python3.14/site-packages/sqlalchemy/engine/create.py", line 645, in connect
    return dialect.connect(*cargs_tup, **cparams)
           ~~~~~~~~~~~~~~~^^^^^^^^^^^^^^^^^^^^^^^
  File "/usr/local/lib/python3.14/site-packages/sqlalchemy/engine/default.py", line 869, in connect
    return self.loaded_dbapi.connect(*cargs, **cparams)  # type: ignore[no-any-return]  # NOQA: E501
           ~~~~~~~~~~~~~~~~~~~~~~~~~^^^^^^^^^^^^^^^^^^^
  File "/usr/local/lib/python3.14/site-packages/psycopg2/__init__.py", line 122, in connect
    conn = _connect(dsn, connection_factory=connection_factory, **kwasync)
sqlalchemy.exc.OperationalError: (psycopg2.OperationalError) connection to server at "db" (172.18.0.2), port 5432 failed: FATAL:  password authentication failed for user "weatherflow"

(Background on this error at: https://sqlalche.me/e/21/e3q8)
2026-10-07 10:27:15,274 | INFO | __main__ | Processing city: Zamboanga City
2026-10-07 10:27:15,486 | INFO | __main__ | Geocoding extracted for Zamboanga City
2026-10-07 10:27:15,530 | ERROR | __main__ | Failed to process city: Zamboanga City
Traceback (most recent call last):
  File "/usr/local/lib/python3.14/site-packages/sqlalchemy/engine/base.py", line 149, in __init__
    self._dbapi_connection = engine.raw_connection()
                             ~~~~~~~~~~~~~~~~~~~~~^^
  File "/usr/local/lib/python3.14/site-packages/sqlalchemy/engine/base.py", line 3284, in raw_connection
    return self.pool.connect()
           ~~~~~~~~~~~~~~~~~^^
  File "/usr/local/lib/python3.14/site-packages/sqlalchemy/pool/base.py", line 445, in connect
    return _ConnectionFairy._checkout(self)
           ~~~~~~~~~~~~~~~~~~~~~~~~~~^^^^^^
  File "/usr/local/lib/python3.14/site-packages/sqlalchemy/pool/base.py", line 1303, in _checkout
    fairy = _ConnectionRecord.checkout(pool)
  File "/usr/local/lib/python3.14/site-packages/sqlalchemy/pool/base.py", line 709, in checkout
    rec = pool._do_get()
  File "/usr/local/lib/python3.14/site-packages/sqlalchemy/pool/impl.py", line 176, in _do_get
    with util.safe_reraise():
         ~~~~~~~~~~~~~~~~~^^
  File "/usr/local/lib/python3.14/site-packages/sqlalchemy/util/langhelpers.py", line 166, in __exit__
    raise exc_value.with_traceback(exc_tb)
  File "/usr/local/lib/python3.14/site-packages/sqlalchemy/pool/impl.py", line 174, in _do_get
    return self._create_connection()
           ~~~~~~~~~~~~~~~~~~~~~~~^^
  File "/usr/local/lib/python3.14/site-packages/sqlalchemy/pool/base.py", line 386, in _create_connection
    return _ConnectionRecord(self)
  File "/usr/local/lib/python3.14/site-packages/sqlalchemy/pool/base.py", line 671, in __init__
    self.__connect()
    ~~~~~~~~~~~~~~^^
  File "/usr/local/lib/python3.14/site-packages/sqlalchemy/pool/base.py", line 906, in __connect
    with util.safe_reraise():
         ~~~~~~~~~~~~~~~~~^^
  File "/usr/local/lib/python3.14/site-packages/sqlalchemy/util/langhelpers.py", line 166, in __exit__
    raise exc_value.with_traceback(exc_tb)
  File "/usr/local/lib/python3.14/site-packages/sqlalchemy/pool/base.py", line 902, in __connect
    self.dbapi_connection = connection = pool._invoke_creator(self)
                                         ~~~~~~~~~~~~~~~~~~~~^^^^^^
  File "/usr/local/lib/python3.14/site-packages/sqlalchemy/engine/create.py", line 645, in connect
    return dialect.connect(*cargs_tup, **cparams)
           ~~~~~~~~~~~~~~~^^^^^^^^^^^^^^^^^^^^^^^
  File "/usr/local/lib/python3.14/site-packages/sqlalchemy/engine/default.py", line 869, in connect
    return self.loaded_dbapi.connect(*cargs, **cparams)  # type: ignore[no-any-return]  # NOQA: E501
           ~~~~~~~~~~~~~~~~~~~~~~~~~^^^^^^^^^^^^^^^^^^^
  File "/usr/local/lib/python3.14/site-packages/psycopg2/__init__.py", line 122, in connect
    conn = _connect(dsn, connection_factory=connection_factory, **kwasync)
psycopg2.OperationalError: connection to server at "db" (172.18.0.2), port 5432 failed: FATAL:  password authentication failed for user "weatherflow"


The above exception was the direct cause of the following exception:

Traceback (most recent call last):
  File "/app/pipeline/main.py", line 47, in main
    load_postgresql(geocoding_df, geocoding_table, if_exists="replace")
    ~~~~~~~~~~~~~~~^^^^^^^^^^^^^^^^^^^^^^^^^^^^^^^^^^^^^^^^^^^^^^^^^^^^
  File "/app/pipeline/loaded/load_postresql.py", line 324, in load_postgresql
    with engine.begin() as connection:
         ~~~~~~~~~~~~^^
  File "/usr/local/lib/python3.14/contextlib.py", line 141, in __enter__
    return next(self.gen)
  File "/usr/local/lib/python3.14/site-packages/sqlalchemy/engine/base.py", line 3224, in begin
    with self.connect() as conn:
         ~~~~~~~~~~~~^^
  File "/usr/local/lib/python3.14/site-packages/sqlalchemy/engine/base.py", line 3260, in connect
    return self._connection_cls(self)
           ~~~~~~~~~~~~~~~~~~~~^^^^^^
  File "/usr/local/lib/python3.14/site-packages/sqlalchemy/engine/base.py", line 151, in __init__
    Connection._handle_dbapi_exception_noconnection(
    ~~~~~~~~~~~~~~~~~~~~~~~~~~~~~~~~~~~~~~~~~~~~~~~^
        err, dialect, engine
        ^^^^^^^^^^^^^^^^^^^^
    )
    ^
  File "/usr/local/lib/python3.14/site-packages/sqlalchemy/engine/base.py", line 2417, in _handle_dbapi_exception_noconnection
    raise sqlalchemy_exception.with_traceback(exc_info[2]) from e
  File "/usr/local/lib/python3.14/site-packages/sqlalchemy/engine/base.py", line 149, in __init__
    self._dbapi_connection = engine.raw_connection()
                             ~~~~~~~~~~~~~~~~~~~~~^^
  File "/usr/local/lib/python3.14/site-packages/sqlalchemy/engine/base.py", line 3284, in raw_connection
    return self.pool.connect()
           ~~~~~~~~~~~~~~~~~^^
  File "/usr/local/lib/python3.14/site-packages/sqlalchemy/pool/base.py", line 445, in connect
    return _ConnectionFairy._checkout(self)
           ~~~~~~~~~~~~~~~~~~~~~~~~~~^^^^^^
  File "/usr/local/lib/python3.14/site-packages/sqlalchemy/pool/base.py", line 1303, in _checkout
    fairy = _ConnectionRecord.checkout(pool)
  File "/usr/local/lib/python3.14/site-packages/sqlalchemy/pool/base.py", line 709, in checkout
    rec = pool._do_get()
  File "/usr/local/lib/python3.14/site-packages/sqlalchemy/pool/impl.py", line 176, in _do_get
    with util.safe_reraise():
         ~~~~~~~~~~~~~~~~~^^
  File "/usr/local/lib/python3.14/site-packages/sqlalchemy/util/langhelpers.py", line 166, in __exit__
    raise exc_value.with_traceback(exc_tb)
  File "/usr/local/lib/python3.14/site-packages/sqlalchemy/pool/impl.py", line 174, in _do_get
    return self._create_connection()
           ~~~~~~~~~~~~~~~~~~~~~~~^^
  File "/usr/local/lib/python3.14/site-packages/sqlalchemy/pool/base.py", line 386, in _create_connection
    return _ConnectionRecord(self)
  File "/usr/local/lib/python3.14/site-packages/sqlalchemy/pool/base.py", line 671, in __init__
    self.__connect()
    ~~~~~~~~~~~~~~^^
  File "/usr/local/lib/python3.14/site-packages/sqlalchemy/pool/base.py", line 906, in __connect
    with util.safe_reraise():
         ~~~~~~~~~~~~~~~~~^^
  File "/usr/local/lib/python3.14/site-packages/sqlalchemy/util/langhelpers.py", line 166, in __exit__
    raise exc_value.with_traceback(exc_tb)
  File "/usr/local/lib/python3.14/site-packages/sqlalchemy/pool/base.py", line 902, in __connect
    self.dbapi_connection = connection = pool._invoke_creator(self)
                                         ~~~~~~~~~~~~~~~~~~~~^^^^^^
  File "/usr/local/lib/python3.14/site-packages/sqlalchemy/engine/create.py", line 645, in connect
    return dialect.connect(*cargs_tup, **cparams)
           ~~~~~~~~~~~~~~~^^^^^^^^^^^^^^^^^^^^^^^
  File "/usr/local/lib/python3.14/site-packages/sqlalchemy/engine/default.py", line 869, in connect
    return self.loaded_dbapi.connect(*cargs, **cparams)  # type: ignore[no-any-return]  # NOQA: E501
           ~~~~~~~~~~~~~~~~~~~~~~~~~^^^^^^^^^^^^^^^^^^^
  File "/usr/local/lib/python3.14/site-packages/psycopg2/__init__.py", line 122, in connect
    conn = _connect(dsn, connection_factory=connection_factory, **kwasync)
sqlalchemy.exc.OperationalError: (psycopg2.OperationalError) connection to server at "db" (172.18.0.2), port 5432 failed: FATAL:  password authentication failed for user "weatherflow"

(Background on this error at: https://sqlalche.me/e/21/e3q8)
2026-10-07 10:27:15,538 | INFO | __main__ | Weather ingestion completed.
2026-10-07 10:30:35,780 | INFO | __main__ | Starting Weather Ingestion...
2026-10-07 10:30:35,782 | INFO | __main__ | Processing city: Manila
2026-10-07 10:30:36,131 | INFO | __main__ | Geocoding extracted for Manila
2026-10-07 10:30:36,329 | INFO | __main__ | Geocoding loaded for Manila into geocoding_manila
2026-10-07 10:30:36,428 | INFO | __main__ | Raw JSON saved for Manila: /app/data/raw/openweather/manila.json
2026-10-07 10:30:36,440 | INFO | __main__ | Weather data transformed for Manila.
2026-10-07 10:30:36,615 | INFO | __main__ | Parquet saved for Manila: /app/data/parquet/openweather/manila.parquet
2026-10-07 10:30:36,787 | INFO | __main__ | Loaded 11 row(s) for Manila into openweather_manila.
2026-10-07 10:30:36,839 | INFO | __main__ | Checkpoint updated for Manila.
2026-10-07 10:30:36,843 | INFO | __main__ | Processing city: Quezon City
2026-10-07 10:30:37,158 | INFO | __main__ | Geocoding extracted for Quezon City
2026-10-07 10:30:37,274 | INFO | __main__ | Geocoding loaded for Quezon City into geocoding_quezon_city
2026-10-07 10:30:37,330 | INFO | __main__ | Raw JSON saved for Quezon City: /app/data/raw/openweather/quezon_city.json
2026-10-07 10:30:37,334 | INFO | __main__ | Weather data transformed for Quezon City.
2026-10-07 10:30:37,441 | INFO | __main__ | Parquet saved for Quezon City: /app/data/parquet/openweather/quezon_city.parquet
2026-10-07 10:30:37,575 | INFO | __main__ | Loaded 11 row(s) for Quezon City into openweather_quezon_city.
2026-10-07 10:30:37,625 | INFO | __main__ | Checkpoint updated for Quezon City.
2026-10-07 10:30:37,627 | INFO | __main__ | Processing city: Cebu City
2026-10-07 10:30:37,869 | INFO | __main__ | Geocoding extracted for Cebu City
2026-10-07 10:30:37,995 | INFO | __main__ | Geocoding loaded for Cebu City into geocoding_cebu_city
2026-10-07 10:30:38,054 | INFO | __main__ | Raw JSON saved for Cebu City: /app/data/raw/openweather/cebu_city.json
2026-10-07 10:30:38,058 | INFO | __main__ | Weather data transformed for Cebu City.
2026-10-07 10:30:38,203 | INFO | __main__ | Parquet saved for Cebu City: /app/data/parquet/openweather/cebu_city.parquet
2026-10-07 10:30:38,328 | INFO | __main__ | Loaded 11 row(s) for Cebu City into openweather_cebu_city.
2026-10-07 10:30:38,396 | INFO | __main__ | Checkpoint updated for Cebu City.
2026-10-07 10:30:38,399 | INFO | __main__ | Processing city: Davao City
2026-10-07 10:30:38,672 | INFO | __main__ | Geocoding extracted for Davao City
2026-10-07 10:30:38,782 | INFO | __main__ | Geocoding loaded for Davao City into geocoding_davao_city
2026-10-07 10:30:38,849 | INFO | __main__ | Raw JSON saved for Davao City: /app/data/raw/openweather/davao_city.json
2026-10-07 10:30:38,858 | INFO | __main__ | Weather data transformed for Davao City.
2026-10-07 10:30:39,019 | INFO | __main__ | Parquet saved for Davao City: /app/data/parquet/openweather/davao_city.parquet
2026-10-07 10:30:39,257 | INFO | __main__ | Loaded 12 row(s) for Davao City into openweather_davao_city.
2026-10-07 10:30:39,325 | INFO | __main__ | Checkpoint updated for Davao City.
2026-10-07 10:30:39,328 | INFO | __main__ | Processing city: Baguio
2026-10-07 10:30:39,604 | INFO | __main__ | Geocoding extracted for Baguio
2026-10-07 10:30:39,700 | INFO | __main__ | Geocoding loaded for Baguio into geocoding_baguio
2026-10-07 10:30:39,752 | INFO | __main__ | Raw JSON saved for Baguio: /app/data/raw/openweather/baguio.json
2026-10-07 10:30:39,755 | INFO | __main__ | Weather data transformed for Baguio.
2026-10-07 10:30:39,884 | INFO | __main__ | Parquet saved for Baguio: /app/data/parquet/openweather/baguio.parquet
2026-10-07 10:30:40,104 | INFO | __main__ | Loaded 11 row(s) for Baguio into openweather_baguio.
2026-10-07 10:30:40,155 | INFO | __main__ | Checkpoint updated for Baguio.
2026-10-07 10:30:40,157 | INFO | __main__ | Processing city: Iloilo City
2026-10-07 10:30:40,440 | INFO | __main__ | Geocoding extracted for Iloilo City
2026-10-07 10:30:40,557 | INFO | __main__ | Geocoding loaded for Iloilo City into geocoding_iloilo_city
2026-10-07 10:30:40,617 | INFO | __main__ | Raw JSON saved for Iloilo City: /app/data/raw/openweather/iloilo_city.json
2026-10-07 10:30:40,621 | INFO | __main__ | Weather data transformed for Iloilo City.
2026-10-07 10:30:40,768 | INFO | __main__ | Parquet saved for Iloilo City: /app/data/parquet/openweather/iloilo_city.parquet
2026-10-07 10:30:40,892 | INFO | __main__ | Loaded 11 row(s) for Iloilo City into openweather_iloilo_city.
2026-10-07 10:30:40,968 | INFO | __main__ | Checkpoint updated for Iloilo City.
2026-10-07 10:30:40,973 | INFO | __main__ | Processing city: Cagayan de Oro
2026-10-07 10:30:41,288 | INFO | __main__ | Geocoding extracted for Cagayan de Oro
2026-10-07 10:30:41,390 | INFO | __main__ | Geocoding loaded for Cagayan de Oro into geocoding_cagayan_de_oro
2026-10-07 10:30:41,444 | INFO | __main__ | Raw JSON saved for Cagayan de Oro: /app/data/raw/openweather/cagayan_de_oro.json
2026-10-07 10:30:41,448 | INFO | __main__ | Weather data transformed for Cagayan de Oro.
2026-10-07 10:30:41,552 | INFO | __main__ | Parquet saved for Cagayan de Oro: /app/data/parquet/openweather/cagayan_de_oro.parquet
2026-10-07 10:30:41,690 | INFO | __main__ | Loaded 10 row(s) for Cagayan de Oro into openweather_cagayan_de_oro.
2026-10-07 10:30:41,739 | INFO | __main__ | Checkpoint updated for Cagayan de Oro.
2026-10-07 10:30:41,742 | INFO | __main__ | Processing city: Zamboanga City
2026-10-07 10:30:41,996 | INFO | __main__ | Geocoding extracted for Zamboanga City
2026-10-07 10:30:42,091 | INFO | __main__ | Geocoding loaded for Zamboanga City into geocoding_zamboanga_city
2026-10-07 10:30:42,148 | INFO | __main__ | Raw JSON saved for Zamboanga City: /app/data/raw/openweather/zamboanga_city.json
2026-10-07 10:30:42,154 | INFO | __main__ | Weather data transformed for Zamboanga City.
2026-10-07 10:30:42,268 | INFO | __main__ | Parquet saved for Zamboanga City: /app/data/parquet/openweather/zamboanga_city.parquet
2026-10-07 10:30:42,413 | INFO | __main__ | Loaded 13 row(s) for Zamboanga City into openweather_zamboanga_city.
2026-10-07 10:30:42,462 | INFO | __main__ | Checkpoint updated for Zamboanga City.
2026-10-07 10:30:42,464 | INFO | __main__ | Weather ingestion completed.
2026-10-07 18:33:02,479 | INFO | pipeline.main | Starting Weather Ingestion...
2026-10-07 18:33:02,481 | INFO | pipeline.main | Processing city: Manila
2026-10-07 18:33:02,484 | INFO | pipeline.main | Geocoding extracted for Manila
2026-10-07 18:33:02,492 | INFO | pipeline.main | Geocoding loaded for Manila into geocoding_manila
2026-10-07 18:33:02,494 | INFO | pipeline.main | Raw JSON saved for Manila: /tmp/pytest-of-aldwin/pytest-20/test_pipeline_main_saves_parqu0/manila.json
2026-10-07 18:33:02,499 | INFO | pipeline.main | Weather data transformed for Manila.
2026-10-07 18:33:02,501 | INFO | pipeline.main | Parquet saved for Manila: /tmp/pytest-of-aldwin/pytest-20/test_pipeline_main_saves_parqu0/openweather_Manila.parquet
2026-10-07 18:33:02,503 | INFO | pipeline.main | Loaded 1 row(s) for Manila into openweather_manila.
2026-10-07 18:33:02,504 | INFO | pipeline.main | Checkpoint updated for Manila.
2026-10-07 18:33:02,506 | INFO | pipeline.main | Weather ingestion completed.
2026-10-07 18:38:17,174 | INFO | pipeline.main | Starting Weather Ingestion...
2026-10-07 18:38:17,177 | INFO | pipeline.main | Processing city: Manila
2026-10-07 18:38:17,179 | INFO | pipeline.main | Geocoding extracted for Manila
2026-10-07 18:38:17,190 | INFO | pipeline.main | Geocoding loaded for Manila into geocoding_manila
2026-10-07 18:38:17,192 | INFO | pipeline.main | Raw JSON saved for Manila: /tmp/pytest-of-aldwin/pytest-21/test_pipeline_main_saves_parqu0/manila.json
2026-10-07 18:38:17,199 | INFO | pipeline.main | Weather data transformed for Manila.
2026-10-07 18:38:17,201 | INFO | pipeline.main | Parquet saved for Manila: /tmp/pytest-of-aldwin/pytest-21/test_pipeline_main_saves_parqu0/openweather_Manila.parquet
2026-10-07 18:38:17,203 | INFO | pipeline.main | Loaded 1 row(s) for Manila into openweather_manila.
2026-10-07 18:38:17,206 | INFO | pipeline.main | Checkpoint updated for Manila.
2026-10-07 18:38:17,208 | INFO | pipeline.main | Weather ingestion completed.
2026-10-07 18:39:48,697 | INFO | pipeline.main | Starting Weather Ingestion...
2026-10-07 18:39:48,700 | INFO | pipeline.main | Processing city: Manila
2026-10-07 18:39:48,701 | INFO | pipeline.main | Geocoding extracted for Manila
2026-10-07 18:39:48,707 | INFO | pipeline.main | Geocoding loaded for Manila into geocoding_manila
2026-10-07 18:39:48,709 | INFO | pipeline.main | Raw JSON saved for Manila: /tmp/pytest-of-aldwin/pytest-22/test_pipeline_main_saves_parqu0/manila.json
2026-10-07 18:39:48,712 | INFO | pipeline.main | Weather data transformed for Manila.
2026-10-07 18:39:48,713 | INFO | pipeline.main | Parquet saved for Manila: /tmp/pytest-of-aldwin/pytest-22/test_pipeline_main_saves_parqu0/openweather_Manila.parquet
2026-10-07 18:39:48,714 | INFO | pipeline.main | Loaded 1 row(s) for Manila into openweather_manila.
2026-10-07 18:39:48,716 | INFO | pipeline.main | Checkpoint updated for Manila.
2026-10-07 18:39:48,718 | INFO | pipeline.main | Weather ingestion completed.
2026-10-07 18:43:33,893 | INFO | pipeline.main | Starting Weather Ingestion...
2026-10-07 18:43:33,896 | INFO | pipeline.main | Processing city: Manila
2026-10-07 18:43:33,898 | INFO | pipeline.main | Geocoding extracted for Manila
2026-10-07 18:43:33,906 | INFO | pipeline.main | Geocoding loaded for Manila into geocoding_manila
2026-10-07 18:43:33,908 | INFO | pipeline.main | Raw JSON saved for Manila: /tmp/pytest-of-aldwin/pytest-23/test_pipeline_main_saves_parqu0/manila.json
2026-10-07 18:43:33,913 | INFO | pipeline.main | Weather data transformed for Manila.
2026-10-07 18:43:33,915 | INFO | pipeline.main | Parquet saved for Manila: /tmp/pytest-of-aldwin/pytest-23/test_pipeline_main_saves_parqu0/openweather_Manila.parquet
2026-10-07 18:43:33,917 | INFO | pipeline.main | Loaded 1 row(s) for Manila into openweather_manila.
2026-10-07 18:43:33,920 | INFO | pipeline.main | Checkpoint updated for Manila.
2026-10-07 18:43:33,924 | INFO | pipeline.main | Weather ingestion completed.
2026-10-07 18:47:07,777 | INFO | pipeline.main | Starting Weather Ingestion...
2026-10-07 18:47:07,779 | INFO | pipeline.main | Processing city: Manila
2026-10-07 18:47:07,783 | INFO | pipeline.main | Geocoding extracted for Manila
2026-10-07 18:47:07,792 | INFO | pipeline.main | Geocoding loaded for Manila into geocoding_manila
2026-10-07 18:47:07,795 | INFO | pipeline.main | Raw JSON saved for Manila: /tmp/pytest-of-aldwin/pytest-24/test_pipeline_main_saves_parqu0/manila.json
2026-10-07 18:47:07,802 | INFO | pipeline.main | Weather data transformed for Manila.
2026-10-07 18:47:07,804 | INFO | pipeline.main | Parquet saved for Manila: /tmp/pytest-of-aldwin/pytest-24/test_pipeline_main_saves_parqu0/openweather_Manila.parquet
2026-10-07 18:47:07,807 | INFO | pipeline.main | Loaded 1 row(s) for Manila into openweather_manila.
2026-10-07 18:47:07,810 | INFO | pipeline.main | Checkpoint updated for Manila.
2026-10-07 18:47:07,812 | INFO | pipeline.main | Weather ingestion completed.
2026-10-07 10:50:21,200 | INFO | __main__ | Starting Weather Ingestion...
2026-10-07 10:50:21,206 | INFO | __main__ | Processing city: Manila
2026-10-07 10:50:21,572 | INFO | __main__ | Geocoding extracted for Manila
2026-10-07 10:50:21,788 | INFO | __main__ | Geocoding loaded for Manila into geocoding_manila
2026-10-07 10:50:21,805 | INFO | __main__ | No new weather data for Manila. Skipping.
2026-10-07 10:50:21,807 | INFO | __main__ | Processing city: Quezon City
2026-10-07 10:50:22,132 | INFO | __main__ | Geocoding extracted for Quezon City
2026-10-07 10:50:22,247 | INFO | __main__ | Geocoding loaded for Quezon City into geocoding_quezon_city
2026-10-07 10:50:22,304 | INFO | __main__ | Raw JSON saved for Quezon City: /app/data/raw/openweather/quezon_city.json
2026-10-07 10:50:22,308 | INFO | __main__ | Weather data transformed for Quezon City.
2026-10-07 10:50:22,447 | INFO | __main__ | Parquet saved for Quezon City: /app/data/parquet/openweather/quezon_city.parquet
2026-10-07 10:50:22,575 | INFO | __main__ | Loaded 12 row(s) for Quezon City into openweather_quezon_city.
2026-10-07 10:50:22,635 | INFO | __main__ | Checkpoint updated for Quezon City.
2026-10-07 10:50:22,637 | INFO | __main__ | Processing city: Cebu City
2026-10-07 10:50:22,967 | INFO | __main__ | Geocoding extracted for Cebu City
2026-10-07 10:50:23,094 | INFO | __main__ | Geocoding loaded for Cebu City into geocoding_cebu_city
2026-10-07 10:50:23,158 | INFO | __main__ | Raw JSON saved for Cebu City: /app/data/raw/openweather/cebu_city.json
2026-10-07 10:50:23,169 | INFO | __main__ | Weather data transformed for Cebu City.
2026-10-07 10:50:23,285 | INFO | __main__ | Parquet saved for Cebu City: /app/data/parquet/openweather/cebu_city.parquet
2026-10-07 10:50:23,415 | INFO | __main__ | Loaded 12 row(s) for Cebu City into openweather_cebu_city.
2026-10-07 10:50:23,489 | INFO | __main__ | Checkpoint updated for Cebu City.
2026-10-07 10:50:23,493 | INFO | __main__ | Processing city: Davao City
2026-10-07 10:50:23,818 | INFO | __main__ | Geocoding extracted for Davao City
2026-10-07 10:50:23,931 | INFO | __main__ | Geocoding loaded for Davao City into geocoding_davao_city
2026-10-07 10:50:23,992 | INFO | __main__ | Raw JSON saved for Davao City: /app/data/raw/openweather/davao_city.json
2026-10-07 10:50:23,998 | INFO | __main__ | Weather data transformed for Davao City.
2026-10-07 10:50:24,193 | INFO | __main__ | Parquet saved for Davao City: /app/data/parquet/openweather/davao_city.parquet
2026-10-07 10:50:24,335 | INFO | __main__ | Loaded 13 row(s) for Davao City into openweather_davao_city.
2026-10-07 10:50:24,389 | INFO | __main__ | Checkpoint updated for Davao City.
2026-10-07 10:50:24,392 | INFO | __main__ | Processing city: Baguio
2026-10-07 10:50:24,690 | INFO | __main__ | Geocoding extracted for Baguio
2026-10-07 10:50:24,804 | INFO | __main__ | Geocoding loaded for Baguio into geocoding_baguio
2026-10-07 10:50:24,897 | INFO | __main__ | Raw JSON saved for Baguio: /app/data/raw/openweather/baguio.json
2026-10-07 10:50:24,903 | INFO | __main__ | Weather data transformed for Baguio.
2026-10-07 10:50:25,057 | INFO | __main__ | Parquet saved for Baguio: /app/data/parquet/openweather/baguio.parquet
2026-10-07 10:50:25,263 | INFO | __main__ | Loaded 12 row(s) for Baguio into openweather_baguio.
2026-10-07 10:50:25,301 | INFO | __main__ | Checkpoint updated for Baguio.
2026-10-07 10:50:25,303 | INFO | __main__ | Processing city: Iloilo City
2026-10-07 10:50:25,553 | INFO | __main__ | Geocoding extracted for Iloilo City
2026-10-07 10:50:25,713 | INFO | __main__ | Geocoding loaded for Iloilo City into geocoding_iloilo_city
2026-10-07 10:50:25,775 | INFO | __main__ | Raw JSON saved for Iloilo City: /app/data/raw/openweather/iloilo_city.json
2026-10-07 10:50:25,780 | INFO | __main__ | Weather data transformed for Iloilo City.
2026-10-07 10:50:25,898 | INFO | __main__ | Parquet saved for Iloilo City: /app/data/parquet/openweather/iloilo_city.parquet
2026-10-07 10:50:26,063 | INFO | __main__ | Loaded 12 row(s) for Iloilo City into openweather_iloilo_city.
2026-10-07 10:50:26,132 | INFO | __main__ | Checkpoint updated for Iloilo City.
2026-10-07 10:50:26,134 | INFO | __main__ | Processing city: Cagayan de Oro
2026-10-07 10:50:26,382 | INFO | __main__ | Geocoding extracted for Cagayan de Oro
2026-10-07 10:50:26,507 | INFO | __main__ | Geocoding loaded for Cagayan de Oro into geocoding_cagayan_de_oro
2026-10-07 10:50:26,580 | INFO | __main__ | Raw JSON saved for Cagayan de Oro: /app/data/raw/openweather/cagayan_de_oro.json
2026-10-07 10:50:26,593 | INFO | __main__ | Weather data transformed for Cagayan de Oro.
2026-10-07 10:50:26,781 | INFO | __main__ | Parquet saved for Cagayan de Oro: /app/data/parquet/openweather/cagayan_de_oro.parquet
2026-10-07 10:50:26,997 | INFO | __main__ | Loaded 11 row(s) for Cagayan de Oro into openweather_cagayan_de_oro.
2026-10-07 10:50:27,070 | INFO | __main__ | Checkpoint updated for Cagayan de Oro.
2026-10-07 10:50:27,072 | INFO | __main__ | Processing city: Zamboanga City
2026-10-07 10:50:27,320 | INFO | __main__ | Geocoding extracted for Zamboanga City
2026-10-07 10:50:27,416 | INFO | __main__ | Geocoding loaded for Zamboanga City into geocoding_zamboanga_city
2026-10-07 10:50:27,542 | INFO | __main__ | Raw JSON saved for Zamboanga City: /app/data/raw/openweather/zamboanga_city.json
2026-10-07 10:50:27,549 | INFO | __main__ | Weather data transformed for Zamboanga City.
2026-10-07 10:50:27,683 | INFO | __main__ | Parquet saved for Zamboanga City: /app/data/parquet/openweather/zamboanga_city.parquet
2026-10-07 10:50:27,907 | INFO | __main__ | Loaded 14 row(s) for Zamboanga City into openweather_zamboanga_city.
2026-10-07 10:50:27,963 | INFO | __main__ | Checkpoint updated for Zamboanga City.
2026-10-07 10:50:27,964 | INFO | __main__ | Weather ingestion completed.
2026-10-07 11:10:25,576 | INFO | __main__ | Starting Weather Ingestion...
2026-10-07 11:10:25,580 | INFO | __main__ | Processing city: Manila
2026-10-07 11:10:25,952 | INFO | __main__ | Geocoding extracted for Manila
2026-10-07 11:10:26,056 | ERROR | __main__ | Failed to process city: Manila
Traceback (most recent call last):
  File "/usr/local/lib/python3.14/site-packages/sqlalchemy/engine/base.py", line 149, in __init__
    self._dbapi_connection = engine.raw_connection()
                             ~~~~~~~~~~~~~~~~~~~~~^^
  File "/usr/local/lib/python3.14/site-packages/sqlalchemy/engine/base.py", line 3284, in raw_connection
    return self.pool.connect()
           ~~~~~~~~~~~~~~~~~^^
  File "/usr/local/lib/python3.14/site-packages/sqlalchemy/pool/base.py", line 445, in connect
    return _ConnectionFairy._checkout(self)
           ~~~~~~~~~~~~~~~~~~~~~~~~~~^^^^^^
  File "/usr/local/lib/python3.14/site-packages/sqlalchemy/pool/base.py", line 1303, in _checkout
    fairy = _ConnectionRecord.checkout(pool)
  File "/usr/local/lib/python3.14/site-packages/sqlalchemy/pool/base.py", line 709, in checkout
    rec = pool._do_get()
  File "/usr/local/lib/python3.14/site-packages/sqlalchemy/pool/impl.py", line 176, in _do_get
    with util.safe_reraise():
         ~~~~~~~~~~~~~~~~~^^
  File "/usr/local/lib/python3.14/site-packages/sqlalchemy/util/langhelpers.py", line 166, in __exit__
    raise exc_value.with_traceback(exc_tb)
  File "/usr/local/lib/python3.14/site-packages/sqlalchemy/pool/impl.py", line 174, in _do_get
    return self._create_connection()
           ~~~~~~~~~~~~~~~~~~~~~~~^^
  File "/usr/local/lib/python3.14/site-packages/sqlalchemy/pool/base.py", line 386, in _create_connection
    return _ConnectionRecord(self)
  File "/usr/local/lib/python3.14/site-packages/sqlalchemy/pool/base.py", line 671, in __init__
    self.__connect()
    ~~~~~~~~~~~~~~^^
  File "/usr/local/lib/python3.14/site-packages/sqlalchemy/pool/base.py", line 906, in __connect
    with util.safe_reraise():
         ~~~~~~~~~~~~~~~~~^^
  File "/usr/local/lib/python3.14/site-packages/sqlalchemy/util/langhelpers.py", line 166, in __exit__
    raise exc_value.with_traceback(exc_tb)
  File "/usr/local/lib/python3.14/site-packages/sqlalchemy/pool/base.py", line 902, in __connect
    self.dbapi_connection = connection = pool._invoke_creator(self)
                                         ~~~~~~~~~~~~~~~~~~~~^^^^^^
  File "/usr/local/lib/python3.14/site-packages/sqlalchemy/engine/create.py", line 645, in connect
    return dialect.connect(*cargs_tup, **cparams)
           ~~~~~~~~~~~~~~~^^^^^^^^^^^^^^^^^^^^^^^
  File "/usr/local/lib/python3.14/site-packages/sqlalchemy/engine/default.py", line 869, in connect
    return self.loaded_dbapi.connect(*cargs, **cparams)  # type: ignore[no-any-return]  # NOQA: E501
           ~~~~~~~~~~~~~~~~~~~~~~~~~^^^^^^^^^^^^^^^^^^^
  File "/usr/local/lib/python3.14/site-packages/psycopg2/__init__.py", line 122, in connect
    conn = _connect(dsn, connection_factory=connection_factory, **kwasync)
psycopg2.OperationalError: connection to server at "db" (172.18.0.2), port 5432 failed: FATAL:  password authentication failed for user "weatherflow"


The above exception was the direct cause of the following exception:

Traceback (most recent call last):
  File "/app/pipeline/main.py", line 47, in main
    load_postgresql(geocoding_df, geocoding_table, if_exists="replace")
    ~~~~~~~~~~~~~~~^^^^^^^^^^^^^^^^^^^^^^^^^^^^^^^^^^^^^^^^^^^^^^^^^^^^
  File "/app/pipeline/loaded/load_postresql.py", line 324, in load_postgresql
    with engine.begin() as connection:
         ~~~~~~~~~~~~^^
  File "/usr/local/lib/python3.14/contextlib.py", line 141, in __enter__
    return next(self.gen)
  File "/usr/local/lib/python3.14/site-packages/sqlalchemy/engine/base.py", line 3224, in begin
    with self.connect() as conn:
         ~~~~~~~~~~~~^^
  File "/usr/local/lib/python3.14/site-packages/sqlalchemy/engine/base.py", line 3260, in connect
    return self._connection_cls(self)
           ~~~~~~~~~~~~~~~~~~~~^^^^^^
  File "/usr/local/lib/python3.14/site-packages/sqlalchemy/engine/base.py", line 151, in __init__
    Connection._handle_dbapi_exception_noconnection(
    ~~~~~~~~~~~~~~~~~~~~~~~~~~~~~~~~~~~~~~~~~~~~~~~^
        err, dialect, engine
        ^^^^^^^^^^^^^^^^^^^^
    )
    ^
  File "/usr/local/lib/python3.14/site-packages/sqlalchemy/engine/base.py", line 2417, in _handle_dbapi_exception_noconnection
    raise sqlalchemy_exception.with_traceback(exc_info[2]) from e
  File "/usr/local/lib/python3.14/site-packages/sqlalchemy/engine/base.py", line 149, in __init__
    self._dbapi_connection = engine.raw_connection()
                             ~~~~~~~~~~~~~~~~~~~~~^^
  File "/usr/local/lib/python3.14/site-packages/sqlalchemy/engine/base.py", line 3284, in raw_connection
    return self.pool.connect()
           ~~~~~~~~~~~~~~~~~^^
  File "/usr/local/lib/python3.14/site-packages/sqlalchemy/pool/base.py", line 445, in connect
    return _ConnectionFairy._checkout(self)
           ~~~~~~~~~~~~~~~~~~~~~~~~~~^^^^^^
  File "/usr/local/lib/python3.14/site-packages/sqlalchemy/pool/base.py", line 1303, in _checkout
    fairy = _ConnectionRecord.checkout(pool)
  File "/usr/local/lib/python3.14/site-packages/sqlalchemy/pool/base.py", line 709, in checkout
    rec = pool._do_get()
  File "/usr/local/lib/python3.14/site-packages/sqlalchemy/pool/impl.py", line 176, in _do_get
    with util.safe_reraise():
         ~~~~~~~~~~~~~~~~~^^
  File "/usr/local/lib/python3.14/site-packages/sqlalchemy/util/langhelpers.py", line 166, in __exit__
    raise exc_value.with_traceback(exc_tb)
  File "/usr/local/lib/python3.14/site-packages/sqlalchemy/pool/impl.py", line 174, in _do_get
    return self._create_connection()
           ~~~~~~~~~~~~~~~~~~~~~~~^^
  File "/usr/local/lib/python3.14/site-packages/sqlalchemy/pool/base.py", line 386, in _create_connection
    return _ConnectionRecord(self)
  File "/usr/local/lib/python3.14/site-packages/sqlalchemy/pool/base.py", line 671, in __init__
    self.__connect()
    ~~~~~~~~~~~~~~^^
  File "/usr/local/lib/python3.14/site-packages/sqlalchemy/pool/base.py", line 906, in __connect
    with util.safe_reraise():
         ~~~~~~~~~~~~~~~~~^^
  File "/usr/local/lib/python3.14/site-packages/sqlalchemy/util/langhelpers.py", line 166, in __exit__
    raise exc_value.with_traceback(exc_tb)
  File "/usr/local/lib/python3.14/site-packages/sqlalchemy/pool/base.py", line 902, in __connect
    self.dbapi_connection = connection = pool._invoke_creator(self)
                                         ~~~~~~~~~~~~~~~~~~~~^^^^^^
  File "/usr/local/lib/python3.14/site-packages/sqlalchemy/engine/create.py", line 645, in connect
    return dialect.connect(*cargs_tup, **cparams)
           ~~~~~~~~~~~~~~~^^^^^^^^^^^^^^^^^^^^^^^
  File "/usr/local/lib/python3.14/site-packages/sqlalchemy/engine/default.py", line 869, in connect
    return self.loaded_dbapi.connect(*cargs, **cparams)  # type: ignore[no-any-return]  # NOQA: E501
           ~~~~~~~~~~~~~~~~~~~~~~~~~^^^^^^^^^^^^^^^^^^^
  File "/usr/local/lib/python3.14/site-packages/psycopg2/__init__.py", line 122, in connect
    conn = _connect(dsn, connection_factory=connection_factory, **kwasync)
sqlalchemy.exc.OperationalError: (psycopg2.OperationalError) connection to server at "db" (172.18.0.2), port 5432 failed: FATAL:  password authentication failed for user "weatherflow"

(Background on this error at: https://sqlalche.me/e/21/e3q8)
2026-10-07 11:10:26,067 | INFO | __main__ | Processing city: Quezon City
2026-10-07 11:10:26,314 | INFO | __main__ | Geocoding extracted for Quezon City
2026-10-07 11:10:26,358 | ERROR | __main__ | Failed to process city: Quezon City
Traceback (most recent call last):
  File "/usr/local/lib/python3.14/site-packages/sqlalchemy/engine/base.py", line 149, in __init__
    self._dbapi_connection = engine.raw_connection()
                             ~~~~~~~~~~~~~~~~~~~~~^^
  File "/usr/local/lib/python3.14/site-packages/sqlalchemy/engine/base.py", line 3284, in raw_connection
    return self.pool.connect()
           ~~~~~~~~~~~~~~~~~^^
  File "/usr/local/lib/python3.14/site-packages/sqlalchemy/pool/base.py", line 445, in connect
    return _ConnectionFairy._checkout(self)
           ~~~~~~~~~~~~~~~~~~~~~~~~~~^^^^^^
  File "/usr/local/lib/python3.14/site-packages/sqlalchemy/pool/base.py", line 1303, in _checkout
    fairy = _ConnectionRecord.checkout(pool)
  File "/usr/local/lib/python3.14/site-packages/sqlalchemy/pool/base.py", line 709, in checkout
    rec = pool._do_get()
  File "/usr/local/lib/python3.14/site-packages/sqlalchemy/pool/impl.py", line 176, in _do_get
    with util.safe_reraise():
         ~~~~~~~~~~~~~~~~~^^
  File "/usr/local/lib/python3.14/site-packages/sqlalchemy/util/langhelpers.py", line 166, in __exit__
    raise exc_value.with_traceback(exc_tb)
  File "/usr/local/lib/python3.14/site-packages/sqlalchemy/pool/impl.py", line 174, in _do_get
    return self._create_connection()
           ~~~~~~~~~~~~~~~~~~~~~~~^^
  File "/usr/local/lib/python3.14/site-packages/sqlalchemy/pool/base.py", line 386, in _create_connection
    return _ConnectionRecord(self)
  File "/usr/local/lib/python3.14/site-packages/sqlalchemy/pool/base.py", line 671, in __init__
    self.__connect()
    ~~~~~~~~~~~~~~^^
  File "/usr/local/lib/python3.14/site-packages/sqlalchemy/pool/base.py", line 906, in __connect
    with util.safe_reraise():
         ~~~~~~~~~~~~~~~~~^^
  File "/usr/local/lib/python3.14/site-packages/sqlalchemy/util/langhelpers.py", line 166, in __exit__
    raise exc_value.with_traceback(exc_tb)
  File "/usr/local/lib/python3.14/site-packages/sqlalchemy/pool/base.py", line 902, in __connect
    self.dbapi_connection = connection = pool._invoke_creator(self)
                                         ~~~~~~~~~~~~~~~~~~~~^^^^^^
  File "/usr/local/lib/python3.14/site-packages/sqlalchemy/engine/create.py", line 645, in connect
    return dialect.connect(*cargs_tup, **cparams)
           ~~~~~~~~~~~~~~~^^^^^^^^^^^^^^^^^^^^^^^
  File "/usr/local/lib/python3.14/site-packages/sqlalchemy/engine/default.py", line 869, in connect
    return self.loaded_dbapi.connect(*cargs, **cparams)  # type: ignore[no-any-return]  # NOQA: E501
           ~~~~~~~~~~~~~~~~~~~~~~~~~^^^^^^^^^^^^^^^^^^^
  File "/usr/local/lib/python3.14/site-packages/psycopg2/__init__.py", line 122, in connect
    conn = _connect(dsn, connection_factory=connection_factory, **kwasync)
psycopg2.OperationalError: connection to server at "db" (172.18.0.2), port 5432 failed: FATAL:  password authentication failed for user "weatherflow"


The above exception was the direct cause of the following exception:

Traceback (most recent call last):
  File "/app/pipeline/main.py", line 47, in main
    load_postgresql(geocoding_df, geocoding_table, if_exists="replace")
    ~~~~~~~~~~~~~~~^^^^^^^^^^^^^^^^^^^^^^^^^^^^^^^^^^^^^^^^^^^^^^^^^^^^
  File "/app/pipeline/loaded/load_postresql.py", line 324, in load_postgresql
    with engine.begin() as connection:
         ~~~~~~~~~~~~^^
  File "/usr/local/lib/python3.14/contextlib.py", line 141, in __enter__
    return next(self.gen)
  File "/usr/local/lib/python3.14/site-packages/sqlalchemy/engine/base.py", line 3224, in begin
    with self.connect() as conn:
         ~~~~~~~~~~~~^^
  File "/usr/local/lib/python3.14/site-packages/sqlalchemy/engine/base.py", line 3260, in connect
    return self._connection_cls(self)
           ~~~~~~~~~~~~~~~~~~~~^^^^^^
  File "/usr/local/lib/python3.14/site-packages/sqlalchemy/engine/base.py", line 151, in __init__
    Connection._handle_dbapi_exception_noconnection(
    ~~~~~~~~~~~~~~~~~~~~~~~~~~~~~~~~~~~~~~~~~~~~~~~^
        err, dialect, engine
        ^^^^^^^^^^^^^^^^^^^^
    )
    ^
  File "/usr/local/lib/python3.14/site-packages/sqlalchemy/engine/base.py", line 2417, in _handle_dbapi_exception_noconnection
    raise sqlalchemy_exception.with_traceback(exc_info[2]) from e
  File "/usr/local/lib/python3.14/site-packages/sqlalchemy/engine/base.py", line 149, in __init__
    self._dbapi_connection = engine.raw_connection()
                             ~~~~~~~~~~~~~~~~~~~~~^^
  File "/usr/local/lib/python3.14/site-packages/sqlalchemy/engine/base.py", line 3284, in raw_connection
    return self.pool.connect()
           ~~~~~~~~~~~~~~~~~^^
  File "/usr/local/lib/python3.14/site-packages/sqlalchemy/pool/base.py", line 445, in connect
    return _ConnectionFairy._checkout(self)
           ~~~~~~~~~~~~~~~~~~~~~~~~~~^^^^^^
  File "/usr/local/lib/python3.14/site-packages/sqlalchemy/pool/base.py", line 1303, in _checkout
    fairy = _ConnectionRecord.checkout(pool)
  File "/usr/local/lib/python3.14/site-packages/sqlalchemy/pool/base.py", line 709, in checkout
    rec = pool._do_get()
  File "/usr/local/lib/python3.14/site-packages/sqlalchemy/pool/impl.py", line 176, in _do_get
    with util.safe_reraise():
         ~~~~~~~~~~~~~~~~~^^
  File "/usr/local/lib/python3.14/site-packages/sqlalchemy/util/langhelpers.py", line 166, in __exit__
    raise exc_value.with_traceback(exc_tb)
  File "/usr/local/lib/python3.14/site-packages/sqlalchemy/pool/impl.py", line 174, in _do_get
    return self._create_connection()
           ~~~~~~~~~~~~~~~~~~~~~~~^^
  File "/usr/local/lib/python3.14/site-packages/sqlalchemy/pool/base.py", line 386, in _create_connection
    return _ConnectionRecord(self)
  File "/usr/local/lib/python3.14/site-packages/sqlalchemy/pool/base.py", line 671, in __init__
    self.__connect()
    ~~~~~~~~~~~~~~^^
  File "/usr/local/lib/python3.14/site-packages/sqlalchemy/pool/base.py", line 906, in __connect
    with util.safe_reraise():
         ~~~~~~~~~~~~~~~~~^^
  File "/usr/local/lib/python3.14/site-packages/sqlalchemy/util/langhelpers.py", line 166, in __exit__
    raise exc_value.with_traceback(exc_tb)
  File "/usr/local/lib/python3.14/site-packages/sqlalchemy/pool/base.py", line 902, in __connect
    self.dbapi_connection = connection = pool._invoke_creator(self)
                                         ~~~~~~~~~~~~~~~~~~~~^^^^^^
  File "/usr/local/lib/python3.14/site-packages/sqlalchemy/engine/create.py", line 645, in connect
    return dialect.connect(*cargs_tup, **cparams)
           ~~~~~~~~~~~~~~~^^^^^^^^^^^^^^^^^^^^^^^
  File "/usr/local/lib/python3.14/site-packages/sqlalchemy/engine/default.py", line 869, in connect
    return self.loaded_dbapi.connect(*cargs, **cparams)  # type: ignore[no-any-return]  # NOQA: E501
           ~~~~~~~~~~~~~~~~~~~~~~~~~^^^^^^^^^^^^^^^^^^^
  File "/usr/local/lib/python3.14/site-packages/psycopg2/__init__.py", line 122, in connect
    conn = _connect(dsn, connection_factory=connection_factory, **kwasync)
sqlalchemy.exc.OperationalError: (psycopg2.OperationalError) connection to server at "db" (172.18.0.2), port 5432 failed: FATAL:  password authentication failed for user "weatherflow"

(Background on this error at: https://sqlalche.me/e/21/e3q8)
2026-10-07 11:10:26,369 | INFO | __main__ | Processing city: Cebu City
2026-10-07 11:10:26,681 | INFO | __main__ | Geocoding extracted for Cebu City
2026-10-07 11:10:26,705 | ERROR | __main__ | Failed to process city: Cebu City
Traceback (most recent call last):
  File "/usr/local/lib/python3.14/site-packages/sqlalchemy/engine/base.py", line 149, in __init__
    self._dbapi_connection = engine.raw_connection()
                             ~~~~~~~~~~~~~~~~~~~~~^^
  File "/usr/local/lib/python3.14/site-packages/sqlalchemy/engine/base.py", line 3284, in raw_connection
    return self.pool.connect()
           ~~~~~~~~~~~~~~~~~^^
  File "/usr/local/lib/python3.14/site-packages/sqlalchemy/pool/base.py", line 445, in connect
    return _ConnectionFairy._checkout(self)
           ~~~~~~~~~~~~~~~~~~~~~~~~~~^^^^^^
  File "/usr/local/lib/python3.14/site-packages/sqlalchemy/pool/base.py", line 1303, in _checkout
    fairy = _ConnectionRecord.checkout(pool)
  File "/usr/local/lib/python3.14/site-packages/sqlalchemy/pool/base.py", line 709, in checkout
    rec = pool._do_get()
  File "/usr/local/lib/python3.14/site-packages/sqlalchemy/pool/impl.py", line 176, in _do_get
    with util.safe_reraise():
         ~~~~~~~~~~~~~~~~~^^
  File "/usr/local/lib/python3.14/site-packages/sqlalchemy/util/langhelpers.py", line 166, in __exit__
    raise exc_value.with_traceback(exc_tb)
  File "/usr/local/lib/python3.14/site-packages/sqlalchemy/pool/impl.py", line 174, in _do_get
    return self._create_connection()
           ~~~~~~~~~~~~~~~~~~~~~~~^^
  File "/usr/local/lib/python3.14/site-packages/sqlalchemy/pool/base.py", line 386, in _create_connection
    return _ConnectionRecord(self)
  File "/usr/local/lib/python3.14/site-packages/sqlalchemy/pool/base.py", line 671, in __init__
    self.__connect()
    ~~~~~~~~~~~~~~^^
  File "/usr/local/lib/python3.14/site-packages/sqlalchemy/pool/base.py", line 906, in __connect
    with util.safe_reraise():
         ~~~~~~~~~~~~~~~~~^^
  File "/usr/local/lib/python3.14/site-packages/sqlalchemy/util/langhelpers.py", line 166, in __exit__
    raise exc_value.with_traceback(exc_tb)
  File "/usr/local/lib/python3.14/site-packages/sqlalchemy/pool/base.py", line 902, in __connect
    self.dbapi_connection = connection = pool._invoke_creator(self)
                                         ~~~~~~~~~~~~~~~~~~~~^^^^^^
  File "/usr/local/lib/python3.14/site-packages/sqlalchemy/engine/create.py", line 645, in connect
    return dialect.connect(*cargs_tup, **cparams)
           ~~~~~~~~~~~~~~~^^^^^^^^^^^^^^^^^^^^^^^
  File "/usr/local/lib/python3.14/site-packages/sqlalchemy/engine/default.py", line 869, in connect
    return self.loaded_dbapi.connect(*cargs, **cparams)  # type: ignore[no-any-return]  # NOQA: E501
           ~~~~~~~~~~~~~~~~~~~~~~~~~^^^^^^^^^^^^^^^^^^^
  File "/usr/local/lib/python3.14/site-packages/psycopg2/__init__.py", line 122, in connect
    conn = _connect(dsn, connection_factory=connection_factory, **kwasync)
psycopg2.OperationalError: connection to server at "db" (172.18.0.2), port 5432 failed: FATAL:  password authentication failed for user "weatherflow"


The above exception was the direct cause of the following exception:

Traceback (most recent call last):
  File "/app/pipeline/main.py", line 47, in main
    load_postgresql(geocoding_df, geocoding_table, if_exists="replace")
    ~~~~~~~~~~~~~~~^^^^^^^^^^^^^^^^^^^^^^^^^^^^^^^^^^^^^^^^^^^^^^^^^^^^
  File "/app/pipeline/loaded/load_postresql.py", line 324, in load_postgresql
    with engine.begin() as connection:
         ~~~~~~~~~~~~^^
  File "/usr/local/lib/python3.14/contextlib.py", line 141, in __enter__
    return next(self.gen)
  File "/usr/local/lib/python3.14/site-packages/sqlalchemy/engine/base.py", line 3224, in begin
    with self.connect() as conn:
         ~~~~~~~~~~~~^^
  File "/usr/local/lib/python3.14/site-packages/sqlalchemy/engine/base.py", line 3260, in connect
    return self._connection_cls(self)
           ~~~~~~~~~~~~~~~~~~~~^^^^^^
  File "/usr/local/lib/python3.14/site-packages/sqlalchemy/engine/base.py", line 151, in __init__
    Connection._handle_dbapi_exception_noconnection(
    ~~~~~~~~~~~~~~~~~~~~~~~~~~~~~~~~~~~~~~~~~~~~~~~^
        err, dialect, engine
        ^^^^^^^^^^^^^^^^^^^^
    )
    ^
  File "/usr/local/lib/python3.14/site-packages/sqlalchemy/engine/base.py", line 2417, in _handle_dbapi_exception_noconnection
    raise sqlalchemy_exception.with_traceback(exc_info[2]) from e
  File "/usr/local/lib/python3.14/site-packages/sqlalchemy/engine/base.py", line 149, in __init__
    self._dbapi_connection = engine.raw_connection()
                             ~~~~~~~~~~~~~~~~~~~~~^^
  File "/usr/local/lib/python3.14/site-packages/sqlalchemy/engine/base.py", line 3284, in raw_connection
    return self.pool.connect()
           ~~~~~~~~~~~~~~~~~^^
  File "/usr/local/lib/python3.14/site-packages/sqlalchemy/pool/base.py", line 445, in connect
    return _ConnectionFairy._checkout(self)
           ~~~~~~~~~~~~~~~~~~~~~~~~~~^^^^^^
  File "/usr/local/lib/python3.14/site-packages/sqlalchemy/pool/base.py", line 1303, in _checkout
    fairy = _ConnectionRecord.checkout(pool)
  File "/usr/local/lib/python3.14/site-packages/sqlalchemy/pool/base.py", line 709, in checkout
    rec = pool._do_get()
  File "/usr/local/lib/python3.14/site-packages/sqlalchemy/pool/impl.py", line 176, in _do_get
    with util.safe_reraise():
         ~~~~~~~~~~~~~~~~~^^
  File "/usr/local/lib/python3.14/site-packages/sqlalchemy/util/langhelpers.py", line 166, in __exit__
    raise exc_value.with_traceback(exc_tb)
  File "/usr/local/lib/python3.14/site-packages/sqlalchemy/pool/impl.py", line 174, in _do_get
    return self._create_connection()
           ~~~~~~~~~~~~~~~~~~~~~~~^^
  File "/usr/local/lib/python3.14/site-packages/sqlalchemy/pool/base.py", line 386, in _create_connection
    return _ConnectionRecord(self)
  File "/usr/local/lib/python3.14/site-packages/sqlalchemy/pool/base.py", line 671, in __init__
    self.__connect()
    ~~~~~~~~~~~~~~^^
  File "/usr/local/lib/python3.14/site-packages/sqlalchemy/pool/base.py", line 906, in __connect
    with util.safe_reraise():
         ~~~~~~~~~~~~~~~~~^^
  File "/usr/local/lib/python3.14/site-packages/sqlalchemy/util/langhelpers.py", line 166, in __exit__
    raise exc_value.with_traceback(exc_tb)
  File "/usr/local/lib/python3.14/site-packages/sqlalchemy/pool/base.py", line 902, in __connect
    self.dbapi_connection = connection = pool._invoke_creator(self)
                                         ~~~~~~~~~~~~~~~~~~~~^^^^^^
  File "/usr/local/lib/python3.14/site-packages/sqlalchemy/engine/create.py", line 645, in connect
    return dialect.connect(*cargs_tup, **cparams)
           ~~~~~~~~~~~~~~~^^^^^^^^^^^^^^^^^^^^^^^
  File "/usr/local/lib/python3.14/site-packages/sqlalchemy/engine/default.py", line 869, in connect
    return self.loaded_dbapi.connect(*cargs, **cparams)  # type: ignore[no-any-return]  # NOQA: E501
           ~~~~~~~~~~~~~~~~~~~~~~~~~^^^^^^^^^^^^^^^^^^^
  File "/usr/local/lib/python3.14/site-packages/psycopg2/__init__.py", line 122, in connect
    conn = _connect(dsn, connection_factory=connection_factory, **kwasync)
sqlalchemy.exc.OperationalError: (psycopg2.OperationalError) connection to server at "db" (172.18.0.2), port 5432 failed: FATAL:  password authentication failed for user "weatherflow"

(Background on this error at: https://sqlalche.me/e/21/e3q8)
2026-10-07 11:10:26,717 | INFO | __main__ | Processing city: Davao City
2026-10-07 11:10:26,993 | INFO | __main__ | Geocoding extracted for Davao City
2026-10-07 11:10:27,034 | ERROR | __main__ | Failed to process city: Davao City
Traceback (most recent call last):
  File "/usr/local/lib/python3.14/site-packages/sqlalchemy/engine/base.py", line 149, in __init__
    self._dbapi_connection = engine.raw_connection()
                             ~~~~~~~~~~~~~~~~~~~~~^^
  File "/usr/local/lib/python3.14/site-packages/sqlalchemy/engine/base.py", line 3284, in raw_connection
    return self.pool.connect()
           ~~~~~~~~~~~~~~~~~^^
  File "/usr/local/lib/python3.14/site-packages/sqlalchemy/pool/base.py", line 445, in connect
    return _ConnectionFairy._checkout(self)
           ~~~~~~~~~~~~~~~~~~~~~~~~~~^^^^^^
  File "/usr/local/lib/python3.14/site-packages/sqlalchemy/pool/base.py", line 1303, in _checkout
    fairy = _ConnectionRecord.checkout(pool)
  File "/usr/local/lib/python3.14/site-packages/sqlalchemy/pool/base.py", line 709, in checkout
    rec = pool._do_get()
  File "/usr/local/lib/python3.14/site-packages/sqlalchemy/pool/impl.py", line 176, in _do_get
    with util.safe_reraise():
         ~~~~~~~~~~~~~~~~~^^
  File "/usr/local/lib/python3.14/site-packages/sqlalchemy/util/langhelpers.py", line 166, in __exit__
    raise exc_value.with_traceback(exc_tb)
  File "/usr/local/lib/python3.14/site-packages/sqlalchemy/pool/impl.py", line 174, in _do_get
    return self._create_connection()
           ~~~~~~~~~~~~~~~~~~~~~~~^^
  File "/usr/local/lib/python3.14/site-packages/sqlalchemy/pool/base.py", line 386, in _create_connection
    return _ConnectionRecord(self)
  File "/usr/local/lib/python3.14/site-packages/sqlalchemy/pool/base.py", line 671, in __init__
    self.__connect()
    ~~~~~~~~~~~~~~^^
  File "/usr/local/lib/python3.14/site-packages/sqlalchemy/pool/base.py", line 906, in __connect
    with util.safe_reraise():
         ~~~~~~~~~~~~~~~~~^^
  File "/usr/local/lib/python3.14/site-packages/sqlalchemy/util/langhelpers.py", line 166, in __exit__
    raise exc_value.with_traceback(exc_tb)
  File "/usr/local/lib/python3.14/site-packages/sqlalchemy/pool/base.py", line 902, in __connect
    self.dbapi_connection = connection = pool._invoke_creator(self)
                                         ~~~~~~~~~~~~~~~~~~~~^^^^^^
  File "/usr/local/lib/python3.14/site-packages/sqlalchemy/engine/create.py", line 645, in connect
    return dialect.connect(*cargs_tup, **cparams)
           ~~~~~~~~~~~~~~~^^^^^^^^^^^^^^^^^^^^^^^
  File "/usr/local/lib/python3.14/site-packages/sqlalchemy/engine/default.py", line 869, in connect
    return self.loaded_dbapi.connect(*cargs, **cparams)  # type: ignore[no-any-return]  # NOQA: E501
           ~~~~~~~~~~~~~~~~~~~~~~~~~^^^^^^^^^^^^^^^^^^^
  File "/usr/local/lib/python3.14/site-packages/psycopg2/__init__.py", line 122, in connect
    conn = _connect(dsn, connection_factory=connection_factory, **kwasync)
psycopg2.OperationalError: connection to server at "db" (172.18.0.2), port 5432 failed: FATAL:  password authentication failed for user "weatherflow"


The above exception was the direct cause of the following exception:

Traceback (most recent call last):
  File "/app/pipeline/main.py", line 47, in main
    load_postgresql(geocoding_df, geocoding_table, if_exists="replace")
    ~~~~~~~~~~~~~~~^^^^^^^^^^^^^^^^^^^^^^^^^^^^^^^^^^^^^^^^^^^^^^^^^^^^
  File "/app/pipeline/loaded/load_postresql.py", line 324, in load_postgresql
    with engine.begin() as connection:
         ~~~~~~~~~~~~^^
  File "/usr/local/lib/python3.14/contextlib.py", line 141, in __enter__
    return next(self.gen)
  File "/usr/local/lib/python3.14/site-packages/sqlalchemy/engine/base.py", line 3224, in begin
    with self.connect() as conn:
         ~~~~~~~~~~~~^^
  File "/usr/local/lib/python3.14/site-packages/sqlalchemy/engine/base.py", line 3260, in connect
    return self._connection_cls(self)
           ~~~~~~~~~~~~~~~~~~~~^^^^^^
  File "/usr/local/lib/python3.14/site-packages/sqlalchemy/engine/base.py", line 151, in __init__
    Connection._handle_dbapi_exception_noconnection(
    ~~~~~~~~~~~~~~~~~~~~~~~~~~~~~~~~~~~~~~~~~~~~~~~^
        err, dialect, engine
        ^^^^^^^^^^^^^^^^^^^^
    )
    ^
  File "/usr/local/lib/python3.14/site-packages/sqlalchemy/engine/base.py", line 2417, in _handle_dbapi_exception_noconnection
    raise sqlalchemy_exception.with_traceback(exc_info[2]) from e
  File "/usr/local/lib/python3.14/site-packages/sqlalchemy/engine/base.py", line 149, in __init__
    self._dbapi_connection = engine.raw_connection()
                             ~~~~~~~~~~~~~~~~~~~~~^^
  File "/usr/local/lib/python3.14/site-packages/sqlalchemy/engine/base.py", line 3284, in raw_connection
    return self.pool.connect()
           ~~~~~~~~~~~~~~~~~^^
  File "/usr/local/lib/python3.14/site-packages/sqlalchemy/pool/base.py", line 445, in connect
    return _ConnectionFairy._checkout(self)
           ~~~~~~~~~~~~~~~~~~~~~~~~~~^^^^^^
  File "/usr/local/lib/python3.14/site-packages/sqlalchemy/pool/base.py", line 1303, in _checkout
    fairy = _ConnectionRecord.checkout(pool)
  File "/usr/local/lib/python3.14/site-packages/sqlalchemy/pool/base.py", line 709, in checkout
    rec = pool._do_get()
  File "/usr/local/lib/python3.14/site-packages/sqlalchemy/pool/impl.py", line 176, in _do_get
    with util.safe_reraise():
         ~~~~~~~~~~~~~~~~~^^
  File "/usr/local/lib/python3.14/site-packages/sqlalchemy/util/langhelpers.py", line 166, in __exit__
    raise exc_value.with_traceback(exc_tb)
  File "/usr/local/lib/python3.14/site-packages/sqlalchemy/pool/impl.py", line 174, in _do_get
    return self._create_connection()
           ~~~~~~~~~~~~~~~~~~~~~~~^^
  File "/usr/local/lib/python3.14/site-packages/sqlalchemy/pool/base.py", line 386, in _create_connection
    return _ConnectionRecord(self)
  File "/usr/local/lib/python3.14/site-packages/sqlalchemy/pool/base.py", line 671, in __init__
    self.__connect()
    ~~~~~~~~~~~~~~^^
  File "/usr/local/lib/python3.14/site-packages/sqlalchemy/pool/base.py", line 906, in __connect
    with util.safe_reraise():
         ~~~~~~~~~~~~~~~~~^^
  File "/usr/local/lib/python3.14/site-packages/sqlalchemy/util/langhelpers.py", line 166, in __exit__
    raise exc_value.with_traceback(exc_tb)
  File "/usr/local/lib/python3.14/site-packages/sqlalchemy/pool/base.py", line 902, in __connect
    self.dbapi_connection = connection = pool._invoke_creator(self)
                                         ~~~~~~~~~~~~~~~~~~~~^^^^^^
  File "/usr/local/lib/python3.14/site-packages/sqlalchemy/engine/create.py", line 645, in connect
    return dialect.connect(*cargs_tup, **cparams)
           ~~~~~~~~~~~~~~~^^^^^^^^^^^^^^^^^^^^^^^
  File "/usr/local/lib/python3.14/site-packages/sqlalchemy/engine/default.py", line 869, in connect
    return self.loaded_dbapi.connect(*cargs, **cparams)  # type: ignore[no-any-return]  # NOQA: E501
           ~~~~~~~~~~~~~~~~~~~~~~~~~^^^^^^^^^^^^^^^^^^^
  File "/usr/local/lib/python3.14/site-packages/psycopg2/__init__.py", line 122, in connect
    conn = _connect(dsn, connection_factory=connection_factory, **kwasync)
sqlalchemy.exc.OperationalError: (psycopg2.OperationalError) connection to server at "db" (172.18.0.2), port 5432 failed: FATAL:  password authentication failed for user "weatherflow"

(Background on this error at: https://sqlalche.me/e/21/e3q8)
2026-10-07 11:10:27,048 | INFO | __main__ | Processing city: Baguio
2026-10-07 11:10:27,347 | INFO | __main__ | Geocoding extracted for Baguio
2026-10-07 11:10:27,361 | ERROR | __main__ | Failed to process city: Baguio
Traceback (most recent call last):
  File "/usr/local/lib/python3.14/site-packages/sqlalchemy/engine/base.py", line 149, in __init__
    self._dbapi_connection = engine.raw_connection()
                             ~~~~~~~~~~~~~~~~~~~~~^^
  File "/usr/local/lib/python3.14/site-packages/sqlalchemy/engine/base.py", line 3284, in raw_connection
    return self.pool.connect()
           ~~~~~~~~~~~~~~~~~^^
  File "/usr/local/lib/python3.14/site-packages/sqlalchemy/pool/base.py", line 445, in connect
    return _ConnectionFairy._checkout(self)
           ~~~~~~~~~~~~~~~~~~~~~~~~~~^^^^^^
  File "/usr/local/lib/python3.14/site-packages/sqlalchemy/pool/base.py", line 1303, in _checkout
    fairy = _ConnectionRecord.checkout(pool)
  File "/usr/local/lib/python3.14/site-packages/sqlalchemy/pool/base.py", line 709, in checkout
    rec = pool._do_get()
  File "/usr/local/lib/python3.14/site-packages/sqlalchemy/pool/impl.py", line 176, in _do_get
    with util.safe_reraise():
         ~~~~~~~~~~~~~~~~~^^
  File "/usr/local/lib/python3.14/site-packages/sqlalchemy/util/langhelpers.py", line 166, in __exit__
    raise exc_value.with_traceback(exc_tb)
  File "/usr/local/lib/python3.14/site-packages/sqlalchemy/pool/impl.py", line 174, in _do_get
    return self._create_connection()
           ~~~~~~~~~~~~~~~~~~~~~~~^^
  File "/usr/local/lib/python3.14/site-packages/sqlalchemy/pool/base.py", line 386, in _create_connection
    return _ConnectionRecord(self)
  File "/usr/local/lib/python3.14/site-packages/sqlalchemy/pool/base.py", line 671, in __init__
    self.__connect()
    ~~~~~~~~~~~~~~^^
  File "/usr/local/lib/python3.14/site-packages/sqlalchemy/pool/base.py", line 906, in __connect
    with util.safe_reraise():
         ~~~~~~~~~~~~~~~~~^^
  File "/usr/local/lib/python3.14/site-packages/sqlalchemy/util/langhelpers.py", line 166, in __exit__
    raise exc_value.with_traceback(exc_tb)
  File "/usr/local/lib/python3.14/site-packages/sqlalchemy/pool/base.py", line 902, in __connect
    self.dbapi_connection = connection = pool._invoke_creator(self)
                                         ~~~~~~~~~~~~~~~~~~~~^^^^^^
  File "/usr/local/lib/python3.14/site-packages/sqlalchemy/engine/create.py", line 645, in connect
    return dialect.connect(*cargs_tup, **cparams)
           ~~~~~~~~~~~~~~~^^^^^^^^^^^^^^^^^^^^^^^
  File "/usr/local/lib/python3.14/site-packages/sqlalchemy/engine/default.py", line 869, in connect
    return self.loaded_dbapi.connect(*cargs, **cparams)  # type: ignore[no-any-return]  # NOQA: E501
           ~~~~~~~~~~~~~~~~~~~~~~~~~^^^^^^^^^^^^^^^^^^^
  File "/usr/local/lib/python3.14/site-packages/psycopg2/__init__.py", line 122, in connect
    conn = _connect(dsn, connection_factory=connection_factory, **kwasync)
psycopg2.OperationalError: connection to server at "db" (172.18.0.2), port 5432 failed: FATAL:  password authentication failed for user "weatherflow"


The above exception was the direct cause of the following exception:

Traceback (most recent call last):
  File "/app/pipeline/main.py", line 47, in main
    load_postgresql(geocoding_df, geocoding_table, if_exists="replace")
    ~~~~~~~~~~~~~~~^^^^^^^^^^^^^^^^^^^^^^^^^^^^^^^^^^^^^^^^^^^^^^^^^^^^
  File "/app/pipeline/loaded/load_postresql.py", line 324, in load_postgresql
    with engine.begin() as connection:
         ~~~~~~~~~~~~^^
  File "/usr/local/lib/python3.14/contextlib.py", line 141, in __enter__
    return next(self.gen)
  File "/usr/local/lib/python3.14/site-packages/sqlalchemy/engine/base.py", line 3224, in begin
    with self.connect() as conn:
         ~~~~~~~~~~~~^^
  File "/usr/local/lib/python3.14/site-packages/sqlalchemy/engine/base.py", line 3260, in connect
    return self._connection_cls(self)
           ~~~~~~~~~~~~~~~~~~~~^^^^^^
  File "/usr/local/lib/python3.14/site-packages/sqlalchemy/engine/base.py", line 151, in __init__
    Connection._handle_dbapi_exception_noconnection(
    ~~~~~~~~~~~~~~~~~~~~~~~~~~~~~~~~~~~~~~~~~~~~~~~^
        err, dialect, engine
        ^^^^^^^^^^^^^^^^^^^^
    )
    ^
  File "/usr/local/lib/python3.14/site-packages/sqlalchemy/engine/base.py", line 2417, in _handle_dbapi_exception_noconnection
    raise sqlalchemy_exception.with_traceback(exc_info[2]) from e
  File "/usr/local/lib/python3.14/site-packages/sqlalchemy/engine/base.py", line 149, in __init__
    self._dbapi_connection = engine.raw_connection()
                             ~~~~~~~~~~~~~~~~~~~~~^^
  File "/usr/local/lib/python3.14/site-packages/sqlalchemy/engine/base.py", line 3284, in raw_connection
    return self.pool.connect()
           ~~~~~~~~~~~~~~~~~^^
  File "/usr/local/lib/python3.14/site-packages/sqlalchemy/pool/base.py", line 445, in connect
    return _ConnectionFairy._checkout(self)
           ~~~~~~~~~~~~~~~~~~~~~~~~~~^^^^^^
  File "/usr/local/lib/python3.14/site-packages/sqlalchemy/pool/base.py", line 1303, in _checkout
    fairy = _ConnectionRecord.checkout(pool)
  File "/usr/local/lib/python3.14/site-packages/sqlalchemy/pool/base.py", line 709, in checkout
    rec = pool._do_get()
  File "/usr/local/lib/python3.14/site-packages/sqlalchemy/pool/impl.py", line 176, in _do_get
    with util.safe_reraise():
         ~~~~~~~~~~~~~~~~~^^
  File "/usr/local/lib/python3.14/site-packages/sqlalchemy/util/langhelpers.py", line 166, in __exit__
    raise exc_value.with_traceback(exc_tb)
  File "/usr/local/lib/python3.14/site-packages/sqlalchemy/pool/impl.py", line 174, in _do_get
    return self._create_connection()
           ~~~~~~~~~~~~~~~~~~~~~~~^^
  File "/usr/local/lib/python3.14/site-packages/sqlalchemy/pool/base.py", line 386, in _create_connection
    return _ConnectionRecord(self)
  File "/usr/local/lib/python3.14/site-packages/sqlalchemy/pool/base.py", line 671, in __init__
    self.__connect()
    ~~~~~~~~~~~~~~^^
  File "/usr/local/lib/python3.14/site-packages/sqlalchemy/pool/base.py", line 906, in __connect
    with util.safe_reraise():
         ~~~~~~~~~~~~~~~~~^^
  File "/usr/local/lib/python3.14/site-packages/sqlalchemy/util/langhelpers.py", line 166, in __exit__
    raise exc_value.with_traceback(exc_tb)
  File "/usr/local/lib/python3.14/site-packages/sqlalchemy/pool/base.py", line 902, in __connect
    self.dbapi_connection = connection = pool._invoke_creator(self)
                                         ~~~~~~~~~~~~~~~~~~~~^^^^^^
  File "/usr/local/lib/python3.14/site-packages/sqlalchemy/engine/create.py", line 645, in connect
    return dialect.connect(*cargs_tup, **cparams)
           ~~~~~~~~~~~~~~~^^^^^^^^^^^^^^^^^^^^^^^
  File "/usr/local/lib/python3.14/site-packages/sqlalchemy/engine/default.py", line 869, in connect
    return self.loaded_dbapi.connect(*cargs, **cparams)  # type: ignore[no-any-return]  # NOQA: E501
           ~~~~~~~~~~~~~~~~~~~~~~~~~^^^^^^^^^^^^^^^^^^^
  File "/usr/local/lib/python3.14/site-packages/psycopg2/__init__.py", line 122, in connect
    conn = _connect(dsn, connection_factory=connection_factory, **kwasync)
sqlalchemy.exc.OperationalError: (psycopg2.OperationalError) connection to server at "db" (172.18.0.2), port 5432 failed: FATAL:  password authentication failed for user "weatherflow"

(Background on this error at: https://sqlalche.me/e/21/e3q8)
2026-10-07 11:10:27,367 | INFO | __main__ | Processing city: Iloilo City
2026-10-07 11:10:27,642 | INFO | __main__ | Geocoding extracted for Iloilo City
2026-10-07 11:10:27,671 | ERROR | __main__ | Failed to process city: Iloilo City
Traceback (most recent call last):
  File "/usr/local/lib/python3.14/site-packages/sqlalchemy/engine/base.py", line 149, in __init__
    self._dbapi_connection = engine.raw_connection()
                             ~~~~~~~~~~~~~~~~~~~~~^^
  File "/usr/local/lib/python3.14/site-packages/sqlalchemy/engine/base.py", line 3284, in raw_connection
    return self.pool.connect()
           ~~~~~~~~~~~~~~~~~^^
  File "/usr/local/lib/python3.14/site-packages/sqlalchemy/pool/base.py", line 445, in connect
    return _ConnectionFairy._checkout(self)
           ~~~~~~~~~~~~~~~~~~~~~~~~~~^^^^^^
  File "/usr/local/lib/python3.14/site-packages/sqlalchemy/pool/base.py", line 1303, in _checkout
    fairy = _ConnectionRecord.checkout(pool)
  File "/usr/local/lib/python3.14/site-packages/sqlalchemy/pool/base.py", line 709, in checkout
    rec = pool._do_get()
  File "/usr/local/lib/python3.14/site-packages/sqlalchemy/pool/impl.py", line 176, in _do_get
    with util.safe_reraise():
         ~~~~~~~~~~~~~~~~~^^
  File "/usr/local/lib/python3.14/site-packages/sqlalchemy/util/langhelpers.py", line 166, in __exit__
    raise exc_value.with_traceback(exc_tb)
  File "/usr/local/lib/python3.14/site-packages/sqlalchemy/pool/impl.py", line 174, in _do_get
    return self._create_connection()
           ~~~~~~~~~~~~~~~~~~~~~~~^^
  File "/usr/local/lib/python3.14/site-packages/sqlalchemy/pool/base.py", line 386, in _create_connection
    return _ConnectionRecord(self)
  File "/usr/local/lib/python3.14/site-packages/sqlalchemy/pool/base.py", line 671, in __init__
    self.__connect()
    ~~~~~~~~~~~~~~^^
  File "/usr/local/lib/python3.14/site-packages/sqlalchemy/pool/base.py", line 906, in __connect
    with util.safe_reraise():
         ~~~~~~~~~~~~~~~~~^^
  File "/usr/local/lib/python3.14/site-packages/sqlalchemy/util/langhelpers.py", line 166, in __exit__
    raise exc_value.with_traceback(exc_tb)
  File "/usr/local/lib/python3.14/site-packages/sqlalchemy/pool/base.py", line 902, in __connect
    self.dbapi_connection = connection = pool._invoke_creator(self)
                                         ~~~~~~~~~~~~~~~~~~~~^^^^^^
  File "/usr/local/lib/python3.14/site-packages/sqlalchemy/engine/create.py", line 645, in connect
    return dialect.connect(*cargs_tup, **cparams)
           ~~~~~~~~~~~~~~~^^^^^^^^^^^^^^^^^^^^^^^
  File "/usr/local/lib/python3.14/site-packages/sqlalchemy/engine/default.py", line 869, in connect
    return self.loaded_dbapi.connect(*cargs, **cparams)  # type: ignore[no-any-return]  # NOQA: E501
           ~~~~~~~~~~~~~~~~~~~~~~~~~^^^^^^^^^^^^^^^^^^^
  File "/usr/local/lib/python3.14/site-packages/psycopg2/__init__.py", line 122, in connect
    conn = _connect(dsn, connection_factory=connection_factory, **kwasync)
psycopg2.OperationalError: connection to server at "db" (172.18.0.2), port 5432 failed: FATAL:  password authentication failed for user "weatherflow"


The above exception was the direct cause of the following exception:

Traceback (most recent call last):
  File "/app/pipeline/main.py", line 47, in main
    load_postgresql(geocoding_df, geocoding_table, if_exists="replace")
    ~~~~~~~~~~~~~~~^^^^^^^^^^^^^^^^^^^^^^^^^^^^^^^^^^^^^^^^^^^^^^^^^^^^
  File "/app/pipeline/loaded/load_postresql.py", line 324, in load_postgresql
    with engine.begin() as connection:
         ~~~~~~~~~~~~^^
  File "/usr/local/lib/python3.14/contextlib.py", line 141, in __enter__
    return next(self.gen)
  File "/usr/local/lib/python3.14/site-packages/sqlalchemy/engine/base.py", line 3224, in begin
    with self.connect() as conn:
         ~~~~~~~~~~~~^^
  File "/usr/local/lib/python3.14/site-packages/sqlalchemy/engine/base.py", line 3260, in connect
    return self._connection_cls(self)
           ~~~~~~~~~~~~~~~~~~~~^^^^^^
  File "/usr/local/lib/python3.14/site-packages/sqlalchemy/engine/base.py", line 151, in __init__
    Connection._handle_dbapi_exception_noconnection(
    ~~~~~~~~~~~~~~~~~~~~~~~~~~~~~~~~~~~~~~~~~~~~~~~^
        err, dialect, engine
        ^^^^^^^^^^^^^^^^^^^^
    )
    ^
  File "/usr/local/lib/python3.14/site-packages/sqlalchemy/engine/base.py", line 2417, in _handle_dbapi_exception_noconnection
    raise sqlalchemy_exception.with_traceback(exc_info[2]) from e
  File "/usr/local/lib/python3.14/site-packages/sqlalchemy/engine/base.py", line 149, in __init__
    self._dbapi_connection = engine.raw_connection()
                             ~~~~~~~~~~~~~~~~~~~~~^^
  File "/usr/local/lib/python3.14/site-packages/sqlalchemy/engine/base.py", line 3284, in raw_connection
    return self.pool.connect()
           ~~~~~~~~~~~~~~~~~^^
  File "/usr/local/lib/python3.14/site-packages/sqlalchemy/pool/base.py", line 445, in connect
    return _ConnectionFairy._checkout(self)
           ~~~~~~~~~~~~~~~~~~~~~~~~~~^^^^^^
  File "/usr/local/lib/python3.14/site-packages/sqlalchemy/pool/base.py", line 1303, in _checkout
    fairy = _ConnectionRecord.checkout(pool)
  File "/usr/local/lib/python3.14/site-packages/sqlalchemy/pool/base.py", line 709, in checkout
    rec = pool._do_get()
  File "/usr/local/lib/python3.14/site-packages/sqlalchemy/pool/impl.py", line 176, in _do_get
    with util.safe_reraise():
         ~~~~~~~~~~~~~~~~~^^
  File "/usr/local/lib/python3.14/site-packages/sqlalchemy/util/langhelpers.py", line 166, in __exit__
    raise exc_value.with_traceback(exc_tb)
  File "/usr/local/lib/python3.14/site-packages/sqlalchemy/pool/impl.py", line 174, in _do_get
    return self._create_connection()
           ~~~~~~~~~~~~~~~~~~~~~~~^^
  File "/usr/local/lib/python3.14/site-packages/sqlalchemy/pool/base.py", line 386, in _create_connection
    return _ConnectionRecord(self)
  File "/usr/local/lib/python3.14/site-packages/sqlalchemy/pool/base.py", line 671, in __init__
    self.__connect()
    ~~~~~~~~~~~~~~^^
  File "/usr/local/lib/python3.14/site-packages/sqlalchemy/pool/base.py", line 906, in __connect
    with util.safe_reraise():
         ~~~~~~~~~~~~~~~~~^^
  File "/usr/local/lib/python3.14/site-packages/sqlalchemy/util/langhelpers.py", line 166, in __exit__
    raise exc_value.with_traceback(exc_tb)
  File "/usr/local/lib/python3.14/site-packages/sqlalchemy/pool/base.py", line 902, in __connect
    self.dbapi_connection = connection = pool._invoke_creator(self)
                                         ~~~~~~~~~~~~~~~~~~~~^^^^^^
  File "/usr/local/lib/python3.14/site-packages/sqlalchemy/engine/create.py", line 645, in connect
    return dialect.connect(*cargs_tup, **cparams)
           ~~~~~~~~~~~~~~~^^^^^^^^^^^^^^^^^^^^^^^
  File "/usr/local/lib/python3.14/site-packages/sqlalchemy/engine/default.py", line 869, in connect
    return self.loaded_dbapi.connect(*cargs, **cparams)  # type: ignore[no-any-return]  # NOQA: E501
           ~~~~~~~~~~~~~~~~~~~~~~~~~^^^^^^^^^^^^^^^^^^^
  File "/usr/local/lib/python3.14/site-packages/psycopg2/__init__.py", line 122, in connect
    conn = _connect(dsn, connection_factory=connection_factory, **kwasync)
sqlalchemy.exc.OperationalError: (psycopg2.OperationalError) connection to server at "db" (172.18.0.2), port 5432 failed: FATAL:  password authentication failed for user "weatherflow"

(Background on this error at: https://sqlalche.me/e/21/e3q8)
2026-10-07 11:10:27,684 | INFO | __main__ | Processing city: Cagayan de Oro
2026-10-07 11:10:27,981 | INFO | __main__ | Geocoding extracted for Cagayan de Oro
2026-10-07 11:10:28,016 | ERROR | __main__ | Failed to process city: Cagayan de Oro
Traceback (most recent call last):
  File "/usr/local/lib/python3.14/site-packages/sqlalchemy/engine/base.py", line 149, in __init__
    self._dbapi_connection = engine.raw_connection()
                             ~~~~~~~~~~~~~~~~~~~~~^^
  File "/usr/local/lib/python3.14/site-packages/sqlalchemy/engine/base.py", line 3284, in raw_connection
    return self.pool.connect()
           ~~~~~~~~~~~~~~~~~^^
  File "/usr/local/lib/python3.14/site-packages/sqlalchemy/pool/base.py", line 445, in connect
    return _ConnectionFairy._checkout(self)
           ~~~~~~~~~~~~~~~~~~~~~~~~~~^^^^^^
  File "/usr/local/lib/python3.14/site-packages/sqlalchemy/pool/base.py", line 1303, in _checkout
    fairy = _ConnectionRecord.checkout(pool)
  File "/usr/local/lib/python3.14/site-packages/sqlalchemy/pool/base.py", line 709, in checkout
    rec = pool._do_get()
  File "/usr/local/lib/python3.14/site-packages/sqlalchemy/pool/impl.py", line 176, in _do_get
    with util.safe_reraise():
         ~~~~~~~~~~~~~~~~~^^
  File "/usr/local/lib/python3.14/site-packages/sqlalchemy/util/langhelpers.py", line 166, in __exit__
    raise exc_value.with_traceback(exc_tb)
  File "/usr/local/lib/python3.14/site-packages/sqlalchemy/pool/impl.py", line 174, in _do_get
    return self._create_connection()
           ~~~~~~~~~~~~~~~~~~~~~~~^^
  File "/usr/local/lib/python3.14/site-packages/sqlalchemy/pool/base.py", line 386, in _create_connection
    return _ConnectionRecord(self)
  File "/usr/local/lib/python3.14/site-packages/sqlalchemy/pool/base.py", line 671, in __init__
    self.__connect()
    ~~~~~~~~~~~~~~^^
  File "/usr/local/lib/python3.14/site-packages/sqlalchemy/pool/base.py", line 906, in __connect
    with util.safe_reraise():
         ~~~~~~~~~~~~~~~~~^^
  File "/usr/local/lib/python3.14/site-packages/sqlalchemy/util/langhelpers.py", line 166, in __exit__
    raise exc_value.with_traceback(exc_tb)
  File "/usr/local/lib/python3.14/site-packages/sqlalchemy/pool/base.py", line 902, in __connect
    self.dbapi_connection = connection = pool._invoke_creator(self)
                                         ~~~~~~~~~~~~~~~~~~~~^^^^^^
  File "/usr/local/lib/python3.14/site-packages/sqlalchemy/engine/create.py", line 645, in connect
    return dialect.connect(*cargs_tup, **cparams)
           ~~~~~~~~~~~~~~~^^^^^^^^^^^^^^^^^^^^^^^
  File "/usr/local/lib/python3.14/site-packages/sqlalchemy/engine/default.py", line 869, in connect
    return self.loaded_dbapi.connect(*cargs, **cparams)  # type: ignore[no-any-return]  # NOQA: E501
           ~~~~~~~~~~~~~~~~~~~~~~~~~^^^^^^^^^^^^^^^^^^^
  File "/usr/local/lib/python3.14/site-packages/psycopg2/__init__.py", line 122, in connect
    conn = _connect(dsn, connection_factory=connection_factory, **kwasync)
psycopg2.OperationalError: connection to server at "db" (172.18.0.2), port 5432 failed: FATAL:  password authentication failed for user "weatherflow"


The above exception was the direct cause of the following exception:

Traceback (most recent call last):
  File "/app/pipeline/main.py", line 47, in main
    load_postgresql(geocoding_df, geocoding_table, if_exists="replace")
    ~~~~~~~~~~~~~~~^^^^^^^^^^^^^^^^^^^^^^^^^^^^^^^^^^^^^^^^^^^^^^^^^^^^
  File "/app/pipeline/loaded/load_postresql.py", line 324, in load_postgresql
    with engine.begin() as connection:
         ~~~~~~~~~~~~^^
  File "/usr/local/lib/python3.14/contextlib.py", line 141, in __enter__
    return next(self.gen)
  File "/usr/local/lib/python3.14/site-packages/sqlalchemy/engine/base.py", line 3224, in begin
    with self.connect() as conn:
         ~~~~~~~~~~~~^^
  File "/usr/local/lib/python3.14/site-packages/sqlalchemy/engine/base.py", line 3260, in connect
    return self._connection_cls(self)
           ~~~~~~~~~~~~~~~~~~~~^^^^^^
  File "/usr/local/lib/python3.14/site-packages/sqlalchemy/engine/base.py", line 151, in __init__
    Connection._handle_dbapi_exception_noconnection(
    ~~~~~~~~~~~~~~~~~~~~~~~~~~~~~~~~~~~~~~~~~~~~~~~^
        err, dialect, engine
        ^^^^^^^^^^^^^^^^^^^^
    )
    ^
  File "/usr/local/lib/python3.14/site-packages/sqlalchemy/engine/base.py", line 2417, in _handle_dbapi_exception_noconnection
    raise sqlalchemy_exception.with_traceback(exc_info[2]) from e
  File "/usr/local/lib/python3.14/site-packages/sqlalchemy/engine/base.py", line 149, in __init__
    self._dbapi_connection = engine.raw_connection()
                             ~~~~~~~~~~~~~~~~~~~~~^^
  File "/usr/local/lib/python3.14/site-packages/sqlalchemy/engine/base.py", line 3284, in raw_connection
    return self.pool.connect()
           ~~~~~~~~~~~~~~~~~^^
  File "/usr/local/lib/python3.14/site-packages/sqlalchemy/pool/base.py", line 445, in connect
    return _ConnectionFairy._checkout(self)
           ~~~~~~~~~~~~~~~~~~~~~~~~~~^^^^^^
  File "/usr/local/lib/python3.14/site-packages/sqlalchemy/pool/base.py", line 1303, in _checkout
    fairy = _ConnectionRecord.checkout(pool)
  File "/usr/local/lib/python3.14/site-packages/sqlalchemy/pool/base.py", line 709, in checkout
    rec = pool._do_get()
  File "/usr/local/lib/python3.14/site-packages/sqlalchemy/pool/impl.py", line 176, in _do_get
    with util.safe_reraise():
         ~~~~~~~~~~~~~~~~~^^
  File "/usr/local/lib/python3.14/site-packages/sqlalchemy/util/langhelpers.py", line 166, in __exit__
    raise exc_value.with_traceback(exc_tb)
  File "/usr/local/lib/python3.14/site-packages/sqlalchemy/pool/impl.py", line 174, in _do_get
    return self._create_connection()
           ~~~~~~~~~~~~~~~~~~~~~~~^^
  File "/usr/local/lib/python3.14/site-packages/sqlalchemy/pool/base.py", line 386, in _create_connection
    return _ConnectionRecord(self)
  File "/usr/local/lib/python3.14/site-packages/sqlalchemy/pool/base.py", line 671, in __init__
    self.__connect()
    ~~~~~~~~~~~~~~^^
  File "/usr/local/lib/python3.14/site-packages/sqlalchemy/pool/base.py", line 906, in __connect
    with util.safe_reraise():
         ~~~~~~~~~~~~~~~~~^^
  File "/usr/local/lib/python3.14/site-packages/sqlalchemy/util/langhelpers.py", line 166, in __exit__
    raise exc_value.with_traceback(exc_tb)
  File "/usr/local/lib/python3.14/site-packages/sqlalchemy/pool/base.py", line 902, in __connect
    self.dbapi_connection = connection = pool._invoke_creator(self)
                                         ~~~~~~~~~~~~~~~~~~~~^^^^^^
  File "/usr/local/lib/python3.14/site-packages/sqlalchemy/engine/create.py", line 645, in connect
    return dialect.connect(*cargs_tup, **cparams)
           ~~~~~~~~~~~~~~~^^^^^^^^^^^^^^^^^^^^^^^
  File "/usr/local/lib/python3.14/site-packages/sqlalchemy/engine/default.py", line 869, in connect
    return self.loaded_dbapi.connect(*cargs, **cparams)  # type: ignore[no-any-return]  # NOQA: E501
           ~~~~~~~~~~~~~~~~~~~~~~~~~^^^^^^^^^^^^^^^^^^^
  File "/usr/local/lib/python3.14/site-packages/psycopg2/__init__.py", line 122, in connect
    conn = _connect(dsn, connection_factory=connection_factory, **kwasync)
sqlalchemy.exc.OperationalError: (psycopg2.OperationalError) connection to server at "db" (172.18.0.2), port 5432 failed: FATAL:  password authentication failed for user "weatherflow"

(Background on this error at: https://sqlalche.me/e/21/e3q8)
2026-10-07 11:10:28,028 | INFO | __main__ | Processing city: Zamboanga City
2026-10-07 11:10:28,252 | INFO | __main__ | Geocoding extracted for Zamboanga City
2026-10-07 11:10:28,277 | ERROR | __main__ | Failed to process city: Zamboanga City
Traceback (most recent call last):
  File "/usr/local/lib/python3.14/site-packages/sqlalchemy/engine/base.py", line 149, in __init__
    self._dbapi_connection = engine.raw_connection()
                             ~~~~~~~~~~~~~~~~~~~~~^^
  File "/usr/local/lib/python3.14/site-packages/sqlalchemy/engine/base.py", line 3284, in raw_connection
    return self.pool.connect()
           ~~~~~~~~~~~~~~~~~^^
  File "/usr/local/lib/python3.14/site-packages/sqlalchemy/pool/base.py", line 445, in connect
    return _ConnectionFairy._checkout(self)
           ~~~~~~~~~~~~~~~~~~~~~~~~~~^^^^^^
  File "/usr/local/lib/python3.14/site-packages/sqlalchemy/pool/base.py", line 1303, in _checkout
    fairy = _ConnectionRecord.checkout(pool)
  File "/usr/local/lib/python3.14/site-packages/sqlalchemy/pool/base.py", line 709, in checkout
    rec = pool._do_get()
  File "/usr/local/lib/python3.14/site-packages/sqlalchemy/pool/impl.py", line 176, in _do_get
    with util.safe_reraise():
         ~~~~~~~~~~~~~~~~~^^
  File "/usr/local/lib/python3.14/site-packages/sqlalchemy/util/langhelpers.py", line 166, in __exit__
    raise exc_value.with_traceback(exc_tb)
  File "/usr/local/lib/python3.14/site-packages/sqlalchemy/pool/impl.py", line 174, in _do_get
    return self._create_connection()
           ~~~~~~~~~~~~~~~~~~~~~~~^^
  File "/usr/local/lib/python3.14/site-packages/sqlalchemy/pool/base.py", line 386, in _create_connection
    return _ConnectionRecord(self)
  File "/usr/local/lib/python3.14/site-packages/sqlalchemy/pool/base.py", line 671, in __init__
    self.__connect()
    ~~~~~~~~~~~~~~^^
  File "/usr/local/lib/python3.14/site-packages/sqlalchemy/pool/base.py", line 906, in __connect
    with util.safe_reraise():
         ~~~~~~~~~~~~~~~~~^^
  File "/usr/local/lib/python3.14/site-packages/sqlalchemy/util/langhelpers.py", line 166, in __exit__
    raise exc_value.with_traceback(exc_tb)
  File "/usr/local/lib/python3.14/site-packages/sqlalchemy/pool/base.py", line 902, in __connect
    self.dbapi_connection = connection = pool._invoke_creator(self)
                                         ~~~~~~~~~~~~~~~~~~~~^^^^^^
  File "/usr/local/lib/python3.14/site-packages/sqlalchemy/engine/create.py", line 645, in connect
    return dialect.connect(*cargs_tup, **cparams)
           ~~~~~~~~~~~~~~~^^^^^^^^^^^^^^^^^^^^^^^
  File "/usr/local/lib/python3.14/site-packages/sqlalchemy/engine/default.py", line 869, in connect
    return self.loaded_dbapi.connect(*cargs, **cparams)  # type: ignore[no-any-return]  # NOQA: E501
           ~~~~~~~~~~~~~~~~~~~~~~~~~^^^^^^^^^^^^^^^^^^^
  File "/usr/local/lib/python3.14/site-packages/psycopg2/__init__.py", line 122, in connect
    conn = _connect(dsn, connection_factory=connection_factory, **kwasync)
psycopg2.OperationalError: connection to server at "db" (172.18.0.2), port 5432 failed: FATAL:  password authentication failed for user "weatherflow"


The above exception was the direct cause of the following exception:

Traceback (most recent call last):
  File "/app/pipeline/main.py", line 47, in main
    load_postgresql(geocoding_df, geocoding_table, if_exists="replace")
    ~~~~~~~~~~~~~~~^^^^^^^^^^^^^^^^^^^^^^^^^^^^^^^^^^^^^^^^^^^^^^^^^^^^
  File "/app/pipeline/loaded/load_postresql.py", line 324, in load_postgresql
    with engine.begin() as connection:
         ~~~~~~~~~~~~^^
  File "/usr/local/lib/python3.14/contextlib.py", line 141, in __enter__
    return next(self.gen)
  File "/usr/local/lib/python3.14/site-packages/sqlalchemy/engine/base.py", line 3224, in begin
    with self.connect() as conn:
         ~~~~~~~~~~~~^^
  File "/usr/local/lib/python3.14/site-packages/sqlalchemy/engine/base.py", line 3260, in connect
    return self._connection_cls(self)
           ~~~~~~~~~~~~~~~~~~~~^^^^^^
  File "/usr/local/lib/python3.14/site-packages/sqlalchemy/engine/base.py", line 151, in __init__
    Connection._handle_dbapi_exception_noconnection(
    ~~~~~~~~~~~~~~~~~~~~~~~~~~~~~~~~~~~~~~~~~~~~~~~^
        err, dialect, engine
        ^^^^^^^^^^^^^^^^^^^^
    )
    ^
  File "/usr/local/lib/python3.14/site-packages/sqlalchemy/engine/base.py", line 2417, in _handle_dbapi_exception_noconnection
    raise sqlalchemy_exception.with_traceback(exc_info[2]) from e
  File "/usr/local/lib/python3.14/site-packages/sqlalchemy/engine/base.py", line 149, in __init__
    self._dbapi_connection = engine.raw_connection()
                             ~~~~~~~~~~~~~~~~~~~~~^^
  File "/usr/local/lib/python3.14/site-packages/sqlalchemy/engine/base.py", line 3284, in raw_connection
    return self.pool.connect()
           ~~~~~~~~~~~~~~~~~^^
  File "/usr/local/lib/python3.14/site-packages/sqlalchemy/pool/base.py", line 445, in connect
    return _ConnectionFairy._checkout(self)
           ~~~~~~~~~~~~~~~~~~~~~~~~~~^^^^^^
  File "/usr/local/lib/python3.14/site-packages/sqlalchemy/pool/base.py", line 1303, in _checkout
    fairy = _ConnectionRecord.checkout(pool)
  File "/usr/local/lib/python3.14/site-packages/sqlalchemy/pool/base.py", line 709, in checkout
    rec = pool._do_get()
  File "/usr/local/lib/python3.14/site-packages/sqlalchemy/pool/impl.py", line 176, in _do_get
    with util.safe_reraise():
         ~~~~~~~~~~~~~~~~~^^
  File "/usr/local/lib/python3.14/site-packages/sqlalchemy/util/langhelpers.py", line 166, in __exit__
    raise exc_value.with_traceback(exc_tb)
  File "/usr/local/lib/python3.14/site-packages/sqlalchemy/pool/impl.py", line 174, in _do_get
    return self._create_connection()
           ~~~~~~~~~~~~~~~~~~~~~~~^^
  File "/usr/local/lib/python3.14/site-packages/sqlalchemy/pool/base.py", line 386, in _create_connection
    return _ConnectionRecord(self)
  File "/usr/local/lib/python3.14/site-packages/sqlalchemy/pool/base.py", line 671, in __init__
    self.__connect()
    ~~~~~~~~~~~~~~^^
  File "/usr/local/lib/python3.14/site-packages/sqlalchemy/pool/base.py", line 906, in __connect
    with util.safe_reraise():
         ~~~~~~~~~~~~~~~~~^^
  File "/usr/local/lib/python3.14/site-packages/sqlalchemy/util/langhelpers.py", line 166, in __exit__
    raise exc_value.with_traceback(exc_tb)
  File "/usr/local/lib/python3.14/site-packages/sqlalchemy/pool/base.py", line 902, in __connect
    self.dbapi_connection = connection = pool._invoke_creator(self)
                                         ~~~~~~~~~~~~~~~~~~~~^^^^^^
  File "/usr/local/lib/python3.14/site-packages/sqlalchemy/engine/create.py", line 645, in connect
    return dialect.connect(*cargs_tup, **cparams)
           ~~~~~~~~~~~~~~~^^^^^^^^^^^^^^^^^^^^^^^
  File "/usr/local/lib/python3.14/site-packages/sqlalchemy/engine/default.py", line 869, in connect
    return self.loaded_dbapi.connect(*cargs, **cparams)  # type: ignore[no-any-return]  # NOQA: E501
           ~~~~~~~~~~~~~~~~~~~~~~~~~^^^^^^^^^^^^^^^^^^^
  File "/usr/local/lib/python3.14/site-packages/psycopg2/__init__.py", line 122, in connect
    conn = _connect(dsn, connection_factory=connection_factory, **kwasync)
sqlalchemy.exc.OperationalError: (psycopg2.OperationalError) connection to server at "db" (172.18.0.2), port 5432 failed: FATAL:  password authentication failed for user "weatherflow"

(Background on this error at: https://sqlalche.me/e/21/e3q8)
2026-10-07 11:10:28,285 | INFO | __main__ | Weather ingestion completed.
2026-10-07 11:36:40,216 | INFO | __main__ | Starting Weather Ingestion...
2026-10-07 11:36:40,219 | INFO | __main__ | Processing city: Manila
2026-10-07 11:36:40,535 | INFO | __main__ | Geocoding extracted for Manila
2026-10-07 11:36:40,703 | ERROR | __main__ | Failed to process city: Manila
Traceback (most recent call last):
  File "/usr/local/lib/python3.14/site-packages/sqlalchemy/engine/base.py", line 149, in __init__
    self._dbapi_connection = engine.raw_connection()
                             ~~~~~~~~~~~~~~~~~~~~~^^
  File "/usr/local/lib/python3.14/site-packages/sqlalchemy/engine/base.py", line 3284, in raw_connection
    return self.pool.connect()
           ~~~~~~~~~~~~~~~~~^^
  File "/usr/local/lib/python3.14/site-packages/sqlalchemy/pool/base.py", line 445, in connect
    return _ConnectionFairy._checkout(self)
           ~~~~~~~~~~~~~~~~~~~~~~~~~~^^^^^^
  File "/usr/local/lib/python3.14/site-packages/sqlalchemy/pool/base.py", line 1303, in _checkout
    fairy = _ConnectionRecord.checkout(pool)
  File "/usr/local/lib/python3.14/site-packages/sqlalchemy/pool/base.py", line 709, in checkout
    rec = pool._do_get()
  File "/usr/local/lib/python3.14/site-packages/sqlalchemy/pool/impl.py", line 176, in _do_get
    with util.safe_reraise():
         ~~~~~~~~~~~~~~~~~^^
  File "/usr/local/lib/python3.14/site-packages/sqlalchemy/util/langhelpers.py", line 166, in __exit__
    raise exc_value.with_traceback(exc_tb)
  File "/usr/local/lib/python3.14/site-packages/sqlalchemy/pool/impl.py", line 174, in _do_get
    return self._create_connection()
           ~~~~~~~~~~~~~~~~~~~~~~~^^
  File "/usr/local/lib/python3.14/site-packages/sqlalchemy/pool/base.py", line 386, in _create_connection
    return _ConnectionRecord(self)
  File "/usr/local/lib/python3.14/site-packages/sqlalchemy/pool/base.py", line 671, in __init__
    self.__connect()
    ~~~~~~~~~~~~~~^^
  File "/usr/local/lib/python3.14/site-packages/sqlalchemy/pool/base.py", line 906, in __connect
    with util.safe_reraise():
         ~~~~~~~~~~~~~~~~~^^
  File "/usr/local/lib/python3.14/site-packages/sqlalchemy/util/langhelpers.py", line 166, in __exit__
    raise exc_value.with_traceback(exc_tb)
  File "/usr/local/lib/python3.14/site-packages/sqlalchemy/pool/base.py", line 902, in __connect
    self.dbapi_connection = connection = pool._invoke_creator(self)
                                         ~~~~~~~~~~~~~~~~~~~~^^^^^^
  File "/usr/local/lib/python3.14/site-packages/sqlalchemy/engine/create.py", line 645, in connect
    return dialect.connect(*cargs_tup, **cparams)
           ~~~~~~~~~~~~~~~^^^^^^^^^^^^^^^^^^^^^^^
  File "/usr/local/lib/python3.14/site-packages/sqlalchemy/engine/default.py", line 869, in connect
    return self.loaded_dbapi.connect(*cargs, **cparams)  # type: ignore[no-any-return]  # NOQA: E501
           ~~~~~~~~~~~~~~~~~~~~~~~~~^^^^^^^^^^^^^^^^^^^
  File "/usr/local/lib/python3.14/site-packages/psycopg2/__init__.py", line 122, in connect
    conn = _connect(dsn, connection_factory=connection_factory, **kwasync)
psycopg2.OperationalError: connection to server at "db" (172.18.0.2), port 5432 failed: FATAL:  password authentication failed for user "weatherflow"


The above exception was the direct cause of the following exception:

Traceback (most recent call last):
  File "/app/pipeline/main.py", line 47, in main
    load_postgresql(geocoding_df, geocoding_table, if_exists="replace")
    ~~~~~~~~~~~~~~~^^^^^^^^^^^^^^^^^^^^^^^^^^^^^^^^^^^^^^^^^^^^^^^^^^^^
  File "/app/pipeline/loaded/load_postresql.py", line 324, in load_postgresql
    with engine.begin() as connection:
         ~~~~~~~~~~~~^^
  File "/usr/local/lib/python3.14/contextlib.py", line 141, in __enter__
    return next(self.gen)
  File "/usr/local/lib/python3.14/site-packages/sqlalchemy/engine/base.py", line 3224, in begin
    with self.connect() as conn:
         ~~~~~~~~~~~~^^
  File "/usr/local/lib/python3.14/site-packages/sqlalchemy/engine/base.py", line 3260, in connect
    return self._connection_cls(self)
           ~~~~~~~~~~~~~~~~~~~~^^^^^^
  File "/usr/local/lib/python3.14/site-packages/sqlalchemy/engine/base.py", line 151, in __init__
    Connection._handle_dbapi_exception_noconnection(
    ~~~~~~~~~~~~~~~~~~~~~~~~~~~~~~~~~~~~~~~~~~~~~~~^
        err, dialect, engine
        ^^^^^^^^^^^^^^^^^^^^
    )
    ^
  File "/usr/local/lib/python3.14/site-packages/sqlalchemy/engine/base.py", line 2417, in _handle_dbapi_exception_noconnection
    raise sqlalchemy_exception.with_traceback(exc_info[2]) from e
  File "/usr/local/lib/python3.14/site-packages/sqlalchemy/engine/base.py", line 149, in __init__
    self._dbapi_connection = engine.raw_connection()
                             ~~~~~~~~~~~~~~~~~~~~~^^
  File "/usr/local/lib/python3.14/site-packages/sqlalchemy/engine/base.py", line 3284, in raw_connection
    return self.pool.connect()
           ~~~~~~~~~~~~~~~~~^^
  File "/usr/local/lib/python3.14/site-packages/sqlalchemy/pool/base.py", line 445, in connect
    return _ConnectionFairy._checkout(self)
           ~~~~~~~~~~~~~~~~~~~~~~~~~~^^^^^^
  File "/usr/local/lib/python3.14/site-packages/sqlalchemy/pool/base.py", line 1303, in _checkout
    fairy = _ConnectionRecord.checkout(pool)
  File "/usr/local/lib/python3.14/site-packages/sqlalchemy/pool/base.py", line 709, in checkout
    rec = pool._do_get()
  File "/usr/local/lib/python3.14/site-packages/sqlalchemy/pool/impl.py", line 176, in _do_get
    with util.safe_reraise():
         ~~~~~~~~~~~~~~~~~^^
  File "/usr/local/lib/python3.14/site-packages/sqlalchemy/util/langhelpers.py", line 166, in __exit__
    raise exc_value.with_traceback(exc_tb)
  File "/usr/local/lib/python3.14/site-packages/sqlalchemy/pool/impl.py", line 174, in _do_get
    return self._create_connection()
           ~~~~~~~~~~~~~~~~~~~~~~~^^
  File "/usr/local/lib/python3.14/site-packages/sqlalchemy/pool/base.py", line 386, in _create_connection
    return _ConnectionRecord(self)
  File "/usr/local/lib/python3.14/site-packages/sqlalchemy/pool/base.py", line 671, in __init__
    self.__connect()
    ~~~~~~~~~~~~~~^^
  File "/usr/local/lib/python3.14/site-packages/sqlalchemy/pool/base.py", line 906, in __connect
    with util.safe_reraise():
         ~~~~~~~~~~~~~~~~~^^
  File "/usr/local/lib/python3.14/site-packages/sqlalchemy/util/langhelpers.py", line 166, in __exit__
    raise exc_value.with_traceback(exc_tb)
  File "/usr/local/lib/python3.14/site-packages/sqlalchemy/pool/base.py", line 902, in __connect
    self.dbapi_connection = connection = pool._invoke_creator(self)
                                         ~~~~~~~~~~~~~~~~~~~~^^^^^^
  File "/usr/local/lib/python3.14/site-packages/sqlalchemy/engine/create.py", line 645, in connect
    return dialect.connect(*cargs_tup, **cparams)
           ~~~~~~~~~~~~~~~^^^^^^^^^^^^^^^^^^^^^^^
  File "/usr/local/lib/python3.14/site-packages/sqlalchemy/engine/default.py", line 869, in connect
    return self.loaded_dbapi.connect(*cargs, **cparams)  # type: ignore[no-any-return]  # NOQA: E501
           ~~~~~~~~~~~~~~~~~~~~~~~~~^^^^^^^^^^^^^^^^^^^
  File "/usr/local/lib/python3.14/site-packages/psycopg2/__init__.py", line 122, in connect
    conn = _connect(dsn, connection_factory=connection_factory, **kwasync)
sqlalchemy.exc.OperationalError: (psycopg2.OperationalError) connection to server at "db" (172.18.0.2), port 5432 failed: FATAL:  password authentication failed for user "weatherflow"

(Background on this error at: https://sqlalche.me/e/21/e3q8)
2026-10-07 11:36:40,723 | INFO | __main__ | Processing city: Quezon City
2026-10-07 11:36:40,966 | INFO | __main__ | Geocoding extracted for Quezon City
2026-10-07 11:36:40,991 | ERROR | __main__ | Failed to process city: Quezon City
Traceback (most recent call last):
  File "/usr/local/lib/python3.14/site-packages/sqlalchemy/engine/base.py", line 149, in __init__
    self._dbapi_connection = engine.raw_connection()
                             ~~~~~~~~~~~~~~~~~~~~~^^
  File "/usr/local/lib/python3.14/site-packages/sqlalchemy/engine/base.py", line 3284, in raw_connection
    return self.pool.connect()
           ~~~~~~~~~~~~~~~~~^^
  File "/usr/local/lib/python3.14/site-packages/sqlalchemy/pool/base.py", line 445, in connect
    return _ConnectionFairy._checkout(self)
           ~~~~~~~~~~~~~~~~~~~~~~~~~~^^^^^^
  File "/usr/local/lib/python3.14/site-packages/sqlalchemy/pool/base.py", line 1303, in _checkout
    fairy = _ConnectionRecord.checkout(pool)
  File "/usr/local/lib/python3.14/site-packages/sqlalchemy/pool/base.py", line 709, in checkout
    rec = pool._do_get()
  File "/usr/local/lib/python3.14/site-packages/sqlalchemy/pool/impl.py", line 176, in _do_get
    with util.safe_reraise():
         ~~~~~~~~~~~~~~~~~^^
  File "/usr/local/lib/python3.14/site-packages/sqlalchemy/util/langhelpers.py", line 166, in __exit__
    raise exc_value.with_traceback(exc_tb)
  File "/usr/local/lib/python3.14/site-packages/sqlalchemy/pool/impl.py", line 174, in _do_get
    return self._create_connection()
           ~~~~~~~~~~~~~~~~~~~~~~~^^
  File "/usr/local/lib/python3.14/site-packages/sqlalchemy/pool/base.py", line 386, in _create_connection
    return _ConnectionRecord(self)
  File "/usr/local/lib/python3.14/site-packages/sqlalchemy/pool/base.py", line 671, in __init__
    self.__connect()
    ~~~~~~~~~~~~~~^^
  File "/usr/local/lib/python3.14/site-packages/sqlalchemy/pool/base.py", line 906, in __connect
    with util.safe_reraise():
         ~~~~~~~~~~~~~~~~~^^
  File "/usr/local/lib/python3.14/site-packages/sqlalchemy/util/langhelpers.py", line 166, in __exit__
    raise exc_value.with_traceback(exc_tb)
  File "/usr/local/lib/python3.14/site-packages/sqlalchemy/pool/base.py", line 902, in __connect
    self.dbapi_connection = connection = pool._invoke_creator(self)
                                         ~~~~~~~~~~~~~~~~~~~~^^^^^^
  File "/usr/local/lib/python3.14/site-packages/sqlalchemy/engine/create.py", line 645, in connect
    return dialect.connect(*cargs_tup, **cparams)
           ~~~~~~~~~~~~~~~^^^^^^^^^^^^^^^^^^^^^^^
  File "/usr/local/lib/python3.14/site-packages/sqlalchemy/engine/default.py", line 869, in connect
    return self.loaded_dbapi.connect(*cargs, **cparams)  # type: ignore[no-any-return]  # NOQA: E501
           ~~~~~~~~~~~~~~~~~~~~~~~~~^^^^^^^^^^^^^^^^^^^
  File "/usr/local/lib/python3.14/site-packages/psycopg2/__init__.py", line 122, in connect
    conn = _connect(dsn, connection_factory=connection_factory, **kwasync)
psycopg2.OperationalError: connection to server at "db" (172.18.0.2), port 5432 failed: FATAL:  password authentication failed for user "weatherflow"


The above exception was the direct cause of the following exception:

Traceback (most recent call last):
  File "/app/pipeline/main.py", line 47, in main
    load_postgresql(geocoding_df, geocoding_table, if_exists="replace")
    ~~~~~~~~~~~~~~~^^^^^^^^^^^^^^^^^^^^^^^^^^^^^^^^^^^^^^^^^^^^^^^^^^^^
  File "/app/pipeline/loaded/load_postresql.py", line 324, in load_postgresql
    with engine.begin() as connection:
         ~~~~~~~~~~~~^^
  File "/usr/local/lib/python3.14/contextlib.py", line 141, in __enter__
    return next(self.gen)
  File "/usr/local/lib/python3.14/site-packages/sqlalchemy/engine/base.py", line 3224, in begin
    with self.connect() as conn:
         ~~~~~~~~~~~~^^
  File "/usr/local/lib/python3.14/site-packages/sqlalchemy/engine/base.py", line 3260, in connect
    return self._connection_cls(self)
           ~~~~~~~~~~~~~~~~~~~~^^^^^^
  File "/usr/local/lib/python3.14/site-packages/sqlalchemy/engine/base.py", line 151, in __init__
    Connection._handle_dbapi_exception_noconnection(
    ~~~~~~~~~~~~~~~~~~~~~~~~~~~~~~~~~~~~~~~~~~~~~~~^
        err, dialect, engine
        ^^^^^^^^^^^^^^^^^^^^
    )
    ^
  File "/usr/local/lib/python3.14/site-packages/sqlalchemy/engine/base.py", line 2417, in _handle_dbapi_exception_noconnection
    raise sqlalchemy_exception.with_traceback(exc_info[2]) from e
  File "/usr/local/lib/python3.14/site-packages/sqlalchemy/engine/base.py", line 149, in __init__
    self._dbapi_connection = engine.raw_connection()
                             ~~~~~~~~~~~~~~~~~~~~~^^
  File "/usr/local/lib/python3.14/site-packages/sqlalchemy/engine/base.py", line 3284, in raw_connection
    return self.pool.connect()
           ~~~~~~~~~~~~~~~~~^^
  File "/usr/local/lib/python3.14/site-packages/sqlalchemy/pool/base.py", line 445, in connect
    return _ConnectionFairy._checkout(self)
           ~~~~~~~~~~~~~~~~~~~~~~~~~~^^^^^^
  File "/usr/local/lib/python3.14/site-packages/sqlalchemy/pool/base.py", line 1303, in _checkout
    fairy = _ConnectionRecord.checkout(pool)
  File "/usr/local/lib/python3.14/site-packages/sqlalchemy/pool/base.py", line 709, in checkout
    rec = pool._do_get()
  File "/usr/local/lib/python3.14/site-packages/sqlalchemy/pool/impl.py", line 176, in _do_get
    with util.safe_reraise():
         ~~~~~~~~~~~~~~~~~^^
  File "/usr/local/lib/python3.14/site-packages/sqlalchemy/util/langhelpers.py", line 166, in __exit__
    raise exc_value.with_traceback(exc_tb)
  File "/usr/local/lib/python3.14/site-packages/sqlalchemy/pool/impl.py", line 174, in _do_get
    return self._create_connection()
           ~~~~~~~~~~~~~~~~~~~~~~~^^
  File "/usr/local/lib/python3.14/site-packages/sqlalchemy/pool/base.py", line 386, in _create_connection
    return _ConnectionRecord(self)
  File "/usr/local/lib/python3.14/site-packages/sqlalchemy/pool/base.py", line 671, in __init__
    self.__connect()
    ~~~~~~~~~~~~~~^^
  File "/usr/local/lib/python3.14/site-packages/sqlalchemy/pool/base.py", line 906, in __connect
    with util.safe_reraise():
         ~~~~~~~~~~~~~~~~~^^
  File "/usr/local/lib/python3.14/site-packages/sqlalchemy/util/langhelpers.py", line 166, in __exit__
    raise exc_value.with_traceback(exc_tb)
  File "/usr/local/lib/python3.14/site-packages/sqlalchemy/pool/base.py", line 902, in __connect
    self.dbapi_connection = connection = pool._invoke_creator(self)
                                         ~~~~~~~~~~~~~~~~~~~~^^^^^^
  File "/usr/local/lib/python3.14/site-packages/sqlalchemy/engine/create.py", line 645, in connect
    return dialect.connect(*cargs_tup, **cparams)
           ~~~~~~~~~~~~~~~^^^^^^^^^^^^^^^^^^^^^^^
  File "/usr/local/lib/python3.14/site-packages/sqlalchemy/engine/default.py", line 869, in connect
    return self.loaded_dbapi.connect(*cargs, **cparams)  # type: ignore[no-any-return]  # NOQA: E501
           ~~~~~~~~~~~~~~~~~~~~~~~~~^^^^^^^^^^^^^^^^^^^
  File "/usr/local/lib/python3.14/site-packages/psycopg2/__init__.py", line 122, in connect
    conn = _connect(dsn, connection_factory=connection_factory, **kwasync)
sqlalchemy.exc.OperationalError: (psycopg2.OperationalError) connection to server at "db" (172.18.0.2), port 5432 failed: FATAL:  password authentication failed for user "weatherflow"

(Background on this error at: https://sqlalche.me/e/21/e3q8)
2026-10-07 11:36:41,002 | INFO | __main__ | Processing city: Cebu City
2026-10-07 11:36:41,244 | INFO | __main__ | Geocoding extracted for Cebu City
2026-10-07 11:36:41,262 | ERROR | __main__ | Failed to process city: Cebu City
Traceback (most recent call last):
  File "/usr/local/lib/python3.14/site-packages/sqlalchemy/engine/base.py", line 149, in __init__
    self._dbapi_connection = engine.raw_connection()
                             ~~~~~~~~~~~~~~~~~~~~~^^
  File "/usr/local/lib/python3.14/site-packages/sqlalchemy/engine/base.py", line 3284, in raw_connection
    return self.pool.connect()
           ~~~~~~~~~~~~~~~~~^^
  File "/usr/local/lib/python3.14/site-packages/sqlalchemy/pool/base.py", line 445, in connect
    return _ConnectionFairy._checkout(self)
           ~~~~~~~~~~~~~~~~~~~~~~~~~~^^^^^^
  File "/usr/local/lib/python3.14/site-packages/sqlalchemy/pool/base.py", line 1303, in _checkout
    fairy = _ConnectionRecord.checkout(pool)
  File "/usr/local/lib/python3.14/site-packages/sqlalchemy/pool/base.py", line 709, in checkout
    rec = pool._do_get()
  File "/usr/local/lib/python3.14/site-packages/sqlalchemy/pool/impl.py", line 176, in _do_get
    with util.safe_reraise():
         ~~~~~~~~~~~~~~~~~^^
  File "/usr/local/lib/python3.14/site-packages/sqlalchemy/util/langhelpers.py", line 166, in __exit__
    raise exc_value.with_traceback(exc_tb)
  File "/usr/local/lib/python3.14/site-packages/sqlalchemy/pool/impl.py", line 174, in _do_get
    return self._create_connection()
           ~~~~~~~~~~~~~~~~~~~~~~~^^
  File "/usr/local/lib/python3.14/site-packages/sqlalchemy/pool/base.py", line 386, in _create_connection
    return _ConnectionRecord(self)
  File "/usr/local/lib/python3.14/site-packages/sqlalchemy/pool/base.py", line 671, in __init__
    self.__connect()
    ~~~~~~~~~~~~~~^^
  File "/usr/local/lib/python3.14/site-packages/sqlalchemy/pool/base.py", line 906, in __connect
    with util.safe_reraise():
         ~~~~~~~~~~~~~~~~~^^
  File "/usr/local/lib/python3.14/site-packages/sqlalchemy/util/langhelpers.py", line 166, in __exit__
    raise exc_value.with_traceback(exc_tb)
  File "/usr/local/lib/python3.14/site-packages/sqlalchemy/pool/base.py", line 902, in __connect
    self.dbapi_connection = connection = pool._invoke_creator(self)
                                         ~~~~~~~~~~~~~~~~~~~~^^^^^^
  File "/usr/local/lib/python3.14/site-packages/sqlalchemy/engine/create.py", line 645, in connect
    return dialect.connect(*cargs_tup, **cparams)
           ~~~~~~~~~~~~~~~^^^^^^^^^^^^^^^^^^^^^^^
  File "/usr/local/lib/python3.14/site-packages/sqlalchemy/engine/default.py", line 869, in connect
    return self.loaded_dbapi.connect(*cargs, **cparams)  # type: ignore[no-any-return]  # NOQA: E501
           ~~~~~~~~~~~~~~~~~~~~~~~~~^^^^^^^^^^^^^^^^^^^
  File "/usr/local/lib/python3.14/site-packages/psycopg2/__init__.py", line 122, in connect
    conn = _connect(dsn, connection_factory=connection_factory, **kwasync)
psycopg2.OperationalError: connection to server at "db" (172.18.0.2), port 5432 failed: FATAL:  password authentication failed for user "weatherflow"


The above exception was the direct cause of the following exception:

Traceback (most recent call last):
  File "/app/pipeline/main.py", line 47, in main
    load_postgresql(geocoding_df, geocoding_table, if_exists="replace")
    ~~~~~~~~~~~~~~~^^^^^^^^^^^^^^^^^^^^^^^^^^^^^^^^^^^^^^^^^^^^^^^^^^^^
  File "/app/pipeline/loaded/load_postresql.py", line 324, in load_postgresql
    with engine.begin() as connection:
         ~~~~~~~~~~~~^^
  File "/usr/local/lib/python3.14/contextlib.py", line 141, in __enter__
    return next(self.gen)
  File "/usr/local/lib/python3.14/site-packages/sqlalchemy/engine/base.py", line 3224, in begin
    with self.connect() as conn:
         ~~~~~~~~~~~~^^
  File "/usr/local/lib/python3.14/site-packages/sqlalchemy/engine/base.py", line 3260, in connect
    return self._connection_cls(self)
           ~~~~~~~~~~~~~~~~~~~~^^^^^^
  File "/usr/local/lib/python3.14/site-packages/sqlalchemy/engine/base.py", line 151, in __init__
    Connection._handle_dbapi_exception_noconnection(
    ~~~~~~~~~~~~~~~~~~~~~~~~~~~~~~~~~~~~~~~~~~~~~~~^
        err, dialect, engine
        ^^^^^^^^^^^^^^^^^^^^
    )
    ^
  File "/usr/local/lib/python3.14/site-packages/sqlalchemy/engine/base.py", line 2417, in _handle_dbapi_exception_noconnection
    raise sqlalchemy_exception.with_traceback(exc_info[2]) from e
  File "/usr/local/lib/python3.14/site-packages/sqlalchemy/engine/base.py", line 149, in __init__
    self._dbapi_connection = engine.raw_connection()
                             ~~~~~~~~~~~~~~~~~~~~~^^
  File "/usr/local/lib/python3.14/site-packages/sqlalchemy/engine/base.py", line 3284, in raw_connection
    return self.pool.connect()
           ~~~~~~~~~~~~~~~~~^^
  File "/usr/local/lib/python3.14/site-packages/sqlalchemy/pool/base.py", line 445, in connect
    return _ConnectionFairy._checkout(self)
           ~~~~~~~~~~~~~~~~~~~~~~~~~~^^^^^^
  File "/usr/local/lib/python3.14/site-packages/sqlalchemy/pool/base.py", line 1303, in _checkout
    fairy = _ConnectionRecord.checkout(pool)
  File "/usr/local/lib/python3.14/site-packages/sqlalchemy/pool/base.py", line 709, in checkout
    rec = pool._do_get()
  File "/usr/local/lib/python3.14/site-packages/sqlalchemy/pool/impl.py", line 176, in _do_get
    with util.safe_reraise():
         ~~~~~~~~~~~~~~~~~^^
  File "/usr/local/lib/python3.14/site-packages/sqlalchemy/util/langhelpers.py", line 166, in __exit__
    raise exc_value.with_traceback(exc_tb)
  File "/usr/local/lib/python3.14/site-packages/sqlalchemy/pool/impl.py", line 174, in _do_get
    return self._create_connection()
           ~~~~~~~~~~~~~~~~~~~~~~~^^
  File "/usr/local/lib/python3.14/site-packages/sqlalchemy/pool/base.py", line 386, in _create_connection
    return _ConnectionRecord(self)
  File "/usr/local/lib/python3.14/site-packages/sqlalchemy/pool/base.py", line 671, in __init__
    self.__connect()
    ~~~~~~~~~~~~~~^^
  File "/usr/local/lib/python3.14/site-packages/sqlalchemy/pool/base.py", line 906, in __connect
    with util.safe_reraise():
         ~~~~~~~~~~~~~~~~~^^
  File "/usr/local/lib/python3.14/site-packages/sqlalchemy/util/langhelpers.py", line 166, in __exit__
    raise exc_value.with_traceback(exc_tb)
  File "/usr/local/lib/python3.14/site-packages/sqlalchemy/pool/base.py", line 902, in __connect
    self.dbapi_connection = connection = pool._invoke_creator(self)
                                         ~~~~~~~~~~~~~~~~~~~~^^^^^^
  File "/usr/local/lib/python3.14/site-packages/sqlalchemy/engine/create.py", line 645, in connect
    return dialect.connect(*cargs_tup, **cparams)
           ~~~~~~~~~~~~~~~^^^^^^^^^^^^^^^^^^^^^^^
  File "/usr/local/lib/python3.14/site-packages/sqlalchemy/engine/default.py", line 869, in connect
    return self.loaded_dbapi.connect(*cargs, **cparams)  # type: ignore[no-any-return]  # NOQA: E501
           ~~~~~~~~~~~~~~~~~~~~~~~~~^^^^^^^^^^^^^^^^^^^
  File "/usr/local/lib/python3.14/site-packages/psycopg2/__init__.py", line 122, in connect
    conn = _connect(dsn, connection_factory=connection_factory, **kwasync)
sqlalchemy.exc.OperationalError: (psycopg2.OperationalError) connection to server at "db" (172.18.0.2), port 5432 failed: FATAL:  password authentication failed for user "weatherflow"

(Background on this error at: https://sqlalche.me/e/21/e3q8)
2026-10-07 11:36:41,268 | INFO | __main__ | Processing city: Davao City
2026-10-07 11:36:41,510 | INFO | __main__ | Geocoding extracted for Davao City
2026-10-07 11:36:41,528 | ERROR | __main__ | Failed to process city: Davao City
Traceback (most recent call last):
  File "/usr/local/lib/python3.14/site-packages/sqlalchemy/engine/base.py", line 149, in __init__
    self._dbapi_connection = engine.raw_connection()
                             ~~~~~~~~~~~~~~~~~~~~~^^
  File "/usr/local/lib/python3.14/site-packages/sqlalchemy/engine/base.py", line 3284, in raw_connection
    return self.pool.connect()
           ~~~~~~~~~~~~~~~~~^^
  File "/usr/local/lib/python3.14/site-packages/sqlalchemy/pool/base.py", line 445, in connect
    return _ConnectionFairy._checkout(self)
           ~~~~~~~~~~~~~~~~~~~~~~~~~~^^^^^^
  File "/usr/local/lib/python3.14/site-packages/sqlalchemy/pool/base.py", line 1303, in _checkout
    fairy = _ConnectionRecord.checkout(pool)
  File "/usr/local/lib/python3.14/site-packages/sqlalchemy/pool/base.py", line 709, in checkout
    rec = pool._do_get()
  File "/usr/local/lib/python3.14/site-packages/sqlalchemy/pool/impl.py", line 176, in _do_get
    with util.safe_reraise():
         ~~~~~~~~~~~~~~~~~^^
  File "/usr/local/lib/python3.14/site-packages/sqlalchemy/util/langhelpers.py", line 166, in __exit__
    raise exc_value.with_traceback(exc_tb)
  File "/usr/local/lib/python3.14/site-packages/sqlalchemy/pool/impl.py", line 174, in _do_get
    return self._create_connection()
           ~~~~~~~~~~~~~~~~~~~~~~~^^
  File "/usr/local/lib/python3.14/site-packages/sqlalchemy/pool/base.py", line 386, in _create_connection
    return _ConnectionRecord(self)
  File "/usr/local/lib/python3.14/site-packages/sqlalchemy/pool/base.py", line 671, in __init__
    self.__connect()
    ~~~~~~~~~~~~~~^^
  File "/usr/local/lib/python3.14/site-packages/sqlalchemy/pool/base.py", line 906, in __connect
    with util.safe_reraise():
         ~~~~~~~~~~~~~~~~~^^
  File "/usr/local/lib/python3.14/site-packages/sqlalchemy/util/langhelpers.py", line 166, in __exit__
    raise exc_value.with_traceback(exc_tb)
  File "/usr/local/lib/python3.14/site-packages/sqlalchemy/pool/base.py", line 902, in __connect
    self.dbapi_connection = connection = pool._invoke_creator(self)
                                         ~~~~~~~~~~~~~~~~~~~~^^^^^^
  File "/usr/local/lib/python3.14/site-packages/sqlalchemy/engine/create.py", line 645, in connect
    return dialect.connect(*cargs_tup, **cparams)
           ~~~~~~~~~~~~~~~^^^^^^^^^^^^^^^^^^^^^^^
  File "/usr/local/lib/python3.14/site-packages/sqlalchemy/engine/default.py", line 869, in connect
    return self.loaded_dbapi.connect(*cargs, **cparams)  # type: ignore[no-any-return]  # NOQA: E501
           ~~~~~~~~~~~~~~~~~~~~~~~~~^^^^^^^^^^^^^^^^^^^
  File "/usr/local/lib/python3.14/site-packages/psycopg2/__init__.py", line 122, in connect
    conn = _connect(dsn, connection_factory=connection_factory, **kwasync)
psycopg2.OperationalError: connection to server at "db" (172.18.0.2), port 5432 failed: FATAL:  password authentication failed for user "weatherflow"


The above exception was the direct cause of the following exception:

Traceback (most recent call last):
  File "/app/pipeline/main.py", line 47, in main
    load_postgresql(geocoding_df, geocoding_table, if_exists="replace")
    ~~~~~~~~~~~~~~~^^^^^^^^^^^^^^^^^^^^^^^^^^^^^^^^^^^^^^^^^^^^^^^^^^^^
  File "/app/pipeline/loaded/load_postresql.py", line 324, in load_postgresql
    with engine.begin() as connection:
         ~~~~~~~~~~~~^^
  File "/usr/local/lib/python3.14/contextlib.py", line 141, in __enter__
    return next(self.gen)
  File "/usr/local/lib/python3.14/site-packages/sqlalchemy/engine/base.py", line 3224, in begin
    with self.connect() as conn:
         ~~~~~~~~~~~~^^
  File "/usr/local/lib/python3.14/site-packages/sqlalchemy/engine/base.py", line 3260, in connect
    return self._connection_cls(self)
           ~~~~~~~~~~~~~~~~~~~~^^^^^^
  File "/usr/local/lib/python3.14/site-packages/sqlalchemy/engine/base.py", line 151, in __init__
    Connection._handle_dbapi_exception_noconnection(
    ~~~~~~~~~~~~~~~~~~~~~~~~~~~~~~~~~~~~~~~~~~~~~~~^
        err, dialect, engine
        ^^^^^^^^^^^^^^^^^^^^
    )
    ^
  File "/usr/local/lib/python3.14/site-packages/sqlalchemy/engine/base.py", line 2417, in _handle_dbapi_exception_noconnection
    raise sqlalchemy_exception.with_traceback(exc_info[2]) from e
  File "/usr/local/lib/python3.14/site-packages/sqlalchemy/engine/base.py", line 149, in __init__
    self._dbapi_connection = engine.raw_connection()
                             ~~~~~~~~~~~~~~~~~~~~~^^
  File "/usr/local/lib/python3.14/site-packages/sqlalchemy/engine/base.py", line 3284, in raw_connection
    return self.pool.connect()
           ~~~~~~~~~~~~~~~~~^^
  File "/usr/local/lib/python3.14/site-packages/sqlalchemy/pool/base.py", line 445, in connect
    return _ConnectionFairy._checkout(self)
           ~~~~~~~~~~~~~~~~~~~~~~~~~~^^^^^^
  File "/usr/local/lib/python3.14/site-packages/sqlalchemy/pool/base.py", line 1303, in _checkout
    fairy = _ConnectionRecord.checkout(pool)
  File "/usr/local/lib/python3.14/site-packages/sqlalchemy/pool/base.py", line 709, in checkout
    rec = pool._do_get()
  File "/usr/local/lib/python3.14/site-packages/sqlalchemy/pool/impl.py", line 176, in _do_get
    with util.safe_reraise():
         ~~~~~~~~~~~~~~~~~^^
  File "/usr/local/lib/python3.14/site-packages/sqlalchemy/util/langhelpers.py", line 166, in __exit__
    raise exc_value.with_traceback(exc_tb)
  File "/usr/local/lib/python3.14/site-packages/sqlalchemy/pool/impl.py", line 174, in _do_get
    return self._create_connection()
           ~~~~~~~~~~~~~~~~~~~~~~~^^
  File "/usr/local/lib/python3.14/site-packages/sqlalchemy/pool/base.py", line 386, in _create_connection
    return _ConnectionRecord(self)
  File "/usr/local/lib/python3.14/site-packages/sqlalchemy/pool/base.py", line 671, in __init__
    self.__connect()
    ~~~~~~~~~~~~~~^^
  File "/usr/local/lib/python3.14/site-packages/sqlalchemy/pool/base.py", line 906, in __connect
    with util.safe_reraise():
         ~~~~~~~~~~~~~~~~~^^
  File "/usr/local/lib/python3.14/site-packages/sqlalchemy/util/langhelpers.py", line 166, in __exit__
    raise exc_value.with_traceback(exc_tb)
  File "/usr/local/lib/python3.14/site-packages/sqlalchemy/pool/base.py", line 902, in __connect
    self.dbapi_connection = connection = pool._invoke_creator(self)
                                         ~~~~~~~~~~~~~~~~~~~~^^^^^^
  File "/usr/local/lib/python3.14/site-packages/sqlalchemy/engine/create.py", line 645, in connect
    return dialect.connect(*cargs_tup, **cparams)
           ~~~~~~~~~~~~~~~^^^^^^^^^^^^^^^^^^^^^^^
  File "/usr/local/lib/python3.14/site-packages/sqlalchemy/engine/default.py", line 869, in connect
    return self.loaded_dbapi.connect(*cargs, **cparams)  # type: ignore[no-any-return]  # NOQA: E501
           ~~~~~~~~~~~~~~~~~~~~~~~~~^^^^^^^^^^^^^^^^^^^
  File "/usr/local/lib/python3.14/site-packages/psycopg2/__init__.py", line 122, in connect
    conn = _connect(dsn, connection_factory=connection_factory, **kwasync)
sqlalchemy.exc.OperationalError: (psycopg2.OperationalError) connection to server at "db" (172.18.0.2), port 5432 failed: FATAL:  password authentication failed for user "weatherflow"

(Background on this error at: https://sqlalche.me/e/21/e3q8)
2026-10-07 11:36:41,535 | INFO | __main__ | Processing city: Baguio
2026-10-07 11:36:41,808 | INFO | __main__ | Geocoding extracted for Baguio
2026-10-07 11:36:41,823 | ERROR | __main__ | Failed to process city: Baguio
Traceback (most recent call last):
  File "/usr/local/lib/python3.14/site-packages/sqlalchemy/engine/base.py", line 149, in __init__
    self._dbapi_connection = engine.raw_connection()
                             ~~~~~~~~~~~~~~~~~~~~~^^
  File "/usr/local/lib/python3.14/site-packages/sqlalchemy/engine/base.py", line 3284, in raw_connection
    return self.pool.connect()
           ~~~~~~~~~~~~~~~~~^^
  File "/usr/local/lib/python3.14/site-packages/sqlalchemy/pool/base.py", line 445, in connect
    return _ConnectionFairy._checkout(self)
           ~~~~~~~~~~~~~~~~~~~~~~~~~~^^^^^^
  File "/usr/local/lib/python3.14/site-packages/sqlalchemy/pool/base.py", line 1303, in _checkout
    fairy = _ConnectionRecord.checkout(pool)
  File "/usr/local/lib/python3.14/site-packages/sqlalchemy/pool/base.py", line 709, in checkout
    rec = pool._do_get()
  File "/usr/local/lib/python3.14/site-packages/sqlalchemy/pool/impl.py", line 176, in _do_get
    with util.safe_reraise():
         ~~~~~~~~~~~~~~~~~^^
  File "/usr/local/lib/python3.14/site-packages/sqlalchemy/util/langhelpers.py", line 166, in __exit__
    raise exc_value.with_traceback(exc_tb)
  File "/usr/local/lib/python3.14/site-packages/sqlalchemy/pool/impl.py", line 174, in _do_get
    return self._create_connection()
           ~~~~~~~~~~~~~~~~~~~~~~~^^
  File "/usr/local/lib/python3.14/site-packages/sqlalchemy/pool/base.py", line 386, in _create_connection
    return _ConnectionRecord(self)
  File "/usr/local/lib/python3.14/site-packages/sqlalchemy/pool/base.py", line 671, in __init__
    self.__connect()
    ~~~~~~~~~~~~~~^^
  File "/usr/local/lib/python3.14/site-packages/sqlalchemy/pool/base.py", line 906, in __connect
    with util.safe_reraise():
         ~~~~~~~~~~~~~~~~~^^
  File "/usr/local/lib/python3.14/site-packages/sqlalchemy/util/langhelpers.py", line 166, in __exit__
    raise exc_value.with_traceback(exc_tb)
  File "/usr/local/lib/python3.14/site-packages/sqlalchemy/pool/base.py", line 902, in __connect
    self.dbapi_connection = connection = pool._invoke_creator(self)
                                         ~~~~~~~~~~~~~~~~~~~~^^^^^^
  File "/usr/local/lib/python3.14/site-packages/sqlalchemy/engine/create.py", line 645, in connect
    return dialect.connect(*cargs_tup, **cparams)
           ~~~~~~~~~~~~~~~^^^^^^^^^^^^^^^^^^^^^^^
  File "/usr/local/lib/python3.14/site-packages/sqlalchemy/engine/default.py", line 869, in connect
    return self.loaded_dbapi.connect(*cargs, **cparams)  # type: ignore[no-any-return]  # NOQA: E501
           ~~~~~~~~~~~~~~~~~~~~~~~~~^^^^^^^^^^^^^^^^^^^
  File "/usr/local/lib/python3.14/site-packages/psycopg2/__init__.py", line 122, in connect
    conn = _connect(dsn, connection_factory=connection_factory, **kwasync)
psycopg2.OperationalError: connection to server at "db" (172.18.0.2), port 5432 failed: FATAL:  password authentication failed for user "weatherflow"


The above exception was the direct cause of the following exception:

Traceback (most recent call last):
  File "/app/pipeline/main.py", line 47, in main
    load_postgresql(geocoding_df, geocoding_table, if_exists="replace")
    ~~~~~~~~~~~~~~~^^^^^^^^^^^^^^^^^^^^^^^^^^^^^^^^^^^^^^^^^^^^^^^^^^^^
  File "/app/pipeline/loaded/load_postresql.py", line 324, in load_postgresql
    with engine.begin() as connection:
         ~~~~~~~~~~~~^^
  File "/usr/local/lib/python3.14/contextlib.py", line 141, in __enter__
    return next(self.gen)
  File "/usr/local/lib/python3.14/site-packages/sqlalchemy/engine/base.py", line 3224, in begin
    with self.connect() as conn:
         ~~~~~~~~~~~~^^
  File "/usr/local/lib/python3.14/site-packages/sqlalchemy/engine/base.py", line 3260, in connect
    return self._connection_cls(self)
           ~~~~~~~~~~~~~~~~~~~~^^^^^^
  File "/usr/local/lib/python3.14/site-packages/sqlalchemy/engine/base.py", line 151, in __init__
    Connection._handle_dbapi_exception_noconnection(
    ~~~~~~~~~~~~~~~~~~~~~~~~~~~~~~~~~~~~~~~~~~~~~~~^
        err, dialect, engine
        ^^^^^^^^^^^^^^^^^^^^
    )
    ^
  File "/usr/local/lib/python3.14/site-packages/sqlalchemy/engine/base.py", line 2417, in _handle_dbapi_exception_noconnection
    raise sqlalchemy_exception.with_traceback(exc_info[2]) from e
  File "/usr/local/lib/python3.14/site-packages/sqlalchemy/engine/base.py", line 149, in __init__
    self._dbapi_connection = engine.raw_connection()
                             ~~~~~~~~~~~~~~~~~~~~~^^
  File "/usr/local/lib/python3.14/site-packages/sqlalchemy/engine/base.py", line 3284, in raw_connection
    return self.pool.connect()
           ~~~~~~~~~~~~~~~~~^^
  File "/usr/local/lib/python3.14/site-packages/sqlalchemy/pool/base.py", line 445, in connect
    return _ConnectionFairy._checkout(self)
           ~~~~~~~~~~~~~~~~~~~~~~~~~~^^^^^^
  File "/usr/local/lib/python3.14/site-packages/sqlalchemy/pool/base.py", line 1303, in _checkout
    fairy = _ConnectionRecord.checkout(pool)
  File "/usr/local/lib/python3.14/site-packages/sqlalchemy/pool/base.py", line 709, in checkout
    rec = pool._do_get()
  File "/usr/local/lib/python3.14/site-packages/sqlalchemy/pool/impl.py", line 176, in _do_get
    with util.safe_reraise():
         ~~~~~~~~~~~~~~~~~^^
  File "/usr/local/lib/python3.14/site-packages/sqlalchemy/util/langhelpers.py", line 166, in __exit__
    raise exc_value.with_traceback(exc_tb)
  File "/usr/local/lib/python3.14/site-packages/sqlalchemy/pool/impl.py", line 174, in _do_get
    return self._create_connection()
           ~~~~~~~~~~~~~~~~~~~~~~~^^
  File "/usr/local/lib/python3.14/site-packages/sqlalchemy/pool/base.py", line 386, in _create_connection
    return _ConnectionRecord(self)
  File "/usr/local/lib/python3.14/site-packages/sqlalchemy/pool/base.py", line 671, in __init__
    self.__connect()
    ~~~~~~~~~~~~~~^^
  File "/usr/local/lib/python3.14/site-packages/sqlalchemy/pool/base.py", line 906, in __connect
    with util.safe_reraise():
         ~~~~~~~~~~~~~~~~~^^
  File "/usr/local/lib/python3.14/site-packages/sqlalchemy/util/langhelpers.py", line 166, in __exit__
    raise exc_value.with_traceback(exc_tb)
  File "/usr/local/lib/python3.14/site-packages/sqlalchemy/pool/base.py", line 902, in __connect
    self.dbapi_connection = connection = pool._invoke_creator(self)
                                         ~~~~~~~~~~~~~~~~~~~~^^^^^^
  File "/usr/local/lib/python3.14/site-packages/sqlalchemy/engine/create.py", line 645, in connect
    return dialect.connect(*cargs_tup, **cparams)
           ~~~~~~~~~~~~~~~^^^^^^^^^^^^^^^^^^^^^^^
  File "/usr/local/lib/python3.14/site-packages/sqlalchemy/engine/default.py", line 869, in connect
    return self.loaded_dbapi.connect(*cargs, **cparams)  # type: ignore[no-any-return]  # NOQA: E501
           ~~~~~~~~~~~~~~~~~~~~~~~~~^^^^^^^^^^^^^^^^^^^
  File "/usr/local/lib/python3.14/site-packages/psycopg2/__init__.py", line 122, in connect
    conn = _connect(dsn, connection_factory=connection_factory, **kwasync)
sqlalchemy.exc.OperationalError: (psycopg2.OperationalError) connection to server at "db" (172.18.0.2), port 5432 failed: FATAL:  password authentication failed for user "weatherflow"

(Background on this error at: https://sqlalche.me/e/21/e3q8)
2026-10-07 11:36:41,835 | INFO | __main__ | Processing city: Iloilo City
2026-10-07 11:36:42,077 | INFO | __main__ | Geocoding extracted for Iloilo City
2026-10-07 11:36:42,100 | ERROR | __main__ | Failed to process city: Iloilo City
Traceback (most recent call last):
  File "/usr/local/lib/python3.14/site-packages/sqlalchemy/engine/base.py", line 149, in __init__
    self._dbapi_connection = engine.raw_connection()
                             ~~~~~~~~~~~~~~~~~~~~~^^
  File "/usr/local/lib/python3.14/site-packages/sqlalchemy/engine/base.py", line 3284, in raw_connection
    return self.pool.connect()
           ~~~~~~~~~~~~~~~~~^^
  File "/usr/local/lib/python3.14/site-packages/sqlalchemy/pool/base.py", line 445, in connect
    return _ConnectionFairy._checkout(self)
           ~~~~~~~~~~~~~~~~~~~~~~~~~~^^^^^^
  File "/usr/local/lib/python3.14/site-packages/sqlalchemy/pool/base.py", line 1303, in _checkout
    fairy = _ConnectionRecord.checkout(pool)
  File "/usr/local/lib/python3.14/site-packages/sqlalchemy/pool/base.py", line 709, in checkout
    rec = pool._do_get()
  File "/usr/local/lib/python3.14/site-packages/sqlalchemy/pool/impl.py", line 176, in _do_get
    with util.safe_reraise():
         ~~~~~~~~~~~~~~~~~^^
  File "/usr/local/lib/python3.14/site-packages/sqlalchemy/util/langhelpers.py", line 166, in __exit__
    raise exc_value.with_traceback(exc_tb)
  File "/usr/local/lib/python3.14/site-packages/sqlalchemy/pool/impl.py", line 174, in _do_get
    return self._create_connection()
           ~~~~~~~~~~~~~~~~~~~~~~~^^
  File "/usr/local/lib/python3.14/site-packages/sqlalchemy/pool/base.py", line 386, in _create_connection
    return _ConnectionRecord(self)
  File "/usr/local/lib/python3.14/site-packages/sqlalchemy/pool/base.py", line 671, in __init__
    self.__connect()
    ~~~~~~~~~~~~~~^^
  File "/usr/local/lib/python3.14/site-packages/sqlalchemy/pool/base.py", line 906, in __connect
    with util.safe_reraise():
         ~~~~~~~~~~~~~~~~~^^
  File "/usr/local/lib/python3.14/site-packages/sqlalchemy/util/langhelpers.py", line 166, in __exit__
    raise exc_value.with_traceback(exc_tb)
  File "/usr/local/lib/python3.14/site-packages/sqlalchemy/pool/base.py", line 902, in __connect
    self.dbapi_connection = connection = pool._invoke_creator(self)
                                         ~~~~~~~~~~~~~~~~~~~~^^^^^^
  File "/usr/local/lib/python3.14/site-packages/sqlalchemy/engine/create.py", line 645, in connect
    return dialect.connect(*cargs_tup, **cparams)
           ~~~~~~~~~~~~~~~^^^^^^^^^^^^^^^^^^^^^^^
  File "/usr/local/lib/python3.14/site-packages/sqlalchemy/engine/default.py", line 869, in connect
    return self.loaded_dbapi.connect(*cargs, **cparams)  # type: ignore[no-any-return]  # NOQA: E501
           ~~~~~~~~~~~~~~~~~~~~~~~~~^^^^^^^^^^^^^^^^^^^
  File "/usr/local/lib/python3.14/site-packages/psycopg2/__init__.py", line 122, in connect
    conn = _connect(dsn, connection_factory=connection_factory, **kwasync)
psycopg2.OperationalError: connection to server at "db" (172.18.0.2), port 5432 failed: FATAL:  password authentication failed for user "weatherflow"


The above exception was the direct cause of the following exception:

Traceback (most recent call last):
  File "/app/pipeline/main.py", line 47, in main
    load_postgresql(geocoding_df, geocoding_table, if_exists="replace")
    ~~~~~~~~~~~~~~~^^^^^^^^^^^^^^^^^^^^^^^^^^^^^^^^^^^^^^^^^^^^^^^^^^^^
  File "/app/pipeline/loaded/load_postresql.py", line 324, in load_postgresql
    with engine.begin() as connection:
         ~~~~~~~~~~~~^^
  File "/usr/local/lib/python3.14/contextlib.py", line 141, in __enter__
    return next(self.gen)
  File "/usr/local/lib/python3.14/site-packages/sqlalchemy/engine/base.py", line 3224, in begin
    with self.connect() as conn:
         ~~~~~~~~~~~~^^
  File "/usr/local/lib/python3.14/site-packages/sqlalchemy/engine/base.py", line 3260, in connect
    return self._connection_cls(self)
           ~~~~~~~~~~~~~~~~~~~~^^^^^^
  File "/usr/local/lib/python3.14/site-packages/sqlalchemy/engine/base.py", line 151, in __init__
    Connection._handle_dbapi_exception_noconnection(
    ~~~~~~~~~~~~~~~~~~~~~~~~~~~~~~~~~~~~~~~~~~~~~~~^
        err, dialect, engine
        ^^^^^^^^^^^^^^^^^^^^
    )
    ^
  File "/usr/local/lib/python3.14/site-packages/sqlalchemy/engine/base.py", line 2417, in _handle_dbapi_exception_noconnection
    raise sqlalchemy_exception.with_traceback(exc_info[2]) from e
  File "/usr/local/lib/python3.14/site-packages/sqlalchemy/engine/base.py", line 149, in __init__
    self._dbapi_connection = engine.raw_connection()
                             ~~~~~~~~~~~~~~~~~~~~~^^
  File "/usr/local/lib/python3.14/site-packages/sqlalchemy/engine/base.py", line 3284, in raw_connection
    return self.pool.connect()
           ~~~~~~~~~~~~~~~~~^^
  File "/usr/local/lib/python3.14/site-packages/sqlalchemy/pool/base.py", line 445, in connect
    return _ConnectionFairy._checkout(self)
           ~~~~~~~~~~~~~~~~~~~~~~~~~~^^^^^^
  File "/usr/local/lib/python3.14/site-packages/sqlalchemy/pool/base.py", line 1303, in _checkout
    fairy = _ConnectionRecord.checkout(pool)
  File "/usr/local/lib/python3.14/site-packages/sqlalchemy/pool/base.py", line 709, in checkout
    rec = pool._do_get()
  File "/usr/local/lib/python3.14/site-packages/sqlalchemy/pool/impl.py", line 176, in _do_get
    with util.safe_reraise():
         ~~~~~~~~~~~~~~~~~^^
  File "/usr/local/lib/python3.14/site-packages/sqlalchemy/util/langhelpers.py", line 166, in __exit__
    raise exc_value.with_traceback(exc_tb)
  File "/usr/local/lib/python3.14/site-packages/sqlalchemy/pool/impl.py", line 174, in _do_get
    return self._create_connection()
           ~~~~~~~~~~~~~~~~~~~~~~~^^
  File "/usr/local/lib/python3.14/site-packages/sqlalchemy/pool/base.py", line 386, in _create_connection
    return _ConnectionRecord(self)
  File "/usr/local/lib/python3.14/site-packages/sqlalchemy/pool/base.py", line 671, in __init__
    self.__connect()
    ~~~~~~~~~~~~~~^^
  File "/usr/local/lib/python3.14/site-packages/sqlalchemy/pool/base.py", line 906, in __connect
    with util.safe_reraise():
         ~~~~~~~~~~~~~~~~~^^
  File "/usr/local/lib/python3.14/site-packages/sqlalchemy/util/langhelpers.py", line 166, in __exit__
    raise exc_value.with_traceback(exc_tb)
  File "/usr/local/lib/python3.14/site-packages/sqlalchemy/pool/base.py", line 902, in __connect
    self.dbapi_connection = connection = pool._invoke_creator(self)
                                         ~~~~~~~~~~~~~~~~~~~~^^^^^^
  File "/usr/local/lib/python3.14/site-packages/sqlalchemy/engine/create.py", line 645, in connect
    return dialect.connect(*cargs_tup, **cparams)
           ~~~~~~~~~~~~~~~^^^^^^^^^^^^^^^^^^^^^^^
  File "/usr/local/lib/python3.14/site-packages/sqlalchemy/engine/default.py", line 869, in connect
    return self.loaded_dbapi.connect(*cargs, **cparams)  # type: ignore[no-any-return]  # NOQA: E501
           ~~~~~~~~~~~~~~~~~~~~~~~~~^^^^^^^^^^^^^^^^^^^
  File "/usr/local/lib/python3.14/site-packages/psycopg2/__init__.py", line 122, in connect
    conn = _connect(dsn, connection_factory=connection_factory, **kwasync)
sqlalchemy.exc.OperationalError: (psycopg2.OperationalError) connection to server at "db" (172.18.0.2), port 5432 failed: FATAL:  password authentication failed for user "weatherflow"

(Background on this error at: https://sqlalche.me/e/21/e3q8)
2026-10-07 11:36:42,124 | INFO | __main__ | Processing city: Cagayan de Oro
2026-10-07 11:36:42,405 | INFO | __main__ | Geocoding extracted for Cagayan de Oro
2026-10-07 11:36:42,430 | ERROR | __main__ | Failed to process city: Cagayan de Oro
Traceback (most recent call last):
  File "/usr/local/lib/python3.14/site-packages/sqlalchemy/engine/base.py", line 149, in __init__
    self._dbapi_connection = engine.raw_connection()
                             ~~~~~~~~~~~~~~~~~~~~~^^
  File "/usr/local/lib/python3.14/site-packages/sqlalchemy/engine/base.py", line 3284, in raw_connection
    return self.pool.connect()
           ~~~~~~~~~~~~~~~~~^^
  File "/usr/local/lib/python3.14/site-packages/sqlalchemy/pool/base.py", line 445, in connect
    return _ConnectionFairy._checkout(self)
           ~~~~~~~~~~~~~~~~~~~~~~~~~~^^^^^^
  File "/usr/local/lib/python3.14/site-packages/sqlalchemy/pool/base.py", line 1303, in _checkout
    fairy = _ConnectionRecord.checkout(pool)
  File "/usr/local/lib/python3.14/site-packages/sqlalchemy/pool/base.py", line 709, in checkout
    rec = pool._do_get()
  File "/usr/local/lib/python3.14/site-packages/sqlalchemy/pool/impl.py", line 176, in _do_get
    with util.safe_reraise():
         ~~~~~~~~~~~~~~~~~^^
  File "/usr/local/lib/python3.14/site-packages/sqlalchemy/util/langhelpers.py", line 166, in __exit__
    raise exc_value.with_traceback(exc_tb)
  File "/usr/local/lib/python3.14/site-packages/sqlalchemy/pool/impl.py", line 174, in _do_get
    return self._create_connection()
           ~~~~~~~~~~~~~~~~~~~~~~~^^
  File "/usr/local/lib/python3.14/site-packages/sqlalchemy/pool/base.py", line 386, in _create_connection
    return _ConnectionRecord(self)
  File "/usr/local/lib/python3.14/site-packages/sqlalchemy/pool/base.py", line 671, in __init__
    self.__connect()
    ~~~~~~~~~~~~~~^^
  File "/usr/local/lib/python3.14/site-packages/sqlalchemy/pool/base.py", line 906, in __connect
    with util.safe_reraise():
         ~~~~~~~~~~~~~~~~~^^
  File "/usr/local/lib/python3.14/site-packages/sqlalchemy/util/langhelpers.py", line 166, in __exit__
    raise exc_value.with_traceback(exc_tb)
  File "/usr/local/lib/python3.14/site-packages/sqlalchemy/pool/base.py", line 902, in __connect
    self.dbapi_connection = connection = pool._invoke_creator(self)
                                         ~~~~~~~~~~~~~~~~~~~~^^^^^^
  File "/usr/local/lib/python3.14/site-packages/sqlalchemy/engine/create.py", line 645, in connect
    return dialect.connect(*cargs_tup, **cparams)
           ~~~~~~~~~~~~~~~^^^^^^^^^^^^^^^^^^^^^^^
  File "/usr/local/lib/python3.14/site-packages/sqlalchemy/engine/default.py", line 869, in connect
    return self.loaded_dbapi.connect(*cargs, **cparams)  # type: ignore[no-any-return]  # NOQA: E501
           ~~~~~~~~~~~~~~~~~~~~~~~~~^^^^^^^^^^^^^^^^^^^
  File "/usr/local/lib/python3.14/site-packages/psycopg2/__init__.py", line 122, in connect
    conn = _connect(dsn, connection_factory=connection_factory, **kwasync)
psycopg2.OperationalError: connection to server at "db" (172.18.0.2), port 5432 failed: FATAL:  password authentication failed for user "weatherflow"


The above exception was the direct cause of the following exception:

Traceback (most recent call last):
  File "/app/pipeline/main.py", line 47, in main
    load_postgresql(geocoding_df, geocoding_table, if_exists="replace")
    ~~~~~~~~~~~~~~~^^^^^^^^^^^^^^^^^^^^^^^^^^^^^^^^^^^^^^^^^^^^^^^^^^^^
  File "/app/pipeline/loaded/load_postresql.py", line 324, in load_postgresql
    with engine.begin() as connection:
         ~~~~~~~~~~~~^^
  File "/usr/local/lib/python3.14/contextlib.py", line 141, in __enter__
    return next(self.gen)
  File "/usr/local/lib/python3.14/site-packages/sqlalchemy/engine/base.py", line 3224, in begin
    with self.connect() as conn:
         ~~~~~~~~~~~~^^
  File "/usr/local/lib/python3.14/site-packages/sqlalchemy/engine/base.py", line 3260, in connect
    return self._connection_cls(self)
           ~~~~~~~~~~~~~~~~~~~~^^^^^^
  File "/usr/local/lib/python3.14/site-packages/sqlalchemy/engine/base.py", line 151, in __init__
    Connection._handle_dbapi_exception_noconnection(
    ~~~~~~~~~~~~~~~~~~~~~~~~~~~~~~~~~~~~~~~~~~~~~~~^
        err, dialect, engine
        ^^^^^^^^^^^^^^^^^^^^
    )
    ^
  File "/usr/local/lib/python3.14/site-packages/sqlalchemy/engine/base.py", line 2417, in _handle_dbapi_exception_noconnection
    raise sqlalchemy_exception.with_traceback(exc_info[2]) from e
  File "/usr/local/lib/python3.14/site-packages/sqlalchemy/engine/base.py", line 149, in __init__
    self._dbapi_connection = engine.raw_connection()
                             ~~~~~~~~~~~~~~~~~~~~~^^
  File "/usr/local/lib/python3.14/site-packages/sqlalchemy/engine/base.py", line 3284, in raw_connection
    return self.pool.connect()
           ~~~~~~~~~~~~~~~~~^^
  File "/usr/local/lib/python3.14/site-packages/sqlalchemy/pool/base.py", line 445, in connect
    return _ConnectionFairy._checkout(self)
           ~~~~~~~~~~~~~~~~~~~~~~~~~~^^^^^^
  File "/usr/local/lib/python3.14/site-packages/sqlalchemy/pool/base.py", line 1303, in _checkout
    fairy = _ConnectionRecord.checkout(pool)
  File "/usr/local/lib/python3.14/site-packages/sqlalchemy/pool/base.py", line 709, in checkout
    rec = pool._do_get()
  File "/usr/local/lib/python3.14/site-packages/sqlalchemy/pool/impl.py", line 176, in _do_get
    with util.safe_reraise():
         ~~~~~~~~~~~~~~~~~^^
  File "/usr/local/lib/python3.14/site-packages/sqlalchemy/util/langhelpers.py", line 166, in __exit__
    raise exc_value.with_traceback(exc_tb)
  File "/usr/local/lib/python3.14/site-packages/sqlalchemy/pool/impl.py", line 174, in _do_get
    return self._create_connection()
           ~~~~~~~~~~~~~~~~~~~~~~~^^
  File "/usr/local/lib/python3.14/site-packages/sqlalchemy/pool/base.py", line 386, in _create_connection
    return _ConnectionRecord(self)
  File "/usr/local/lib/python3.14/site-packages/sqlalchemy/pool/base.py", line 671, in __init__
    self.__connect()
    ~~~~~~~~~~~~~~^^
  File "/usr/local/lib/python3.14/site-packages/sqlalchemy/pool/base.py", line 906, in __connect
    with util.safe_reraise():
         ~~~~~~~~~~~~~~~~~^^
  File "/usr/local/lib/python3.14/site-packages/sqlalchemy/util/langhelpers.py", line 166, in __exit__
    raise exc_value.with_traceback(exc_tb)
  File "/usr/local/lib/python3.14/site-packages/sqlalchemy/pool/base.py", line 902, in __connect
    self.dbapi_connection = connection = pool._invoke_creator(self)
                                         ~~~~~~~~~~~~~~~~~~~~^^^^^^
  File "/usr/local/lib/python3.14/site-packages/sqlalchemy/engine/create.py", line 645, in connect
    return dialect.connect(*cargs_tup, **cparams)
           ~~~~~~~~~~~~~~~^^^^^^^^^^^^^^^^^^^^^^^
  File "/usr/local/lib/python3.14/site-packages/sqlalchemy/engine/default.py", line 869, in connect
    return self.loaded_dbapi.connect(*cargs, **cparams)  # type: ignore[no-any-return]  # NOQA: E501
           ~~~~~~~~~~~~~~~~~~~~~~~~~^^^^^^^^^^^^^^^^^^^
  File "/usr/local/lib/python3.14/site-packages/psycopg2/__init__.py", line 122, in connect
    conn = _connect(dsn, connection_factory=connection_factory, **kwasync)
sqlalchemy.exc.OperationalError: (psycopg2.OperationalError) connection to server at "db" (172.18.0.2), port 5432 failed: FATAL:  password authentication failed for user "weatherflow"

(Background on this error at: https://sqlalche.me/e/21/e3q8)
2026-10-07 11:36:42,442 | INFO | __main__ | Processing city: Zamboanga City
2026-10-07 11:36:42,715 | INFO | __main__ | Geocoding extracted for Zamboanga City
2026-10-07 11:36:42,738 | ERROR | __main__ | Failed to process city: Zamboanga City
Traceback (most recent call last):
  File "/usr/local/lib/python3.14/site-packages/sqlalchemy/engine/base.py", line 149, in __init__
    self._dbapi_connection = engine.raw_connection()
                             ~~~~~~~~~~~~~~~~~~~~~^^
  File "/usr/local/lib/python3.14/site-packages/sqlalchemy/engine/base.py", line 3284, in raw_connection
    return self.pool.connect()
           ~~~~~~~~~~~~~~~~~^^
  File "/usr/local/lib/python3.14/site-packages/sqlalchemy/pool/base.py", line 445, in connect
    return _ConnectionFairy._checkout(self)
           ~~~~~~~~~~~~~~~~~~~~~~~~~~^^^^^^
  File "/usr/local/lib/python3.14/site-packages/sqlalchemy/pool/base.py", line 1303, in _checkout
    fairy = _ConnectionRecord.checkout(pool)
  File "/usr/local/lib/python3.14/site-packages/sqlalchemy/pool/base.py", line 709, in checkout
    rec = pool._do_get()
  File "/usr/local/lib/python3.14/site-packages/sqlalchemy/pool/impl.py", line 176, in _do_get
    with util.safe_reraise():
         ~~~~~~~~~~~~~~~~~^^
  File "/usr/local/lib/python3.14/site-packages/sqlalchemy/util/langhelpers.py", line 166, in __exit__
    raise exc_value.with_traceback(exc_tb)
  File "/usr/local/lib/python3.14/site-packages/sqlalchemy/pool/impl.py", line 174, in _do_get
    return self._create_connection()
           ~~~~~~~~~~~~~~~~~~~~~~~^^
  File "/usr/local/lib/python3.14/site-packages/sqlalchemy/pool/base.py", line 386, in _create_connection
    return _ConnectionRecord(self)
  File "/usr/local/lib/python3.14/site-packages/sqlalchemy/pool/base.py", line 671, in __init__
    self.__connect()
    ~~~~~~~~~~~~~~^^
  File "/usr/local/lib/python3.14/site-packages/sqlalchemy/pool/base.py", line 906, in __connect
    with util.safe_reraise():
         ~~~~~~~~~~~~~~~~~^^
  File "/usr/local/lib/python3.14/site-packages/sqlalchemy/util/langhelpers.py", line 166, in __exit__
    raise exc_value.with_traceback(exc_tb)
  File "/usr/local/lib/python3.14/site-packages/sqlalchemy/pool/base.py", line 902, in __connect
    self.dbapi_connection = connection = pool._invoke_creator(self)
                                         ~~~~~~~~~~~~~~~~~~~~^^^^^^
  File "/usr/local/lib/python3.14/site-packages/sqlalchemy/engine/create.py", line 645, in connect
    return dialect.connect(*cargs_tup, **cparams)
           ~~~~~~~~~~~~~~~^^^^^^^^^^^^^^^^^^^^^^^
  File "/usr/local/lib/python3.14/site-packages/sqlalchemy/engine/default.py", line 869, in connect
    return self.loaded_dbapi.connect(*cargs, **cparams)  # type: ignore[no-any-return]  # NOQA: E501
           ~~~~~~~~~~~~~~~~~~~~~~~~~^^^^^^^^^^^^^^^^^^^
  File "/usr/local/lib/python3.14/site-packages/psycopg2/__init__.py", line 122, in connect
    conn = _connect(dsn, connection_factory=connection_factory, **kwasync)
psycopg2.OperationalError: connection to server at "db" (172.18.0.2), port 5432 failed: FATAL:  password authentication failed for user "weatherflow"


The above exception was the direct cause of the following exception:

Traceback (most recent call last):
  File "/app/pipeline/main.py", line 47, in main
    load_postgresql(geocoding_df, geocoding_table, if_exists="replace")
    ~~~~~~~~~~~~~~~^^^^^^^^^^^^^^^^^^^^^^^^^^^^^^^^^^^^^^^^^^^^^^^^^^^^
  File "/app/pipeline/loaded/load_postresql.py", line 324, in load_postgresql
    with engine.begin() as connection:
         ~~~~~~~~~~~~^^
  File "/usr/local/lib/python3.14/contextlib.py", line 141, in __enter__
    return next(self.gen)
  File "/usr/local/lib/python3.14/site-packages/sqlalchemy/engine/base.py", line 3224, in begin
    with self.connect() as conn:
         ~~~~~~~~~~~~^^
  File "/usr/local/lib/python3.14/site-packages/sqlalchemy/engine/base.py", line 3260, in connect
    return self._connection_cls(self)
           ~~~~~~~~~~~~~~~~~~~~^^^^^^
  File "/usr/local/lib/python3.14/site-packages/sqlalchemy/engine/base.py", line 151, in __init__
    Connection._handle_dbapi_exception_noconnection(
    ~~~~~~~~~~~~~~~~~~~~~~~~~~~~~~~~~~~~~~~~~~~~~~~^
        err, dialect, engine
        ^^^^^^^^^^^^^^^^^^^^
    )
    ^
  File "/usr/local/lib/python3.14/site-packages/sqlalchemy/engine/base.py", line 2417, in _handle_dbapi_exception_noconnection
    raise sqlalchemy_exception.with_traceback(exc_info[2]) from e
  File "/usr/local/lib/python3.14/site-packages/sqlalchemy/engine/base.py", line 149, in __init__
    self._dbapi_connection = engine.raw_connection()
                             ~~~~~~~~~~~~~~~~~~~~~^^
  File "/usr/local/lib/python3.14/site-packages/sqlalchemy/engine/base.py", line 3284, in raw_connection
    return self.pool.connect()
           ~~~~~~~~~~~~~~~~~^^
  File "/usr/local/lib/python3.14/site-packages/sqlalchemy/pool/base.py", line 445, in connect
    return _ConnectionFairy._checkout(self)
           ~~~~~~~~~~~~~~~~~~~~~~~~~~^^^^^^
  File "/usr/local/lib/python3.14/site-packages/sqlalchemy/pool/base.py", line 1303, in _checkout
    fairy = _ConnectionRecord.checkout(pool)
  File "/usr/local/lib/python3.14/site-packages/sqlalchemy/pool/base.py", line 709, in checkout
    rec = pool._do_get()
  File "/usr/local/lib/python3.14/site-packages/sqlalchemy/pool/impl.py", line 176, in _do_get
    with util.safe_reraise():
         ~~~~~~~~~~~~~~~~~^^
  File "/usr/local/lib/python3.14/site-packages/sqlalchemy/util/langhelpers.py", line 166, in __exit__
    raise exc_value.with_traceback(exc_tb)
  File "/usr/local/lib/python3.14/site-packages/sqlalchemy/pool/impl.py", line 174, in _do_get
    return self._create_connection()
           ~~~~~~~~~~~~~~~~~~~~~~~^^
  File "/usr/local/lib/python3.14/site-packages/sqlalchemy/pool/base.py", line 386, in _create_connection
    return _ConnectionRecord(self)
  File "/usr/local/lib/python3.14/site-packages/sqlalchemy/pool/base.py", line 671, in __init__
    self.__connect()
    ~~~~~~~~~~~~~~^^
  File "/usr/local/lib/python3.14/site-packages/sqlalchemy/pool/base.py", line 906, in __connect
    with util.safe_reraise():
         ~~~~~~~~~~~~~~~~~^^
  File "/usr/local/lib/python3.14/site-packages/sqlalchemy/util/langhelpers.py", line 166, in __exit__
    raise exc_value.with_traceback(exc_tb)
  File "/usr/local/lib/python3.14/site-packages/sqlalchemy/pool/base.py", line 902, in __connect
    self.dbapi_connection = connection = pool._invoke_creator(self)
                                         ~~~~~~~~~~~~~~~~~~~~^^^^^^
  File "/usr/local/lib/python3.14/site-packages/sqlalchemy/engine/create.py", line 645, in connect
    return dialect.connect(*cargs_tup, **cparams)
           ~~~~~~~~~~~~~~~^^^^^^^^^^^^^^^^^^^^^^^
  File "/usr/local/lib/python3.14/site-packages/sqlalchemy/engine/default.py", line 869, in connect
    return self.loaded_dbapi.connect(*cargs, **cparams)  # type: ignore[no-any-return]  # NOQA: E501
           ~~~~~~~~~~~~~~~~~~~~~~~~~^^^^^^^^^^^^^^^^^^^
  File "/usr/local/lib/python3.14/site-packages/psycopg2/__init__.py", line 122, in connect
    conn = _connect(dsn, connection_factory=connection_factory, **kwasync)
sqlalchemy.exc.OperationalError: (psycopg2.OperationalError) connection to server at "db" (172.18.0.2), port 5432 failed: FATAL:  password authentication failed for user "weatherflow"

(Background on this error at: https://sqlalche.me/e/21/e3q8)
2026-10-07 11:36:42,751 | INFO | __main__ | Weather ingestion completed.
2026-10-07 19:42:22,454 | INFO | pipeline.main | Starting Weather Ingestion...
2026-10-07 19:42:22,458 | INFO | pipeline.main | Processing city: Manila
2026-10-07 19:42:22,460 | INFO | pipeline.main | Geocoding extracted for Manila
2026-10-07 19:42:22,467 | INFO | pipeline.main | Geocoding loaded for Manila into geocoding_manila
2026-10-07 19:42:22,469 | INFO | pipeline.main | Raw JSON saved for Manila: /tmp/pytest-of-aldwin/pytest-0/test_pipeline_main_saves_parqu0/manila.json
2026-10-07 19:42:22,471 | INFO | pipeline.main | Weather data transformed for Manila.
2026-10-07 19:42:22,473 | INFO | pipeline.main | Parquet saved for Manila: /tmp/pytest-of-aldwin/pytest-0/test_pipeline_main_saves_parqu0/openweather_Manila.parquet
2026-10-07 19:42:22,474 | INFO | pipeline.main | Loaded 1 row(s) for Manila into openweather_manila.
2026-10-07 19:42:22,475 | INFO | pipeline.main | Checkpoint updated for Manila.
2026-10-07 19:42:22,477 | INFO | pipeline.main | Weather ingestion completed.
2026-10-07 19:43:46,786 | INFO | pipeline.main | Starting Weather Ingestion...
2026-10-07 19:43:46,787 | INFO | pipeline.main | Processing city: Manila
2026-10-07 19:43:46,788 | INFO | pipeline.main | Geocoding extracted for Manila
2026-10-07 19:43:46,793 | INFO | pipeline.main | Geocoding loaded for Manila into geocoding_manila
2026-10-07 19:43:46,795 | INFO | pipeline.main | Raw JSON saved for Manila: /tmp/pytest-of-aldwin/pytest-1/test_pipeline_main_saves_parqu0/manila.json
2026-10-07 19:43:46,798 | INFO | pipeline.main | Weather data transformed for Manila.
2026-10-07 19:43:46,800 | INFO | pipeline.main | Parquet saved for Manila: /tmp/pytest-of-aldwin/pytest-1/test_pipeline_main_saves_parqu0/openweather_Manila.parquet
2026-10-07 19:43:46,801 | INFO | pipeline.main | Loaded 1 row(s) for Manila into openweather_manila.
2026-10-07 19:43:46,803 | INFO | pipeline.main | Checkpoint updated for Manila.
2026-10-07 19:43:46,804 | INFO | pipeline.main | Weather ingestion completed.
2026-10-07 11:45:00,066 | INFO | __main__ | Starting Weather Ingestion...
2026-10-07 11:45:00,069 | INFO | __main__ | Processing city: Manila
2026-10-07 11:45:00,343 | INFO | __main__ | Geocoding extracted for Manila
2026-10-07 11:45:00,419 | ERROR | __main__ | Failed to process city: Manila
Traceback (most recent call last):
  File "/usr/local/lib/python3.14/site-packages/sqlalchemy/engine/base.py", line 149, in __init__
    self._dbapi_connection = engine.raw_connection()
                             ~~~~~~~~~~~~~~~~~~~~~^^
  File "/usr/local/lib/python3.14/site-packages/sqlalchemy/engine/base.py", line 3284, in raw_connection
    return self.pool.connect()
           ~~~~~~~~~~~~~~~~~^^
  File "/usr/local/lib/python3.14/site-packages/sqlalchemy/pool/base.py", line 445, in connect
    return _ConnectionFairy._checkout(self)
           ~~~~~~~~~~~~~~~~~~~~~~~~~~^^^^^^
  File "/usr/local/lib/python3.14/site-packages/sqlalchemy/pool/base.py", line 1303, in _checkout
    fairy = _ConnectionRecord.checkout(pool)
  File "/usr/local/lib/python3.14/site-packages/sqlalchemy/pool/base.py", line 709, in checkout
    rec = pool._do_get()
  File "/usr/local/lib/python3.14/site-packages/sqlalchemy/pool/impl.py", line 176, in _do_get
    with util.safe_reraise():
         ~~~~~~~~~~~~~~~~~^^
  File "/usr/local/lib/python3.14/site-packages/sqlalchemy/util/langhelpers.py", line 166, in __exit__
    raise exc_value.with_traceback(exc_tb)
  File "/usr/local/lib/python3.14/site-packages/sqlalchemy/pool/impl.py", line 174, in _do_get
    return self._create_connection()
           ~~~~~~~~~~~~~~~~~~~~~~~^^
  File "/usr/local/lib/python3.14/site-packages/sqlalchemy/pool/base.py", line 386, in _create_connection
    return _ConnectionRecord(self)
  File "/usr/local/lib/python3.14/site-packages/sqlalchemy/pool/base.py", line 671, in __init__
    self.__connect()
    ~~~~~~~~~~~~~~^^
  File "/usr/local/lib/python3.14/site-packages/sqlalchemy/pool/base.py", line 906, in __connect
    with util.safe_reraise():
         ~~~~~~~~~~~~~~~~~^^
  File "/usr/local/lib/python3.14/site-packages/sqlalchemy/util/langhelpers.py", line 166, in __exit__
    raise exc_value.with_traceback(exc_tb)
  File "/usr/local/lib/python3.14/site-packages/sqlalchemy/pool/base.py", line 902, in __connect
    self.dbapi_connection = connection = pool._invoke_creator(self)
                                         ~~~~~~~~~~~~~~~~~~~~^^^^^^
  File "/usr/local/lib/python3.14/site-packages/sqlalchemy/engine/create.py", line 645, in connect
    return dialect.connect(*cargs_tup, **cparams)
           ~~~~~~~~~~~~~~~^^^^^^^^^^^^^^^^^^^^^^^
  File "/usr/local/lib/python3.14/site-packages/sqlalchemy/engine/default.py", line 869, in connect
    return self.loaded_dbapi.connect(*cargs, **cparams)  # type: ignore[no-any-return]  # NOQA: E501
           ~~~~~~~~~~~~~~~~~~~~~~~~~^^^^^^^^^^^^^^^^^^^
  File "/usr/local/lib/python3.14/site-packages/psycopg2/__init__.py", line 122, in connect
    conn = _connect(dsn, connection_factory=connection_factory, **kwasync)
psycopg2.OperationalError: connection to server at "db" (172.18.0.2), port 5432 failed: FATAL:  password authentication failed for user "weatherflow"


The above exception was the direct cause of the following exception:

Traceback (most recent call last):
  File "/app/pipeline/main.py", line 47, in main
    load_postgresql(geocoding_df, geocoding_table, if_exists="replace")
    ~~~~~~~~~~~~~~~^^^^^^^^^^^^^^^^^^^^^^^^^^^^^^^^^^^^^^^^^^^^^^^^^^^^
  File "/app/pipeline/loaded/load_postresql.py", line 324, in load_postgresql
    with engine.begin() as connection:
         ~~~~~~~~~~~~^^
  File "/usr/local/lib/python3.14/contextlib.py", line 141, in __enter__
    return next(self.gen)
  File "/usr/local/lib/python3.14/site-packages/sqlalchemy/engine/base.py", line 3224, in begin
    with self.connect() as conn:
         ~~~~~~~~~~~~^^
  File "/usr/local/lib/python3.14/site-packages/sqlalchemy/engine/base.py", line 3260, in connect
    return self._connection_cls(self)
           ~~~~~~~~~~~~~~~~~~~~^^^^^^
  File "/usr/local/lib/python3.14/site-packages/sqlalchemy/engine/base.py", line 151, in __init__
    Connection._handle_dbapi_exception_noconnection(
    ~~~~~~~~~~~~~~~~~~~~~~~~~~~~~~~~~~~~~~~~~~~~~~~^
        err, dialect, engine
        ^^^^^^^^^^^^^^^^^^^^
    )
    ^
  File "/usr/local/lib/python3.14/site-packages/sqlalchemy/engine/base.py", line 2417, in _handle_dbapi_exception_noconnection
    raise sqlalchemy_exception.with_traceback(exc_info[2]) from e
  File "/usr/local/lib/python3.14/site-packages/sqlalchemy/engine/base.py", line 149, in __init__
    self._dbapi_connection = engine.raw_connection()
                             ~~~~~~~~~~~~~~~~~~~~~^^
  File "/usr/local/lib/python3.14/site-packages/sqlalchemy/engine/base.py", line 3284, in raw_connection
    return self.pool.connect()
           ~~~~~~~~~~~~~~~~~^^
  File "/usr/local/lib/python3.14/site-packages/sqlalchemy/pool/base.py", line 445, in connect
    return _ConnectionFairy._checkout(self)
           ~~~~~~~~~~~~~~~~~~~~~~~~~~^^^^^^
  File "/usr/local/lib/python3.14/site-packages/sqlalchemy/pool/base.py", line 1303, in _checkout
    fairy = _ConnectionRecord.checkout(pool)
  File "/usr/local/lib/python3.14/site-packages/sqlalchemy/pool/base.py", line 709, in checkout
    rec = pool._do_get()
  File "/usr/local/lib/python3.14/site-packages/sqlalchemy/pool/impl.py", line 176, in _do_get
    with util.safe_reraise():
         ~~~~~~~~~~~~~~~~~^^
  File "/usr/local/lib/python3.14/site-packages/sqlalchemy/util/langhelpers.py", line 166, in __exit__
    raise exc_value.with_traceback(exc_tb)
  File "/usr/local/lib/python3.14/site-packages/sqlalchemy/pool/impl.py", line 174, in _do_get
    return self._create_connection()
           ~~~~~~~~~~~~~~~~~~~~~~~^^
  File "/usr/local/lib/python3.14/site-packages/sqlalchemy/pool/base.py", line 386, in _create_connection
    return _ConnectionRecord(self)
  File "/usr/local/lib/python3.14/site-packages/sqlalchemy/pool/base.py", line 671, in __init__
    self.__connect()
    ~~~~~~~~~~~~~~^^
  File "/usr/local/lib/python3.14/site-packages/sqlalchemy/pool/base.py", line 906, in __connect
    with util.safe_reraise():
         ~~~~~~~~~~~~~~~~~^^
  File "/usr/local/lib/python3.14/site-packages/sqlalchemy/util/langhelpers.py", line 166, in __exit__
    raise exc_value.with_traceback(exc_tb)
  File "/usr/local/lib/python3.14/site-packages/sqlalchemy/pool/base.py", line 902, in __connect
    self.dbapi_connection = connection = pool._invoke_creator(self)
                                         ~~~~~~~~~~~~~~~~~~~~^^^^^^
  File "/usr/local/lib/python3.14/site-packages/sqlalchemy/engine/create.py", line 645, in connect
    return dialect.connect(*cargs_tup, **cparams)
           ~~~~~~~~~~~~~~~^^^^^^^^^^^^^^^^^^^^^^^
  File "/usr/local/lib/python3.14/site-packages/sqlalchemy/engine/default.py", line 869, in connect
    return self.loaded_dbapi.connect(*cargs, **cparams)  # type: ignore[no-any-return]  # NOQA: E501
           ~~~~~~~~~~~~~~~~~~~~~~~~~^^^^^^^^^^^^^^^^^^^
  File "/usr/local/lib/python3.14/site-packages/psycopg2/__init__.py", line 122, in connect
    conn = _connect(dsn, connection_factory=connection_factory, **kwasync)
sqlalchemy.exc.OperationalError: (psycopg2.OperationalError) connection to server at "db" (172.18.0.2), port 5432 failed: FATAL:  password authentication failed for user "weatherflow"

(Background on this error at: https://sqlalche.me/e/21/e3q8)
2026-10-07 11:45:00,429 | INFO | __main__ | Processing city: Quezon City
2026-10-07 11:45:00,708 | INFO | __main__ | Geocoding extracted for Quezon City
2026-10-07 11:45:00,720 | ERROR | __main__ | Failed to process city: Quezon City
Traceback (most recent call last):
  File "/usr/local/lib/python3.14/site-packages/sqlalchemy/engine/base.py", line 149, in __init__
    self._dbapi_connection = engine.raw_connection()
                             ~~~~~~~~~~~~~~~~~~~~~^^
  File "/usr/local/lib/python3.14/site-packages/sqlalchemy/engine/base.py", line 3284, in raw_connection
    return self.pool.connect()
           ~~~~~~~~~~~~~~~~~^^
  File "/usr/local/lib/python3.14/site-packages/sqlalchemy/pool/base.py", line 445, in connect
    return _ConnectionFairy._checkout(self)
           ~~~~~~~~~~~~~~~~~~~~~~~~~~^^^^^^
  File "/usr/local/lib/python3.14/site-packages/sqlalchemy/pool/base.py", line 1303, in _checkout
    fairy = _ConnectionRecord.checkout(pool)
  File "/usr/local/lib/python3.14/site-packages/sqlalchemy/pool/base.py", line 709, in checkout
    rec = pool._do_get()
  File "/usr/local/lib/python3.14/site-packages/sqlalchemy/pool/impl.py", line 176, in _do_get
    with util.safe_reraise():
         ~~~~~~~~~~~~~~~~~^^
  File "/usr/local/lib/python3.14/site-packages/sqlalchemy/util/langhelpers.py", line 166, in __exit__
    raise exc_value.with_traceback(exc_tb)
  File "/usr/local/lib/python3.14/site-packages/sqlalchemy/pool/impl.py", line 174, in _do_get
    return self._create_connection()
           ~~~~~~~~~~~~~~~~~~~~~~~^^
  File "/usr/local/lib/python3.14/site-packages/sqlalchemy/pool/base.py", line 386, in _create_connection
    return _ConnectionRecord(self)
  File "/usr/local/lib/python3.14/site-packages/sqlalchemy/pool/base.py", line 671, in __init__
    self.__connect()
    ~~~~~~~~~~~~~~^^
  File "/usr/local/lib/python3.14/site-packages/sqlalchemy/pool/base.py", line 906, in __connect
    with util.safe_reraise():
         ~~~~~~~~~~~~~~~~~^^
  File "/usr/local/lib/python3.14/site-packages/sqlalchemy/util/langhelpers.py", line 166, in __exit__
    raise exc_value.with_traceback(exc_tb)
  File "/usr/local/lib/python3.14/site-packages/sqlalchemy/pool/base.py", line 902, in __connect
    self.dbapi_connection = connection = pool._invoke_creator(self)
                                         ~~~~~~~~~~~~~~~~~~~~^^^^^^
  File "/usr/local/lib/python3.14/site-packages/sqlalchemy/engine/create.py", line 645, in connect
    return dialect.connect(*cargs_tup, **cparams)
           ~~~~~~~~~~~~~~~^^^^^^^^^^^^^^^^^^^^^^^
  File "/usr/local/lib/python3.14/site-packages/sqlalchemy/engine/default.py", line 869, in connect
    return self.loaded_dbapi.connect(*cargs, **cparams)  # type: ignore[no-any-return]  # NOQA: E501
           ~~~~~~~~~~~~~~~~~~~~~~~~~^^^^^^^^^^^^^^^^^^^
  File "/usr/local/lib/python3.14/site-packages/psycopg2/__init__.py", line 122, in connect
    conn = _connect(dsn, connection_factory=connection_factory, **kwasync)
psycopg2.OperationalError: connection to server at "db" (172.18.0.2), port 5432 failed: FATAL:  password authentication failed for user "weatherflow"


The above exception was the direct cause of the following exception:

Traceback (most recent call last):
  File "/app/pipeline/main.py", line 47, in main
    load_postgresql(geocoding_df, geocoding_table, if_exists="replace")
    ~~~~~~~~~~~~~~~^^^^^^^^^^^^^^^^^^^^^^^^^^^^^^^^^^^^^^^^^^^^^^^^^^^^
  File "/app/pipeline/loaded/load_postresql.py", line 324, in load_postgresql
    with engine.begin() as connection:
         ~~~~~~~~~~~~^^
  File "/usr/local/lib/python3.14/contextlib.py", line 141, in __enter__
    return next(self.gen)
  File "/usr/local/lib/python3.14/site-packages/sqlalchemy/engine/base.py", line 3224, in begin
    with self.connect() as conn:
         ~~~~~~~~~~~~^^
  File "/usr/local/lib/python3.14/site-packages/sqlalchemy/engine/base.py", line 3260, in connect
    return self._connection_cls(self)
           ~~~~~~~~~~~~~~~~~~~~^^^^^^
  File "/usr/local/lib/python3.14/site-packages/sqlalchemy/engine/base.py", line 151, in __init__
    Connection._handle_dbapi_exception_noconnection(
    ~~~~~~~~~~~~~~~~~~~~~~~~~~~~~~~~~~~~~~~~~~~~~~~^
        err, dialect, engine
        ^^^^^^^^^^^^^^^^^^^^
    )
    ^
  File "/usr/local/lib/python3.14/site-packages/sqlalchemy/engine/base.py", line 2417, in _handle_dbapi_exception_noconnection
    raise sqlalchemy_exception.with_traceback(exc_info[2]) from e
  File "/usr/local/lib/python3.14/site-packages/sqlalchemy/engine/base.py", line 149, in __init__
    self._dbapi_connection = engine.raw_connection()
                             ~~~~~~~~~~~~~~~~~~~~~^^
  File "/usr/local/lib/python3.14/site-packages/sqlalchemy/engine/base.py", line 3284, in raw_connection
    return self.pool.connect()
           ~~~~~~~~~~~~~~~~~^^
  File "/usr/local/lib/python3.14/site-packages/sqlalchemy/pool/base.py", line 445, in connect
    return _ConnectionFairy._checkout(self)
           ~~~~~~~~~~~~~~~~~~~~~~~~~~^^^^^^
  File "/usr/local/lib/python3.14/site-packages/sqlalchemy/pool/base.py", line 1303, in _checkout
    fairy = _ConnectionRecord.checkout(pool)
  File "/usr/local/lib/python3.14/site-packages/sqlalchemy/pool/base.py", line 709, in checkout
    rec = pool._do_get()
  File "/usr/local/lib/python3.14/site-packages/sqlalchemy/pool/impl.py", line 176, in _do_get
    with util.safe_reraise():
         ~~~~~~~~~~~~~~~~~^^
  File "/usr/local/lib/python3.14/site-packages/sqlalchemy/util/langhelpers.py", line 166, in __exit__
    raise exc_value.with_traceback(exc_tb)
  File "/usr/local/lib/python3.14/site-packages/sqlalchemy/pool/impl.py", line 174, in _do_get
    return self._create_connection()
           ~~~~~~~~~~~~~~~~~~~~~~~^^
  File "/usr/local/lib/python3.14/site-packages/sqlalchemy/pool/base.py", line 386, in _create_connection
    return _ConnectionRecord(self)
  File "/usr/local/lib/python3.14/site-packages/sqlalchemy/pool/base.py", line 671, in __init__
    self.__connect()
    ~~~~~~~~~~~~~~^^
  File "/usr/local/lib/python3.14/site-packages/sqlalchemy/pool/base.py", line 906, in __connect
    with util.safe_reraise():
         ~~~~~~~~~~~~~~~~~^^
  File "/usr/local/lib/python3.14/site-packages/sqlalchemy/util/langhelpers.py", line 166, in __exit__
    raise exc_value.with_traceback(exc_tb)
  File "/usr/local/lib/python3.14/site-packages/sqlalchemy/pool/base.py", line 902, in __connect
    self.dbapi_connection = connection = pool._invoke_creator(self)
                                         ~~~~~~~~~~~~~~~~~~~~^^^^^^
  File "/usr/local/lib/python3.14/site-packages/sqlalchemy/engine/create.py", line 645, in connect
    return dialect.connect(*cargs_tup, **cparams)
           ~~~~~~~~~~~~~~~^^^^^^^^^^^^^^^^^^^^^^^
  File "/usr/local/lib/python3.14/site-packages/sqlalchemy/engine/default.py", line 869, in connect
    return self.loaded_dbapi.connect(*cargs, **cparams)  # type: ignore[no-any-return]  # NOQA: E501
           ~~~~~~~~~~~~~~~~~~~~~~~~~^^^^^^^^^^^^^^^^^^^
  File "/usr/local/lib/python3.14/site-packages/psycopg2/__init__.py", line 122, in connect
    conn = _connect(dsn, connection_factory=connection_factory, **kwasync)
sqlalchemy.exc.OperationalError: (psycopg2.OperationalError) connection to server at "db" (172.18.0.2), port 5432 failed: FATAL:  password authentication failed for user "weatherflow"

(Background on this error at: https://sqlalche.me/e/21/e3q8)
2026-10-07 11:45:00,725 | INFO | __main__ | Processing city: Cebu City
2026-10-07 11:45:00,954 | INFO | __main__ | Geocoding extracted for Cebu City
2026-10-07 11:45:00,965 | ERROR | __main__ | Failed to process city: Cebu City
Traceback (most recent call last):
  File "/usr/local/lib/python3.14/site-packages/sqlalchemy/engine/base.py", line 149, in __init__
    self._dbapi_connection = engine.raw_connection()
                             ~~~~~~~~~~~~~~~~~~~~~^^
  File "/usr/local/lib/python3.14/site-packages/sqlalchemy/engine/base.py", line 3284, in raw_connection
    return self.pool.connect()
           ~~~~~~~~~~~~~~~~~^^
  File "/usr/local/lib/python3.14/site-packages/sqlalchemy/pool/base.py", line 445, in connect
    return _ConnectionFairy._checkout(self)
           ~~~~~~~~~~~~~~~~~~~~~~~~~~^^^^^^
  File "/usr/local/lib/python3.14/site-packages/sqlalchemy/pool/base.py", line 1303, in _checkout
    fairy = _ConnectionRecord.checkout(pool)
  File "/usr/local/lib/python3.14/site-packages/sqlalchemy/pool/base.py", line 709, in checkout
    rec = pool._do_get()
  File "/usr/local/lib/python3.14/site-packages/sqlalchemy/pool/impl.py", line 176, in _do_get
    with util.safe_reraise():
         ~~~~~~~~~~~~~~~~~^^
  File "/usr/local/lib/python3.14/site-packages/sqlalchemy/util/langhelpers.py", line 166, in __exit__
    raise exc_value.with_traceback(exc_tb)
  File "/usr/local/lib/python3.14/site-packages/sqlalchemy/pool/impl.py", line 174, in _do_get
    return self._create_connection()
           ~~~~~~~~~~~~~~~~~~~~~~~^^
  File "/usr/local/lib/python3.14/site-packages/sqlalchemy/pool/base.py", line 386, in _create_connection
    return _ConnectionRecord(self)
  File "/usr/local/lib/python3.14/site-packages/sqlalchemy/pool/base.py", line 671, in __init__
    self.__connect()
    ~~~~~~~~~~~~~~^^
  File "/usr/local/lib/python3.14/site-packages/sqlalchemy/pool/base.py", line 906, in __connect
    with util.safe_reraise():
         ~~~~~~~~~~~~~~~~~^^
  File "/usr/local/lib/python3.14/site-packages/sqlalchemy/util/langhelpers.py", line 166, in __exit__
    raise exc_value.with_traceback(exc_tb)
  File "/usr/local/lib/python3.14/site-packages/sqlalchemy/pool/base.py", line 902, in __connect
    self.dbapi_connection = connection = pool._invoke_creator(self)
                                         ~~~~~~~~~~~~~~~~~~~~^^^^^^
  File "/usr/local/lib/python3.14/site-packages/sqlalchemy/engine/create.py", line 645, in connect
    return dialect.connect(*cargs_tup, **cparams)
           ~~~~~~~~~~~~~~~^^^^^^^^^^^^^^^^^^^^^^^
  File "/usr/local/lib/python3.14/site-packages/sqlalchemy/engine/default.py", line 869, in connect
    return self.loaded_dbapi.connect(*cargs, **cparams)  # type: ignore[no-any-return]  # NOQA: E501
           ~~~~~~~~~~~~~~~~~~~~~~~~~^^^^^^^^^^^^^^^^^^^
  File "/usr/local/lib/python3.14/site-packages/psycopg2/__init__.py", line 122, in connect
    conn = _connect(dsn, connection_factory=connection_factory, **kwasync)
psycopg2.OperationalError: connection to server at "db" (172.18.0.2), port 5432 failed: FATAL:  password authentication failed for user "weatherflow"


The above exception was the direct cause of the following exception:

Traceback (most recent call last):
  File "/app/pipeline/main.py", line 47, in main
    load_postgresql(geocoding_df, geocoding_table, if_exists="replace")
    ~~~~~~~~~~~~~~~^^^^^^^^^^^^^^^^^^^^^^^^^^^^^^^^^^^^^^^^^^^^^^^^^^^^
  File "/app/pipeline/loaded/load_postresql.py", line 324, in load_postgresql
    with engine.begin() as connection:
         ~~~~~~~~~~~~^^
  File "/usr/local/lib/python3.14/contextlib.py", line 141, in __enter__
    return next(self.gen)
  File "/usr/local/lib/python3.14/site-packages/sqlalchemy/engine/base.py", line 3224, in begin
    with self.connect() as conn:
         ~~~~~~~~~~~~^^
  File "/usr/local/lib/python3.14/site-packages/sqlalchemy/engine/base.py", line 3260, in connect
    return self._connection_cls(self)
           ~~~~~~~~~~~~~~~~~~~~^^^^^^
  File "/usr/local/lib/python3.14/site-packages/sqlalchemy/engine/base.py", line 151, in __init__
    Connection._handle_dbapi_exception_noconnection(
    ~~~~~~~~~~~~~~~~~~~~~~~~~~~~~~~~~~~~~~~~~~~~~~~^
        err, dialect, engine
        ^^^^^^^^^^^^^^^^^^^^
    )
    ^
  File "/usr/local/lib/python3.14/site-packages/sqlalchemy/engine/base.py", line 2417, in _handle_dbapi_exception_noconnection
    raise sqlalchemy_exception.with_traceback(exc_info[2]) from e
  File "/usr/local/lib/python3.14/site-packages/sqlalchemy/engine/base.py", line 149, in __init__
    self._dbapi_connection = engine.raw_connection()
                             ~~~~~~~~~~~~~~~~~~~~~^^
  File "/usr/local/lib/python3.14/site-packages/sqlalchemy/engine/base.py", line 3284, in raw_connection
    return self.pool.connect()
           ~~~~~~~~~~~~~~~~~^^
  File "/usr/local/lib/python3.14/site-packages/sqlalchemy/pool/base.py", line 445, in connect
    return _ConnectionFairy._checkout(self)
           ~~~~~~~~~~~~~~~~~~~~~~~~~~^^^^^^
  File "/usr/local/lib/python3.14/site-packages/sqlalchemy/pool/base.py", line 1303, in _checkout
    fairy = _ConnectionRecord.checkout(pool)
  File "/usr/local/lib/python3.14/site-packages/sqlalchemy/pool/base.py", line 709, in checkout
    rec = pool._do_get()
  File "/usr/local/lib/python3.14/site-packages/sqlalchemy/pool/impl.py", line 176, in _do_get
    with util.safe_reraise():
         ~~~~~~~~~~~~~~~~~^^
  File "/usr/local/lib/python3.14/site-packages/sqlalchemy/util/langhelpers.py", line 166, in __exit__
    raise exc_value.with_traceback(exc_tb)
  File "/usr/local/lib/python3.14/site-packages/sqlalchemy/pool/impl.py", line 174, in _do_get
    return self._create_connection()
           ~~~~~~~~~~~~~~~~~~~~~~~^^
  File "/usr/local/lib/python3.14/site-packages/sqlalchemy/pool/base.py", line 386, in _create_connection
    return _ConnectionRecord(self)
  File "/usr/local/lib/python3.14/site-packages/sqlalchemy/pool/base.py", line 671, in __init__
    self.__connect()
    ~~~~~~~~~~~~~~^^
  File "/usr/local/lib/python3.14/site-packages/sqlalchemy/pool/base.py", line 906, in __connect
    with util.safe_reraise():
         ~~~~~~~~~~~~~~~~~^^
  File "/usr/local/lib/python3.14/site-packages/sqlalchemy/util/langhelpers.py", line 166, in __exit__
    raise exc_value.with_traceback(exc_tb)
  File "/usr/local/lib/python3.14/site-packages/sqlalchemy/pool/base.py", line 902, in __connect
    self.dbapi_connection = connection = pool._invoke_creator(self)
                                         ~~~~~~~~~~~~~~~~~~~~^^^^^^
  File "/usr/local/lib/python3.14/site-packages/sqlalchemy/engine/create.py", line 645, in connect
    return dialect.connect(*cargs_tup, **cparams)
           ~~~~~~~~~~~~~~~^^^^^^^^^^^^^^^^^^^^^^^
  File "/usr/local/lib/python3.14/site-packages/sqlalchemy/engine/default.py", line 869, in connect
    return self.loaded_dbapi.connect(*cargs, **cparams)  # type: ignore[no-any-return]  # NOQA: E501
           ~~~~~~~~~~~~~~~~~~~~~~~~~^^^^^^^^^^^^^^^^^^^
  File "/usr/local/lib/python3.14/site-packages/psycopg2/__init__.py", line 122, in connect
    conn = _connect(dsn, connection_factory=connection_factory, **kwasync)
sqlalchemy.exc.OperationalError: (psycopg2.OperationalError) connection to server at "db" (172.18.0.2), port 5432 failed: FATAL:  password authentication failed for user "weatherflow"

(Background on this error at: https://sqlalche.me/e/21/e3q8)
2026-10-07 11:45:00,970 | INFO | __main__ | Processing city: Davao City
2026-10-07 11:45:01,214 | INFO | __main__ | Geocoding extracted for Davao City
2026-10-07 11:45:01,227 | ERROR | __main__ | Failed to process city: Davao City
Traceback (most recent call last):
  File "/usr/local/lib/python3.14/site-packages/sqlalchemy/engine/base.py", line 149, in __init__
    self._dbapi_connection = engine.raw_connection()
                             ~~~~~~~~~~~~~~~~~~~~~^^
  File "/usr/local/lib/python3.14/site-packages/sqlalchemy/engine/base.py", line 3284, in raw_connection
    return self.pool.connect()
           ~~~~~~~~~~~~~~~~~^^
  File "/usr/local/lib/python3.14/site-packages/sqlalchemy/pool/base.py", line 445, in connect
    return _ConnectionFairy._checkout(self)
           ~~~~~~~~~~~~~~~~~~~~~~~~~~^^^^^^
  File "/usr/local/lib/python3.14/site-packages/sqlalchemy/pool/base.py", line 1303, in _checkout
    fairy = _ConnectionRecord.checkout(pool)
  File "/usr/local/lib/python3.14/site-packages/sqlalchemy/pool/base.py", line 709, in checkout
    rec = pool._do_get()
  File "/usr/local/lib/python3.14/site-packages/sqlalchemy/pool/impl.py", line 176, in _do_get
    with util.safe_reraise():
         ~~~~~~~~~~~~~~~~~^^
  File "/usr/local/lib/python3.14/site-packages/sqlalchemy/util/langhelpers.py", line 166, in __exit__
    raise exc_value.with_traceback(exc_tb)
  File "/usr/local/lib/python3.14/site-packages/sqlalchemy/pool/impl.py", line 174, in _do_get
    return self._create_connection()
           ~~~~~~~~~~~~~~~~~~~~~~~^^
  File "/usr/local/lib/python3.14/site-packages/sqlalchemy/pool/base.py", line 386, in _create_connection
    return _ConnectionRecord(self)
  File "/usr/local/lib/python3.14/site-packages/sqlalchemy/pool/base.py", line 671, in __init__
    self.__connect()
    ~~~~~~~~~~~~~~^^
  File "/usr/local/lib/python3.14/site-packages/sqlalchemy/pool/base.py", line 906, in __connect
    with util.safe_reraise():
         ~~~~~~~~~~~~~~~~~^^
  File "/usr/local/lib/python3.14/site-packages/sqlalchemy/util/langhelpers.py", line 166, in __exit__
    raise exc_value.with_traceback(exc_tb)
  File "/usr/local/lib/python3.14/site-packages/sqlalchemy/pool/base.py", line 902, in __connect
    self.dbapi_connection = connection = pool._invoke_creator(self)
                                         ~~~~~~~~~~~~~~~~~~~~^^^^^^
  File "/usr/local/lib/python3.14/site-packages/sqlalchemy/engine/create.py", line 645, in connect
    return dialect.connect(*cargs_tup, **cparams)
           ~~~~~~~~~~~~~~~^^^^^^^^^^^^^^^^^^^^^^^
  File "/usr/local/lib/python3.14/site-packages/sqlalchemy/engine/default.py", line 869, in connect
    return self.loaded_dbapi.connect(*cargs, **cparams)  # type: ignore[no-any-return]  # NOQA: E501
           ~~~~~~~~~~~~~~~~~~~~~~~~~^^^^^^^^^^^^^^^^^^^
  File "/usr/local/lib/python3.14/site-packages/psycopg2/__init__.py", line 122, in connect
    conn = _connect(dsn, connection_factory=connection_factory, **kwasync)
psycopg2.OperationalError: connection to server at "db" (172.18.0.2), port 5432 failed: FATAL:  password authentication failed for user "weatherflow"


The above exception was the direct cause of the following exception:

Traceback (most recent call last):
  File "/app/pipeline/main.py", line 47, in main
    load_postgresql(geocoding_df, geocoding_table, if_exists="replace")
    ~~~~~~~~~~~~~~~^^^^^^^^^^^^^^^^^^^^^^^^^^^^^^^^^^^^^^^^^^^^^^^^^^^^
  File "/app/pipeline/loaded/load_postresql.py", line 324, in load_postgresql
    with engine.begin() as connection:
         ~~~~~~~~~~~~^^
  File "/usr/local/lib/python3.14/contextlib.py", line 141, in __enter__
    return next(self.gen)
  File "/usr/local/lib/python3.14/site-packages/sqlalchemy/engine/base.py", line 3224, in begin
    with self.connect() as conn:
         ~~~~~~~~~~~~^^
  File "/usr/local/lib/python3.14/site-packages/sqlalchemy/engine/base.py", line 3260, in connect
    return self._connection_cls(self)
           ~~~~~~~~~~~~~~~~~~~~^^^^^^
  File "/usr/local/lib/python3.14/site-packages/sqlalchemy/engine/base.py", line 151, in __init__
    Connection._handle_dbapi_exception_noconnection(
    ~~~~~~~~~~~~~~~~~~~~~~~~~~~~~~~~~~~~~~~~~~~~~~~^
        err, dialect, engine
        ^^^^^^^^^^^^^^^^^^^^
    )
    ^
  File "/usr/local/lib/python3.14/site-packages/sqlalchemy/engine/base.py", line 2417, in _handle_dbapi_exception_noconnection
    raise sqlalchemy_exception.with_traceback(exc_info[2]) from e
  File "/usr/local/lib/python3.14/site-packages/sqlalchemy/engine/base.py", line 149, in __init__
    self._dbapi_connection = engine.raw_connection()
                             ~~~~~~~~~~~~~~~~~~~~~^^
  File "/usr/local/lib/python3.14/site-packages/sqlalchemy/engine/base.py", line 3284, in raw_connection
    return self.pool.connect()
           ~~~~~~~~~~~~~~~~~^^
  File "/usr/local/lib/python3.14/site-packages/sqlalchemy/pool/base.py", line 445, in connect
    return _ConnectionFairy._checkout(self)
           ~~~~~~~~~~~~~~~~~~~~~~~~~~^^^^^^
  File "/usr/local/lib/python3.14/site-packages/sqlalchemy/pool/base.py", line 1303, in _checkout
    fairy = _ConnectionRecord.checkout(pool)
  File "/usr/local/lib/python3.14/site-packages/sqlalchemy/pool/base.py", line 709, in checkout
    rec = pool._do_get()
  File "/usr/local/lib/python3.14/site-packages/sqlalchemy/pool/impl.py", line 176, in _do_get
    with util.safe_reraise():
         ~~~~~~~~~~~~~~~~~^^
  File "/usr/local/lib/python3.14/site-packages/sqlalchemy/util/langhelpers.py", line 166, in __exit__
    raise exc_value.with_traceback(exc_tb)
  File "/usr/local/lib/python3.14/site-packages/sqlalchemy/pool/impl.py", line 174, in _do_get
    return self._create_connection()
           ~~~~~~~~~~~~~~~~~~~~~~~^^
  File "/usr/local/lib/python3.14/site-packages/sqlalchemy/pool/base.py", line 386, in _create_connection
    return _ConnectionRecord(self)
  File "/usr/local/lib/python3.14/site-packages/sqlalchemy/pool/base.py", line 671, in __init__
    self.__connect()
    ~~~~~~~~~~~~~~^^
  File "/usr/local/lib/python3.14/site-packages/sqlalchemy/pool/base.py", line 906, in __connect
    with util.safe_reraise():
         ~~~~~~~~~~~~~~~~~^^
  File "/usr/local/lib/python3.14/site-packages/sqlalchemy/util/langhelpers.py", line 166, in __exit__
    raise exc_value.with_traceback(exc_tb)
  File "/usr/local/lib/python3.14/site-packages/sqlalchemy/pool/base.py", line 902, in __connect
    self.dbapi_connection = connection = pool._invoke_creator(self)
                                         ~~~~~~~~~~~~~~~~~~~~^^^^^^
  File "/usr/local/lib/python3.14/site-packages/sqlalchemy/engine/create.py", line 645, in connect
    return dialect.connect(*cargs_tup, **cparams)
           ~~~~~~~~~~~~~~~^^^^^^^^^^^^^^^^^^^^^^^
  File "/usr/local/lib/python3.14/site-packages/sqlalchemy/engine/default.py", line 869, in connect
    return self.loaded_dbapi.connect(*cargs, **cparams)  # type: ignore[no-any-return]  # NOQA: E501
           ~~~~~~~~~~~~~~~~~~~~~~~~~^^^^^^^^^^^^^^^^^^^
  File "/usr/local/lib/python3.14/site-packages/psycopg2/__init__.py", line 122, in connect
    conn = _connect(dsn, connection_factory=connection_factory, **kwasync)
sqlalchemy.exc.OperationalError: (psycopg2.OperationalError) connection to server at "db" (172.18.0.2), port 5432 failed: FATAL:  password authentication failed for user "weatherflow"

(Background on this error at: https://sqlalche.me/e/21/e3q8)
2026-10-07 11:45:01,232 | INFO | __main__ | Processing city: Baguio
2026-10-07 11:45:01,493 | INFO | __main__ | Geocoding extracted for Baguio
2026-10-07 11:45:01,509 | ERROR | __main__ | Failed to process city: Baguio
Traceback (most recent call last):
  File "/usr/local/lib/python3.14/site-packages/sqlalchemy/engine/base.py", line 149, in __init__
    self._dbapi_connection = engine.raw_connection()
                             ~~~~~~~~~~~~~~~~~~~~~^^
  File "/usr/local/lib/python3.14/site-packages/sqlalchemy/engine/base.py", line 3284, in raw_connection
    return self.pool.connect()
           ~~~~~~~~~~~~~~~~~^^
  File "/usr/local/lib/python3.14/site-packages/sqlalchemy/pool/base.py", line 445, in connect
    return _ConnectionFairy._checkout(self)
           ~~~~~~~~~~~~~~~~~~~~~~~~~~^^^^^^
  File "/usr/local/lib/python3.14/site-packages/sqlalchemy/pool/base.py", line 1303, in _checkout
    fairy = _ConnectionRecord.checkout(pool)
  File "/usr/local/lib/python3.14/site-packages/sqlalchemy/pool/base.py", line 709, in checkout
    rec = pool._do_get()
  File "/usr/local/lib/python3.14/site-packages/sqlalchemy/pool/impl.py", line 176, in _do_get
    with util.safe_reraise():
         ~~~~~~~~~~~~~~~~~^^
  File "/usr/local/lib/python3.14/site-packages/sqlalchemy/util/langhelpers.py", line 166, in __exit__
    raise exc_value.with_traceback(exc_tb)
  File "/usr/local/lib/python3.14/site-packages/sqlalchemy/pool/impl.py", line 174, in _do_get
    return self._create_connection()
           ~~~~~~~~~~~~~~~~~~~~~~~^^
  File "/usr/local/lib/python3.14/site-packages/sqlalchemy/pool/base.py", line 386, in _create_connection
    return _ConnectionRecord(self)
  File "/usr/local/lib/python3.14/site-packages/sqlalchemy/pool/base.py", line 671, in __init__
    self.__connect()
    ~~~~~~~~~~~~~~^^
  File "/usr/local/lib/python3.14/site-packages/sqlalchemy/pool/base.py", line 906, in __connect
    with util.safe_reraise():
         ~~~~~~~~~~~~~~~~~^^
  File "/usr/local/lib/python3.14/site-packages/sqlalchemy/util/langhelpers.py", line 166, in __exit__
    raise exc_value.with_traceback(exc_tb)
  File "/usr/local/lib/python3.14/site-packages/sqlalchemy/pool/base.py", line 902, in __connect
    self.dbapi_connection = connection = pool._invoke_creator(self)
                                         ~~~~~~~~~~~~~~~~~~~~^^^^^^
  File "/usr/local/lib/python3.14/site-packages/sqlalchemy/engine/create.py", line 645, in connect
    return dialect.connect(*cargs_tup, **cparams)
           ~~~~~~~~~~~~~~~^^^^^^^^^^^^^^^^^^^^^^^
  File "/usr/local/lib/python3.14/site-packages/sqlalchemy/engine/default.py", line 869, in connect
    return self.loaded_dbapi.connect(*cargs, **cparams)  # type: ignore[no-any-return]  # NOQA: E501
           ~~~~~~~~~~~~~~~~~~~~~~~~~^^^^^^^^^^^^^^^^^^^
  File "/usr/local/lib/python3.14/site-packages/psycopg2/__init__.py", line 122, in connect
    conn = _connect(dsn, connection_factory=connection_factory, **kwasync)
psycopg2.OperationalError: connection to server at "db" (172.18.0.2), port 5432 failed: FATAL:  password authentication failed for user "weatherflow"


The above exception was the direct cause of the following exception:

Traceback (most recent call last):
  File "/app/pipeline/main.py", line 47, in main
    load_postgresql(geocoding_df, geocoding_table, if_exists="replace")
    ~~~~~~~~~~~~~~~^^^^^^^^^^^^^^^^^^^^^^^^^^^^^^^^^^^^^^^^^^^^^^^^^^^^
  File "/app/pipeline/loaded/load_postresql.py", line 324, in load_postgresql
    with engine.begin() as connection:
         ~~~~~~~~~~~~^^
  File "/usr/local/lib/python3.14/contextlib.py", line 141, in __enter__
    return next(self.gen)
  File "/usr/local/lib/python3.14/site-packages/sqlalchemy/engine/base.py", line 3224, in begin
    with self.connect() as conn:
         ~~~~~~~~~~~~^^
  File "/usr/local/lib/python3.14/site-packages/sqlalchemy/engine/base.py", line 3260, in connect
    return self._connection_cls(self)
           ~~~~~~~~~~~~~~~~~~~~^^^^^^
  File "/usr/local/lib/python3.14/site-packages/sqlalchemy/engine/base.py", line 151, in __init__
    Connection._handle_dbapi_exception_noconnection(
    ~~~~~~~~~~~~~~~~~~~~~~~~~~~~~~~~~~~~~~~~~~~~~~~^
        err, dialect, engine
        ^^^^^^^^^^^^^^^^^^^^
    )
    ^
  File "/usr/local/lib/python3.14/site-packages/sqlalchemy/engine/base.py", line 2417, in _handle_dbapi_exception_noconnection
    raise sqlalchemy_exception.with_traceback(exc_info[2]) from e
  File "/usr/local/lib/python3.14/site-packages/sqlalchemy/engine/base.py", line 149, in __init__
    self._dbapi_connection = engine.raw_connection()
                             ~~~~~~~~~~~~~~~~~~~~~^^
  File "/usr/local/lib/python3.14/site-packages/sqlalchemy/engine/base.py", line 3284, in raw_connection
    return self.pool.connect()
           ~~~~~~~~~~~~~~~~~^^
  File "/usr/local/lib/python3.14/site-packages/sqlalchemy/pool/base.py", line 445, in connect
    return _ConnectionFairy._checkout(self)
           ~~~~~~~~~~~~~~~~~~~~~~~~~~^^^^^^
  File "/usr/local/lib/python3.14/site-packages/sqlalchemy/pool/base.py", line 1303, in _checkout
    fairy = _ConnectionRecord.checkout(pool)
  File "/usr/local/lib/python3.14/site-packages/sqlalchemy/pool/base.py", line 709, in checkout
    rec = pool._do_get()
  File "/usr/local/lib/python3.14/site-packages/sqlalchemy/pool/impl.py", line 176, in _do_get
    with util.safe_reraise():
         ~~~~~~~~~~~~~~~~~^^
  File "/usr/local/lib/python3.14/site-packages/sqlalchemy/util/langhelpers.py", line 166, in __exit__
    raise exc_value.with_traceback(exc_tb)
  File "/usr/local/lib/python3.14/site-packages/sqlalchemy/pool/impl.py", line 174, in _do_get
    return self._create_connection()
           ~~~~~~~~~~~~~~~~~~~~~~~^^
  File "/usr/local/lib/python3.14/site-packages/sqlalchemy/pool/base.py", line 386, in _create_connection
    return _ConnectionRecord(self)
  File "/usr/local/lib/python3.14/site-packages/sqlalchemy/pool/base.py", line 671, in __init__
    self.__connect()
    ~~~~~~~~~~~~~~^^
  File "/usr/local/lib/python3.14/site-packages/sqlalchemy/pool/base.py", line 906, in __connect
    with util.safe_reraise():
         ~~~~~~~~~~~~~~~~~^^
  File "/usr/local/lib/python3.14/site-packages/sqlalchemy/util/langhelpers.py", line 166, in __exit__
    raise exc_value.with_traceback(exc_tb)
  File "/usr/local/lib/python3.14/site-packages/sqlalchemy/pool/base.py", line 902, in __connect
    self.dbapi_connection = connection = pool._invoke_creator(self)
                                         ~~~~~~~~~~~~~~~~~~~~^^^^^^
  File "/usr/local/lib/python3.14/site-packages/sqlalchemy/engine/create.py", line 645, in connect
    return dialect.connect(*cargs_tup, **cparams)
           ~~~~~~~~~~~~~~~^^^^^^^^^^^^^^^^^^^^^^^
  File "/usr/local/lib/python3.14/site-packages/sqlalchemy/engine/default.py", line 869, in connect
    return self.loaded_dbapi.connect(*cargs, **cparams)  # type: ignore[no-any-return]  # NOQA: E501
           ~~~~~~~~~~~~~~~~~~~~~~~~~^^^^^^^^^^^^^^^^^^^
  File "/usr/local/lib/python3.14/site-packages/psycopg2/__init__.py", line 122, in connect
    conn = _connect(dsn, connection_factory=connection_factory, **kwasync)
sqlalchemy.exc.OperationalError: (psycopg2.OperationalError) connection to server at "db" (172.18.0.2), port 5432 failed: FATAL:  password authentication failed for user "weatherflow"

(Background on this error at: https://sqlalche.me/e/21/e3q8)
2026-10-07 11:45:01,514 | INFO | __main__ | Processing city: Iloilo City
2026-10-07 11:45:01,797 | INFO | __main__ | Geocoding extracted for Iloilo City
2026-10-07 11:45:01,810 | ERROR | __main__ | Failed to process city: Iloilo City
Traceback (most recent call last):
  File "/usr/local/lib/python3.14/site-packages/sqlalchemy/engine/base.py", line 149, in __init__
    self._dbapi_connection = engine.raw_connection()
                             ~~~~~~~~~~~~~~~~~~~~~^^
  File "/usr/local/lib/python3.14/site-packages/sqlalchemy/engine/base.py", line 3284, in raw_connection
    return self.pool.connect()
           ~~~~~~~~~~~~~~~~~^^
  File "/usr/local/lib/python3.14/site-packages/sqlalchemy/pool/base.py", line 445, in connect
    return _ConnectionFairy._checkout(self)
           ~~~~~~~~~~~~~~~~~~~~~~~~~~^^^^^^
  File "/usr/local/lib/python3.14/site-packages/sqlalchemy/pool/base.py", line 1303, in _checkout
    fairy = _ConnectionRecord.checkout(pool)
  File "/usr/local/lib/python3.14/site-packages/sqlalchemy/pool/base.py", line 709, in checkout
    rec = pool._do_get()
  File "/usr/local/lib/python3.14/site-packages/sqlalchemy/pool/impl.py", line 176, in _do_get
    with util.safe_reraise():
         ~~~~~~~~~~~~~~~~~^^
  File "/usr/local/lib/python3.14/site-packages/sqlalchemy/util/langhelpers.py", line 166, in __exit__
    raise exc_value.with_traceback(exc_tb)
  File "/usr/local/lib/python3.14/site-packages/sqlalchemy/pool/impl.py", line 174, in _do_get
    return self._create_connection()
           ~~~~~~~~~~~~~~~~~~~~~~~^^
  File "/usr/local/lib/python3.14/site-packages/sqlalchemy/pool/base.py", line 386, in _create_connection
    return _ConnectionRecord(self)
  File "/usr/local/lib/python3.14/site-packages/sqlalchemy/pool/base.py", line 671, in __init__
    self.__connect()
    ~~~~~~~~~~~~~~^^
  File "/usr/local/lib/python3.14/site-packages/sqlalchemy/pool/base.py", line 906, in __connect
    with util.safe_reraise():
         ~~~~~~~~~~~~~~~~~^^
  File "/usr/local/lib/python3.14/site-packages/sqlalchemy/util/langhelpers.py", line 166, in __exit__
    raise exc_value.with_traceback(exc_tb)
  File "/usr/local/lib/python3.14/site-packages/sqlalchemy/pool/base.py", line 902, in __connect
    self.dbapi_connection = connection = pool._invoke_creator(self)
                                         ~~~~~~~~~~~~~~~~~~~~^^^^^^
  File "/usr/local/lib/python3.14/site-packages/sqlalchemy/engine/create.py", line 645, in connect
    return dialect.connect(*cargs_tup, **cparams)
           ~~~~~~~~~~~~~~~^^^^^^^^^^^^^^^^^^^^^^^
  File "/usr/local/lib/python3.14/site-packages/sqlalchemy/engine/default.py", line 869, in connect
    return self.loaded_dbapi.connect(*cargs, **cparams)  # type: ignore[no-any-return]  # NOQA: E501
           ~~~~~~~~~~~~~~~~~~~~~~~~~^^^^^^^^^^^^^^^^^^^
  File "/usr/local/lib/python3.14/site-packages/psycopg2/__init__.py", line 122, in connect
    conn = _connect(dsn, connection_factory=connection_factory, **kwasync)
psycopg2.OperationalError: connection to server at "db" (172.18.0.2), port 5432 failed: FATAL:  password authentication failed for user "weatherflow"


The above exception was the direct cause of the following exception:

Traceback (most recent call last):
  File "/app/pipeline/main.py", line 47, in main
    load_postgresql(geocoding_df, geocoding_table, if_exists="replace")
    ~~~~~~~~~~~~~~~^^^^^^^^^^^^^^^^^^^^^^^^^^^^^^^^^^^^^^^^^^^^^^^^^^^^
  File "/app/pipeline/loaded/load_postresql.py", line 324, in load_postgresql
    with engine.begin() as connection:
         ~~~~~~~~~~~~^^
  File "/usr/local/lib/python3.14/contextlib.py", line 141, in __enter__
    return next(self.gen)
  File "/usr/local/lib/python3.14/site-packages/sqlalchemy/engine/base.py", line 3224, in begin
    with self.connect() as conn:
         ~~~~~~~~~~~~^^
  File "/usr/local/lib/python3.14/site-packages/sqlalchemy/engine/base.py", line 3260, in connect
    return self._connection_cls(self)
           ~~~~~~~~~~~~~~~~~~~~^^^^^^
  File "/usr/local/lib/python3.14/site-packages/sqlalchemy/engine/base.py", line 151, in __init__
    Connection._handle_dbapi_exception_noconnection(
    ~~~~~~~~~~~~~~~~~~~~~~~~~~~~~~~~~~~~~~~~~~~~~~~^
        err, dialect, engine
        ^^^^^^^^^^^^^^^^^^^^
    )
    ^
  File "/usr/local/lib/python3.14/site-packages/sqlalchemy/engine/base.py", line 2417, in _handle_dbapi_exception_noconnection
    raise sqlalchemy_exception.with_traceback(exc_info[2]) from e
  File "/usr/local/lib/python3.14/site-packages/sqlalchemy/engine/base.py", line 149, in __init__
    self._dbapi_connection = engine.raw_connection()
                             ~~~~~~~~~~~~~~~~~~~~~^^
  File "/usr/local/lib/python3.14/site-packages/sqlalchemy/engine/base.py", line 3284, in raw_connection
    return self.pool.connect()
           ~~~~~~~~~~~~~~~~~^^
  File "/usr/local/lib/python3.14/site-packages/sqlalchemy/pool/base.py", line 445, in connect
    return _ConnectionFairy._checkout(self)
           ~~~~~~~~~~~~~~~~~~~~~~~~~~^^^^^^
  File "/usr/local/lib/python3.14/site-packages/sqlalchemy/pool/base.py", line 1303, in _checkout
    fairy = _ConnectionRecord.checkout(pool)
  File "/usr/local/lib/python3.14/site-packages/sqlalchemy/pool/base.py", line 709, in checkout
    rec = pool._do_get()
  File "/usr/local/lib/python3.14/site-packages/sqlalchemy/pool/impl.py", line 176, in _do_get
    with util.safe_reraise():
         ~~~~~~~~~~~~~~~~~^^
  File "/usr/local/lib/python3.14/site-packages/sqlalchemy/util/langhelpers.py", line 166, in __exit__
    raise exc_value.with_traceback(exc_tb)
  File "/usr/local/lib/python3.14/site-packages/sqlalchemy/pool/impl.py", line 174, in _do_get
    return self._create_connection()
           ~~~~~~~~~~~~~~~~~~~~~~~^^
  File "/usr/local/lib/python3.14/site-packages/sqlalchemy/pool/base.py", line 386, in _create_connection
    return _ConnectionRecord(self)
  File "/usr/local/lib/python3.14/site-packages/sqlalchemy/pool/base.py", line 671, in __init__
    self.__connect()
    ~~~~~~~~~~~~~~^^
  File "/usr/local/lib/python3.14/site-packages/sqlalchemy/pool/base.py", line 906, in __connect
    with util.safe_reraise():
         ~~~~~~~~~~~~~~~~~^^
  File "/usr/local/lib/python3.14/site-packages/sqlalchemy/util/langhelpers.py", line 166, in __exit__
    raise exc_value.with_traceback(exc_tb)
  File "/usr/local/lib/python3.14/site-packages/sqlalchemy/pool/base.py", line 902, in __connect
    self.dbapi_connection = connection = pool._invoke_creator(self)
                                         ~~~~~~~~~~~~~~~~~~~~^^^^^^
  File "/usr/local/lib/python3.14/site-packages/sqlalchemy/engine/create.py", line 645, in connect
    return dialect.connect(*cargs_tup, **cparams)
           ~~~~~~~~~~~~~~~^^^^^^^^^^^^^^^^^^^^^^^
  File "/usr/local/lib/python3.14/site-packages/sqlalchemy/engine/default.py", line 869, in connect
    return self.loaded_dbapi.connect(*cargs, **cparams)  # type: ignore[no-any-return]  # NOQA: E501
           ~~~~~~~~~~~~~~~~~~~~~~~~~^^^^^^^^^^^^^^^^^^^
  File "/usr/local/lib/python3.14/site-packages/psycopg2/__init__.py", line 122, in connect
    conn = _connect(dsn, connection_factory=connection_factory, **kwasync)
sqlalchemy.exc.OperationalError: (psycopg2.OperationalError) connection to server at "db" (172.18.0.2), port 5432 failed: FATAL:  password authentication failed for user "weatherflow"

(Background on this error at: https://sqlalche.me/e/21/e3q8)
2026-10-07 11:45:01,815 | INFO | __main__ | Processing city: Cagayan de Oro
2026-10-07 11:45:02,018 | INFO | __main__ | Geocoding extracted for Cagayan de Oro
2026-10-07 11:45:02,033 | ERROR | __main__ | Failed to process city: Cagayan de Oro
Traceback (most recent call last):
  File "/usr/local/lib/python3.14/site-packages/sqlalchemy/engine/base.py", line 149, in __init__
    self._dbapi_connection = engine.raw_connection()
                             ~~~~~~~~~~~~~~~~~~~~~^^
  File "/usr/local/lib/python3.14/site-packages/sqlalchemy/engine/base.py", line 3284, in raw_connection
    return self.pool.connect()
           ~~~~~~~~~~~~~~~~~^^
  File "/usr/local/lib/python3.14/site-packages/sqlalchemy/pool/base.py", line 445, in connect
    return _ConnectionFairy._checkout(self)
           ~~~~~~~~~~~~~~~~~~~~~~~~~~^^^^^^
  File "/usr/local/lib/python3.14/site-packages/sqlalchemy/pool/base.py", line 1303, in _checkout
    fairy = _ConnectionRecord.checkout(pool)
  File "/usr/local/lib/python3.14/site-packages/sqlalchemy/pool/base.py", line 709, in checkout
    rec = pool._do_get()
  File "/usr/local/lib/python3.14/site-packages/sqlalchemy/pool/impl.py", line 176, in _do_get
    with util.safe_reraise():
         ~~~~~~~~~~~~~~~~~^^
  File "/usr/local/lib/python3.14/site-packages/sqlalchemy/util/langhelpers.py", line 166, in __exit__
    raise exc_value.with_traceback(exc_tb)
  File "/usr/local/lib/python3.14/site-packages/sqlalchemy/pool/impl.py", line 174, in _do_get
    return self._create_connection()
           ~~~~~~~~~~~~~~~~~~~~~~~^^
  File "/usr/local/lib/python3.14/site-packages/sqlalchemy/pool/base.py", line 386, in _create_connection
    return _ConnectionRecord(self)
  File "/usr/local/lib/python3.14/site-packages/sqlalchemy/pool/base.py", line 671, in __init__
    self.__connect()
    ~~~~~~~~~~~~~~^^
  File "/usr/local/lib/python3.14/site-packages/sqlalchemy/pool/base.py", line 906, in __connect
    with util.safe_reraise():
         ~~~~~~~~~~~~~~~~~^^
  File "/usr/local/lib/python3.14/site-packages/sqlalchemy/util/langhelpers.py", line 166, in __exit__
    raise exc_value.with_traceback(exc_tb)
  File "/usr/local/lib/python3.14/site-packages/sqlalchemy/pool/base.py", line 902, in __connect
    self.dbapi_connection = connection = pool._invoke_creator(self)
                                         ~~~~~~~~~~~~~~~~~~~~^^^^^^
  File "/usr/local/lib/python3.14/site-packages/sqlalchemy/engine/create.py", line 645, in connect
    return dialect.connect(*cargs_tup, **cparams)
           ~~~~~~~~~~~~~~~^^^^^^^^^^^^^^^^^^^^^^^
  File "/usr/local/lib/python3.14/site-packages/sqlalchemy/engine/default.py", line 869, in connect
    return self.loaded_dbapi.connect(*cargs, **cparams)  # type: ignore[no-any-return]  # NOQA: E501
           ~~~~~~~~~~~~~~~~~~~~~~~~~^^^^^^^^^^^^^^^^^^^
  File "/usr/local/lib/python3.14/site-packages/psycopg2/__init__.py", line 122, in connect
    conn = _connect(dsn, connection_factory=connection_factory, **kwasync)
psycopg2.OperationalError: connection to server at "db" (172.18.0.2), port 5432 failed: FATAL:  password authentication failed for user "weatherflow"


The above exception was the direct cause of the following exception:

Traceback (most recent call last):
  File "/app/pipeline/main.py", line 47, in main
    load_postgresql(geocoding_df, geocoding_table, if_exists="replace")
    ~~~~~~~~~~~~~~~^^^^^^^^^^^^^^^^^^^^^^^^^^^^^^^^^^^^^^^^^^^^^^^^^^^^
  File "/app/pipeline/loaded/load_postresql.py", line 324, in load_postgresql
    with engine.begin() as connection:
         ~~~~~~~~~~~~^^
  File "/usr/local/lib/python3.14/contextlib.py", line 141, in __enter__
    return next(self.gen)
  File "/usr/local/lib/python3.14/site-packages/sqlalchemy/engine/base.py", line 3224, in begin
    with self.connect() as conn:
         ~~~~~~~~~~~~^^
  File "/usr/local/lib/python3.14/site-packages/sqlalchemy/engine/base.py", line 3260, in connect
    return self._connection_cls(self)
           ~~~~~~~~~~~~~~~~~~~~^^^^^^
  File "/usr/local/lib/python3.14/site-packages/sqlalchemy/engine/base.py", line 151, in __init__
    Connection._handle_dbapi_exception_noconnection(
    ~~~~~~~~~~~~~~~~~~~~~~~~~~~~~~~~~~~~~~~~~~~~~~~^
        err, dialect, engine
        ^^^^^^^^^^^^^^^^^^^^
    )
    ^
  File "/usr/local/lib/python3.14/site-packages/sqlalchemy/engine/base.py", line 2417, in _handle_dbapi_exception_noconnection
    raise sqlalchemy_exception.with_traceback(exc_info[2]) from e
  File "/usr/local/lib/python3.14/site-packages/sqlalchemy/engine/base.py", line 149, in __init__
    self._dbapi_connection = engine.raw_connection()
                             ~~~~~~~~~~~~~~~~~~~~~^^
  File "/usr/local/lib/python3.14/site-packages/sqlalchemy/engine/base.py", line 3284, in raw_connection
    return self.pool.connect()
           ~~~~~~~~~~~~~~~~~^^
  File "/usr/local/lib/python3.14/site-packages/sqlalchemy/pool/base.py", line 445, in connect
    return _ConnectionFairy._checkout(self)
           ~~~~~~~~~~~~~~~~~~~~~~~~~~^^^^^^
  File "/usr/local/lib/python3.14/site-packages/sqlalchemy/pool/base.py", line 1303, in _checkout
    fairy = _ConnectionRecord.checkout(pool)
  File "/usr/local/lib/python3.14/site-packages/sqlalchemy/pool/base.py", line 709, in checkout
    rec = pool._do_get()
  File "/usr/local/lib/python3.14/site-packages/sqlalchemy/pool/impl.py", line 176, in _do_get
    with util.safe_reraise():
         ~~~~~~~~~~~~~~~~~^^
  File "/usr/local/lib/python3.14/site-packages/sqlalchemy/util/langhelpers.py", line 166, in __exit__
    raise exc_value.with_traceback(exc_tb)
  File "/usr/local/lib/python3.14/site-packages/sqlalchemy/pool/impl.py", line 174, in _do_get
    return self._create_connection()
           ~~~~~~~~~~~~~~~~~~~~~~~^^
  File "/usr/local/lib/python3.14/site-packages/sqlalchemy/pool/base.py", line 386, in _create_connection
    return _ConnectionRecord(self)
  File "/usr/local/lib/python3.14/site-packages/sqlalchemy/pool/base.py", line 671, in __init__
    self.__connect()
    ~~~~~~~~~~~~~~^^
  File "/usr/local/lib/python3.14/site-packages/sqlalchemy/pool/base.py", line 906, in __connect
    with util.safe_reraise():
         ~~~~~~~~~~~~~~~~~^^
  File "/usr/local/lib/python3.14/site-packages/sqlalchemy/util/langhelpers.py", line 166, in __exit__
    raise exc_value.with_traceback(exc_tb)
  File "/usr/local/lib/python3.14/site-packages/sqlalchemy/pool/base.py", line 902, in __connect
    self.dbapi_connection = connection = pool._invoke_creator(self)
                                         ~~~~~~~~~~~~~~~~~~~~^^^^^^
  File "/usr/local/lib/python3.14/site-packages/sqlalchemy/engine/create.py", line 645, in connect
    return dialect.connect(*cargs_tup, **cparams)
           ~~~~~~~~~~~~~~~^^^^^^^^^^^^^^^^^^^^^^^
  File "/usr/local/lib/python3.14/site-packages/sqlalchemy/engine/default.py", line 869, in connect
    return self.loaded_dbapi.connect(*cargs, **cparams)  # type: ignore[no-any-return]  # NOQA: E501
           ~~~~~~~~~~~~~~~~~~~~~~~~~^^^^^^^^^^^^^^^^^^^
  File "/usr/local/lib/python3.14/site-packages/psycopg2/__init__.py", line 122, in connect
    conn = _connect(dsn, connection_factory=connection_factory, **kwasync)
sqlalchemy.exc.OperationalError: (psycopg2.OperationalError) connection to server at "db" (172.18.0.2), port 5432 failed: FATAL:  password authentication failed for user "weatherflow"

(Background on this error at: https://sqlalche.me/e/21/e3q8)
2026-10-07 11:45:02,039 | INFO | __main__ | Processing city: Zamboanga City
2026-10-07 11:45:02,242 | INFO | __main__ | Geocoding extracted for Zamboanga City
2026-10-07 11:45:02,256 | ERROR | __main__ | Failed to process city: Zamboanga City
Traceback (most recent call last):
  File "/usr/local/lib/python3.14/site-packages/sqlalchemy/engine/base.py", line 149, in __init__
    self._dbapi_connection = engine.raw_connection()
                             ~~~~~~~~~~~~~~~~~~~~~^^
  File "/usr/local/lib/python3.14/site-packages/sqlalchemy/engine/base.py", line 3284, in raw_connection
    return self.pool.connect()
           ~~~~~~~~~~~~~~~~~^^
  File "/usr/local/lib/python3.14/site-packages/sqlalchemy/pool/base.py", line 445, in connect
    return _ConnectionFairy._checkout(self)
           ~~~~~~~~~~~~~~~~~~~~~~~~~~^^^^^^
  File "/usr/local/lib/python3.14/site-packages/sqlalchemy/pool/base.py", line 1303, in _checkout
    fairy = _ConnectionRecord.checkout(pool)
  File "/usr/local/lib/python3.14/site-packages/sqlalchemy/pool/base.py", line 709, in checkout
    rec = pool._do_get()
  File "/usr/local/lib/python3.14/site-packages/sqlalchemy/pool/impl.py", line 176, in _do_get
    with util.safe_reraise():
         ~~~~~~~~~~~~~~~~~^^
  File "/usr/local/lib/python3.14/site-packages/sqlalchemy/util/langhelpers.py", line 166, in __exit__
    raise exc_value.with_traceback(exc_tb)
  File "/usr/local/lib/python3.14/site-packages/sqlalchemy/pool/impl.py", line 174, in _do_get
    return self._create_connection()
           ~~~~~~~~~~~~~~~~~~~~~~~^^
  File "/usr/local/lib/python3.14/site-packages/sqlalchemy/pool/base.py", line 386, in _create_connection
    return _ConnectionRecord(self)
  File "/usr/local/lib/python3.14/site-packages/sqlalchemy/pool/base.py", line 671, in __init__
    self.__connect()
    ~~~~~~~~~~~~~~^^
  File "/usr/local/lib/python3.14/site-packages/sqlalchemy/pool/base.py", line 906, in __connect
    with util.safe_reraise():
         ~~~~~~~~~~~~~~~~~^^
  File "/usr/local/lib/python3.14/site-packages/sqlalchemy/util/langhelpers.py", line 166, in __exit__
    raise exc_value.with_traceback(exc_tb)
  File "/usr/local/lib/python3.14/site-packages/sqlalchemy/pool/base.py", line 902, in __connect
    self.dbapi_connection = connection = pool._invoke_creator(self)
                                         ~~~~~~~~~~~~~~~~~~~~^^^^^^
  File "/usr/local/lib/python3.14/site-packages/sqlalchemy/engine/create.py", line 645, in connect
    return dialect.connect(*cargs_tup, **cparams)
           ~~~~~~~~~~~~~~~^^^^^^^^^^^^^^^^^^^^^^^
  File "/usr/local/lib/python3.14/site-packages/sqlalchemy/engine/default.py", line 869, in connect
    return self.loaded_dbapi.connect(*cargs, **cparams)  # type: ignore[no-any-return]  # NOQA: E501
           ~~~~~~~~~~~~~~~~~~~~~~~~~^^^^^^^^^^^^^^^^^^^
  File "/usr/local/lib/python3.14/site-packages/psycopg2/__init__.py", line 122, in connect
    conn = _connect(dsn, connection_factory=connection_factory, **kwasync)
psycopg2.OperationalError: connection to server at "db" (172.18.0.2), port 5432 failed: FATAL:  password authentication failed for user "weatherflow"


The above exception was the direct cause of the following exception:

Traceback (most recent call last):
  File "/app/pipeline/main.py", line 47, in main
    load_postgresql(geocoding_df, geocoding_table, if_exists="replace")
    ~~~~~~~~~~~~~~~^^^^^^^^^^^^^^^^^^^^^^^^^^^^^^^^^^^^^^^^^^^^^^^^^^^^
  File "/app/pipeline/loaded/load_postresql.py", line 324, in load_postgresql
    with engine.begin() as connection:
         ~~~~~~~~~~~~^^
  File "/usr/local/lib/python3.14/contextlib.py", line 141, in __enter__
    return next(self.gen)
  File "/usr/local/lib/python3.14/site-packages/sqlalchemy/engine/base.py", line 3224, in begin
    with self.connect() as conn:
         ~~~~~~~~~~~~^^
  File "/usr/local/lib/python3.14/site-packages/sqlalchemy/engine/base.py", line 3260, in connect
    return self._connection_cls(self)
           ~~~~~~~~~~~~~~~~~~~~^^^^^^
  File "/usr/local/lib/python3.14/site-packages/sqlalchemy/engine/base.py", line 151, in __init__
    Connection._handle_dbapi_exception_noconnection(
    ~~~~~~~~~~~~~~~~~~~~~~~~~~~~~~~~~~~~~~~~~~~~~~~^
        err, dialect, engine
        ^^^^^^^^^^^^^^^^^^^^
    )
    ^
  File "/usr/local/lib/python3.14/site-packages/sqlalchemy/engine/base.py", line 2417, in _handle_dbapi_exception_noconnection
    raise sqlalchemy_exception.with_traceback(exc_info[2]) from e
  File "/usr/local/lib/python3.14/site-packages/sqlalchemy/engine/base.py", line 149, in __init__
    self._dbapi_connection = engine.raw_connection()
                             ~~~~~~~~~~~~~~~~~~~~~^^
  File "/usr/local/lib/python3.14/site-packages/sqlalchemy/engine/base.py", line 3284, in raw_connection
    return self.pool.connect()
           ~~~~~~~~~~~~~~~~~^^
  File "/usr/local/lib/python3.14/site-packages/sqlalchemy/pool/base.py", line 445, in connect
    return _ConnectionFairy._checkout(self)
           ~~~~~~~~~~~~~~~~~~~~~~~~~~^^^^^^
  File "/usr/local/lib/python3.14/site-packages/sqlalchemy/pool/base.py", line 1303, in _checkout
    fairy = _ConnectionRecord.checkout(pool)
  File "/usr/local/lib/python3.14/site-packages/sqlalchemy/pool/base.py", line 709, in checkout
    rec = pool._do_get()
  File "/usr/local/lib/python3.14/site-packages/sqlalchemy/pool/impl.py", line 176, in _do_get
    with util.safe_reraise():
         ~~~~~~~~~~~~~~~~~^^
  File "/usr/local/lib/python3.14/site-packages/sqlalchemy/util/langhelpers.py", line 166, in __exit__
    raise exc_value.with_traceback(exc_tb)
  File "/usr/local/lib/python3.14/site-packages/sqlalchemy/pool/impl.py", line 174, in _do_get
    return self._create_connection()
           ~~~~~~~~~~~~~~~~~~~~~~~^^
  File "/usr/local/lib/python3.14/site-packages/sqlalchemy/pool/base.py", line 386, in _create_connection
    return _ConnectionRecord(self)
  File "/usr/local/lib/python3.14/site-packages/sqlalchemy/pool/base.py", line 671, in __init__
    self.__connect()
    ~~~~~~~~~~~~~~^^
  File "/usr/local/lib/python3.14/site-packages/sqlalchemy/pool/base.py", line 906, in __connect
    with util.safe_reraise():
         ~~~~~~~~~~~~~~~~~^^
  File "/usr/local/lib/python3.14/site-packages/sqlalchemy/util/langhelpers.py", line 166, in __exit__
    raise exc_value.with_traceback(exc_tb)
  File "/usr/local/lib/python3.14/site-packages/sqlalchemy/pool/base.py", line 902, in __connect
    self.dbapi_connection = connection = pool._invoke_creator(self)
                                         ~~~~~~~~~~~~~~~~~~~~^^^^^^
  File "/usr/local/lib/python3.14/site-packages/sqlalchemy/engine/create.py", line 645, in connect
    return dialect.connect(*cargs_tup, **cparams)
           ~~~~~~~~~~~~~~~^^^^^^^^^^^^^^^^^^^^^^^
  File "/usr/local/lib/python3.14/site-packages/sqlalchemy/engine/default.py", line 869, in connect
    return self.loaded_dbapi.connect(*cargs, **cparams)  # type: ignore[no-any-return]  # NOQA: E501
           ~~~~~~~~~~~~~~~~~~~~~~~~~^^^^^^^^^^^^^^^^^^^
  File "/usr/local/lib/python3.14/site-packages/psycopg2/__init__.py", line 122, in connect
    conn = _connect(dsn, connection_factory=connection_factory, **kwasync)
sqlalchemy.exc.OperationalError: (psycopg2.OperationalError) connection to server at "db" (172.18.0.2), port 5432 failed: FATAL:  password authentication failed for user "weatherflow"

(Background on this error at: https://sqlalche.me/e/21/e3q8)
2026-10-07 11:45:02,261 | INFO | __main__ | Weather ingestion completed.
2026-10-07 11:47:52,374 | INFO | __main__ | Starting Weather Ingestion...
2026-10-07 11:47:52,381 | INFO | __main__ | Processing city: Manila
2026-10-07 11:47:52,692 | INFO | __main__ | Geocoding extracted for Manila
2026-10-07 11:47:52,708 | ERROR | __main__ | Failed to process city: Manila
Traceback (most recent call last):
  File "/usr/local/lib/python3.14/site-packages/sqlalchemy/engine/base.py", line 149, in __init__
    self._dbapi_connection = engine.raw_connection()
                             ~~~~~~~~~~~~~~~~~~~~~^^
  File "/usr/local/lib/python3.14/site-packages/sqlalchemy/engine/base.py", line 3284, in raw_connection
    return self.pool.connect()
           ~~~~~~~~~~~~~~~~~^^
  File "/usr/local/lib/python3.14/site-packages/sqlalchemy/pool/base.py", line 445, in connect
    return _ConnectionFairy._checkout(self)
           ~~~~~~~~~~~~~~~~~~~~~~~~~~^^^^^^
  File "/usr/local/lib/python3.14/site-packages/sqlalchemy/pool/base.py", line 1303, in _checkout
    fairy = _ConnectionRecord.checkout(pool)
  File "/usr/local/lib/python3.14/site-packages/sqlalchemy/pool/base.py", line 709, in checkout
    rec = pool._do_get()
  File "/usr/local/lib/python3.14/site-packages/sqlalchemy/pool/impl.py", line 176, in _do_get
    with util.safe_reraise():
         ~~~~~~~~~~~~~~~~~^^
  File "/usr/local/lib/python3.14/site-packages/sqlalchemy/util/langhelpers.py", line 166, in __exit__
    raise exc_value.with_traceback(exc_tb)
  File "/usr/local/lib/python3.14/site-packages/sqlalchemy/pool/impl.py", line 174, in _do_get
    return self._create_connection()
           ~~~~~~~~~~~~~~~~~~~~~~~^^
  File "/usr/local/lib/python3.14/site-packages/sqlalchemy/pool/base.py", line 386, in _create_connection
    return _ConnectionRecord(self)
  File "/usr/local/lib/python3.14/site-packages/sqlalchemy/pool/base.py", line 671, in __init__
    self.__connect()
    ~~~~~~~~~~~~~~^^
  File "/usr/local/lib/python3.14/site-packages/sqlalchemy/pool/base.py", line 906, in __connect
    with util.safe_reraise():
         ~~~~~~~~~~~~~~~~~^^
  File "/usr/local/lib/python3.14/site-packages/sqlalchemy/util/langhelpers.py", line 166, in __exit__
    raise exc_value.with_traceback(exc_tb)
  File "/usr/local/lib/python3.14/site-packages/sqlalchemy/pool/base.py", line 902, in __connect
    self.dbapi_connection = connection = pool._invoke_creator(self)
                                         ~~~~~~~~~~~~~~~~~~~~^^^^^^
  File "/usr/local/lib/python3.14/site-packages/sqlalchemy/engine/create.py", line 645, in connect
    return dialect.connect(*cargs_tup, **cparams)
           ~~~~~~~~~~~~~~~^^^^^^^^^^^^^^^^^^^^^^^
  File "/usr/local/lib/python3.14/site-packages/sqlalchemy/engine/default.py", line 869, in connect
    return self.loaded_dbapi.connect(*cargs, **cparams)  # type: ignore[no-any-return]  # NOQA: E501
           ~~~~~~~~~~~~~~~~~~~~~~~~~^^^^^^^^^^^^^^^^^^^
  File "/usr/local/lib/python3.14/site-packages/psycopg2/__init__.py", line 122, in connect
    conn = _connect(dsn, connection_factory=connection_factory, **kwasync)
psycopg2.OperationalError: connection to server at "db" (172.18.0.2), port 5432 failed: FATAL:  password authentication failed for user "weatherflow"


The above exception was the direct cause of the following exception:

Traceback (most recent call last):
  File "/app/pipeline/main.py", line 47, in main
    load_postgresql(geocoding_df, geocoding_table, if_exists="replace")
    ~~~~~~~~~~~~~~~^^^^^^^^^^^^^^^^^^^^^^^^^^^^^^^^^^^^^^^^^^^^^^^^^^^^
  File "/app/pipeline/loaded/load_postresql.py", line 807, in load_postgresql
    return _load_legacy_table(df, table_name, if_exists=if_exists, engine=engine)
  File "/app/pipeline/loaded/load_postresql.py", line 457, in _load_legacy_table
    with engine.begin() as connection:
         ~~~~~~~~~~~~^^
  File "/usr/local/lib/python3.14/contextlib.py", line 141, in __enter__
    return next(self.gen)
  File "/usr/local/lib/python3.14/site-packages/sqlalchemy/engine/base.py", line 3224, in begin
    with self.connect() as conn:
         ~~~~~~~~~~~~^^
  File "/usr/local/lib/python3.14/site-packages/sqlalchemy/engine/base.py", line 3260, in connect
    return self._connection_cls(self)
           ~~~~~~~~~~~~~~~~~~~~^^^^^^
  File "/usr/local/lib/python3.14/site-packages/sqlalchemy/engine/base.py", line 151, in __init__
    Connection._handle_dbapi_exception_noconnection(
    ~~~~~~~~~~~~~~~~~~~~~~~~~~~~~~~~~~~~~~~~~~~~~~~^
        err, dialect, engine
        ^^^^^^^^^^^^^^^^^^^^
    )
    ^
  File "/usr/local/lib/python3.14/site-packages/sqlalchemy/engine/base.py", line 2417, in _handle_dbapi_exception_noconnection
    raise sqlalchemy_exception.with_traceback(exc_info[2]) from e
  File "/usr/local/lib/python3.14/site-packages/sqlalchemy/engine/base.py", line 149, in __init__
    self._dbapi_connection = engine.raw_connection()
                             ~~~~~~~~~~~~~~~~~~~~~^^
  File "/usr/local/lib/python3.14/site-packages/sqlalchemy/engine/base.py", line 3284, in raw_connection
    return self.pool.connect()
           ~~~~~~~~~~~~~~~~~^^
  File "/usr/local/lib/python3.14/site-packages/sqlalchemy/pool/base.py", line 445, in connect
    return _ConnectionFairy._checkout(self)
           ~~~~~~~~~~~~~~~~~~~~~~~~~~^^^^^^
  File "/usr/local/lib/python3.14/site-packages/sqlalchemy/pool/base.py", line 1303, in _checkout
    fairy = _ConnectionRecord.checkout(pool)
  File "/usr/local/lib/python3.14/site-packages/sqlalchemy/pool/base.py", line 709, in checkout
    rec = pool._do_get()
  File "/usr/local/lib/python3.14/site-packages/sqlalchemy/pool/impl.py", line 176, in _do_get
    with util.safe_reraise():
         ~~~~~~~~~~~~~~~~~^^
  File "/usr/local/lib/python3.14/site-packages/sqlalchemy/util/langhelpers.py", line 166, in __exit__
    raise exc_value.with_traceback(exc_tb)
  File "/usr/local/lib/python3.14/site-packages/sqlalchemy/pool/impl.py", line 174, in _do_get
    return self._create_connection()
           ~~~~~~~~~~~~~~~~~~~~~~~^^
  File "/usr/local/lib/python3.14/site-packages/sqlalchemy/pool/base.py", line 386, in _create_connection
    return _ConnectionRecord(self)
  File "/usr/local/lib/python3.14/site-packages/sqlalchemy/pool/base.py", line 671, in __init__
    self.__connect()
    ~~~~~~~~~~~~~~^^
  File "/usr/local/lib/python3.14/site-packages/sqlalchemy/pool/base.py", line 906, in __connect
    with util.safe_reraise():
         ~~~~~~~~~~~~~~~~~^^
  File "/usr/local/lib/python3.14/site-packages/sqlalchemy/util/langhelpers.py", line 166, in __exit__
    raise exc_value.with_traceback(exc_tb)
  File "/usr/local/lib/python3.14/site-packages/sqlalchemy/pool/base.py", line 902, in __connect
    self.dbapi_connection = connection = pool._invoke_creator(self)
                                         ~~~~~~~~~~~~~~~~~~~~^^^^^^
  File "/usr/local/lib/python3.14/site-packages/sqlalchemy/engine/create.py", line 645, in connect
    return dialect.connect(*cargs_tup, **cparams)
           ~~~~~~~~~~~~~~~^^^^^^^^^^^^^^^^^^^^^^^
  File "/usr/local/lib/python3.14/site-packages/sqlalchemy/engine/default.py", line 869, in connect
    return self.loaded_dbapi.connect(*cargs, **cparams)  # type: ignore[no-any-return]  # NOQA: E501
           ~~~~~~~~~~~~~~~~~~~~~~~~~^^^^^^^^^^^^^^^^^^^
  File "/usr/local/lib/python3.14/site-packages/psycopg2/__init__.py", line 122, in connect
    conn = _connect(dsn, connection_factory=connection_factory, **kwasync)
sqlalchemy.exc.OperationalError: (psycopg2.OperationalError) connection to server at "db" (172.18.0.2), port 5432 failed: FATAL:  password authentication failed for user "weatherflow"

(Background on this error at: https://sqlalche.me/e/21/e3q8)
2026-10-07 11:47:52,718 | INFO | __main__ | Processing city: Quezon City
2026-10-07 11:47:52,939 | INFO | __main__ | Geocoding extracted for Quezon City
2026-10-07 11:47:52,953 | ERROR | __main__ | Failed to process city: Quezon City
Traceback (most recent call last):
  File "/usr/local/lib/python3.14/site-packages/sqlalchemy/engine/base.py", line 149, in __init__
    self._dbapi_connection = engine.raw_connection()
                             ~~~~~~~~~~~~~~~~~~~~~^^
  File "/usr/local/lib/python3.14/site-packages/sqlalchemy/engine/base.py", line 3284, in raw_connection
    return self.pool.connect()
           ~~~~~~~~~~~~~~~~~^^
  File "/usr/local/lib/python3.14/site-packages/sqlalchemy/pool/base.py", line 445, in connect
    return _ConnectionFairy._checkout(self)
           ~~~~~~~~~~~~~~~~~~~~~~~~~~^^^^^^
  File "/usr/local/lib/python3.14/site-packages/sqlalchemy/pool/base.py", line 1303, in _checkout
    fairy = _ConnectionRecord.checkout(pool)
  File "/usr/local/lib/python3.14/site-packages/sqlalchemy/pool/base.py", line 709, in checkout
    rec = pool._do_get()
  File "/usr/local/lib/python3.14/site-packages/sqlalchemy/pool/impl.py", line 176, in _do_get
    with util.safe_reraise():
         ~~~~~~~~~~~~~~~~~^^
  File "/usr/local/lib/python3.14/site-packages/sqlalchemy/util/langhelpers.py", line 166, in __exit__
    raise exc_value.with_traceback(exc_tb)
  File "/usr/local/lib/python3.14/site-packages/sqlalchemy/pool/impl.py", line 174, in _do_get
    return self._create_connection()
           ~~~~~~~~~~~~~~~~~~~~~~~^^
  File "/usr/local/lib/python3.14/site-packages/sqlalchemy/pool/base.py", line 386, in _create_connection
    return _ConnectionRecord(self)
  File "/usr/local/lib/python3.14/site-packages/sqlalchemy/pool/base.py", line 671, in __init__
    self.__connect()
    ~~~~~~~~~~~~~~^^
  File "/usr/local/lib/python3.14/site-packages/sqlalchemy/pool/base.py", line 906, in __connect
    with util.safe_reraise():
         ~~~~~~~~~~~~~~~~~^^
  File "/usr/local/lib/python3.14/site-packages/sqlalchemy/util/langhelpers.py", line 166, in __exit__
    raise exc_value.with_traceback(exc_tb)
  File "/usr/local/lib/python3.14/site-packages/sqlalchemy/pool/base.py", line 902, in __connect
    self.dbapi_connection = connection = pool._invoke_creator(self)
                                         ~~~~~~~~~~~~~~~~~~~~^^^^^^
  File "/usr/local/lib/python3.14/site-packages/sqlalchemy/engine/create.py", line 645, in connect
    return dialect.connect(*cargs_tup, **cparams)
           ~~~~~~~~~~~~~~~^^^^^^^^^^^^^^^^^^^^^^^
  File "/usr/local/lib/python3.14/site-packages/sqlalchemy/engine/default.py", line 869, in connect
    return self.loaded_dbapi.connect(*cargs, **cparams)  # type: ignore[no-any-return]  # NOQA: E501
           ~~~~~~~~~~~~~~~~~~~~~~~~~^^^^^^^^^^^^^^^^^^^
  File "/usr/local/lib/python3.14/site-packages/psycopg2/__init__.py", line 122, in connect
    conn = _connect(dsn, connection_factory=connection_factory, **kwasync)
psycopg2.OperationalError: connection to server at "db" (172.18.0.2), port 5432 failed: FATAL:  password authentication failed for user "weatherflow"


The above exception was the direct cause of the following exception:

Traceback (most recent call last):
  File "/app/pipeline/main.py", line 47, in main
    load_postgresql(geocoding_df, geocoding_table, if_exists="replace")
    ~~~~~~~~~~~~~~~^^^^^^^^^^^^^^^^^^^^^^^^^^^^^^^^^^^^^^^^^^^^^^^^^^^^
  File "/app/pipeline/loaded/load_postresql.py", line 807, in load_postgresql
    return _load_legacy_table(df, table_name, if_exists=if_exists, engine=engine)
  File "/app/pipeline/loaded/load_postresql.py", line 457, in _load_legacy_table
    with engine.begin() as connection:
         ~~~~~~~~~~~~^^
  File "/usr/local/lib/python3.14/contextlib.py", line 141, in __enter__
    return next(self.gen)
  File "/usr/local/lib/python3.14/site-packages/sqlalchemy/engine/base.py", line 3224, in begin
    with self.connect() as conn:
         ~~~~~~~~~~~~^^
  File "/usr/local/lib/python3.14/site-packages/sqlalchemy/engine/base.py", line 3260, in connect
    return self._connection_cls(self)
           ~~~~~~~~~~~~~~~~~~~~^^^^^^
  File "/usr/local/lib/python3.14/site-packages/sqlalchemy/engine/base.py", line 151, in __init__
    Connection._handle_dbapi_exception_noconnection(
    ~~~~~~~~~~~~~~~~~~~~~~~~~~~~~~~~~~~~~~~~~~~~~~~^
        err, dialect, engine
        ^^^^^^^^^^^^^^^^^^^^
    )
    ^
  File "/usr/local/lib/python3.14/site-packages/sqlalchemy/engine/base.py", line 2417, in _handle_dbapi_exception_noconnection
    raise sqlalchemy_exception.with_traceback(exc_info[2]) from e
  File "/usr/local/lib/python3.14/site-packages/sqlalchemy/engine/base.py", line 149, in __init__
    self._dbapi_connection = engine.raw_connection()
                             ~~~~~~~~~~~~~~~~~~~~~^^
  File "/usr/local/lib/python3.14/site-packages/sqlalchemy/engine/base.py", line 3284, in raw_connection
    return self.pool.connect()
           ~~~~~~~~~~~~~~~~~^^
  File "/usr/local/lib/python3.14/site-packages/sqlalchemy/pool/base.py", line 445, in connect
    return _ConnectionFairy._checkout(self)
           ~~~~~~~~~~~~~~~~~~~~~~~~~~^^^^^^
  File "/usr/local/lib/python3.14/site-packages/sqlalchemy/pool/base.py", line 1303, in _checkout
    fairy = _ConnectionRecord.checkout(pool)
  File "/usr/local/lib/python3.14/site-packages/sqlalchemy/pool/base.py", line 709, in checkout
    rec = pool._do_get()
  File "/usr/local/lib/python3.14/site-packages/sqlalchemy/pool/impl.py", line 176, in _do_get
    with util.safe_reraise():
         ~~~~~~~~~~~~~~~~~^^
  File "/usr/local/lib/python3.14/site-packages/sqlalchemy/util/langhelpers.py", line 166, in __exit__
    raise exc_value.with_traceback(exc_tb)
  File "/usr/local/lib/python3.14/site-packages/sqlalchemy/pool/impl.py", line 174, in _do_get
    return self._create_connection()
           ~~~~~~~~~~~~~~~~~~~~~~~^^
  File "/usr/local/lib/python3.14/site-packages/sqlalchemy/pool/base.py", line 386, in _create_connection
    return _ConnectionRecord(self)
  File "/usr/local/lib/python3.14/site-packages/sqlalchemy/pool/base.py", line 671, in __init__
    self.__connect()
    ~~~~~~~~~~~~~~^^
  File "/usr/local/lib/python3.14/site-packages/sqlalchemy/pool/base.py", line 906, in __connect
    with util.safe_reraise():
         ~~~~~~~~~~~~~~~~~^^
  File "/usr/local/lib/python3.14/site-packages/sqlalchemy/util/langhelpers.py", line 166, in __exit__
    raise exc_value.with_traceback(exc_tb)
  File "/usr/local/lib/python3.14/site-packages/sqlalchemy/pool/base.py", line 902, in __connect
    self.dbapi_connection = connection = pool._invoke_creator(self)
                                         ~~~~~~~~~~~~~~~~~~~~^^^^^^
  File "/usr/local/lib/python3.14/site-packages/sqlalchemy/engine/create.py", line 645, in connect
    return dialect.connect(*cargs_tup, **cparams)
           ~~~~~~~~~~~~~~~^^^^^^^^^^^^^^^^^^^^^^^
  File "/usr/local/lib/python3.14/site-packages/sqlalchemy/engine/default.py", line 869, in connect
    return self.loaded_dbapi.connect(*cargs, **cparams)  # type: ignore[no-any-return]  # NOQA: E501
           ~~~~~~~~~~~~~~~~~~~~~~~~~^^^^^^^^^^^^^^^^^^^
  File "/usr/local/lib/python3.14/site-packages/psycopg2/__init__.py", line 122, in connect
    conn = _connect(dsn, connection_factory=connection_factory, **kwasync)
sqlalchemy.exc.OperationalError: (psycopg2.OperationalError) connection to server at "db" (172.18.0.2), port 5432 failed: FATAL:  password authentication failed for user "weatherflow"

(Background on this error at: https://sqlalche.me/e/21/e3q8)
2026-10-07 11:47:52,961 | INFO | __main__ | Processing city: Cebu City
2026-10-07 11:47:53,236 | INFO | __main__ | Geocoding extracted for Cebu City
2026-10-07 11:47:53,246 | ERROR | __main__ | Failed to process city: Cebu City
Traceback (most recent call last):
  File "/usr/local/lib/python3.14/site-packages/sqlalchemy/engine/base.py", line 149, in __init__
    self._dbapi_connection = engine.raw_connection()
                             ~~~~~~~~~~~~~~~~~~~~~^^
  File "/usr/local/lib/python3.14/site-packages/sqlalchemy/engine/base.py", line 3284, in raw_connection
    return self.pool.connect()
           ~~~~~~~~~~~~~~~~~^^
  File "/usr/local/lib/python3.14/site-packages/sqlalchemy/pool/base.py", line 445, in connect
    return _ConnectionFairy._checkout(self)
           ~~~~~~~~~~~~~~~~~~~~~~~~~~^^^^^^
  File "/usr/local/lib/python3.14/site-packages/sqlalchemy/pool/base.py", line 1303, in _checkout
    fairy = _ConnectionRecord.checkout(pool)
  File "/usr/local/lib/python3.14/site-packages/sqlalchemy/pool/base.py", line 709, in checkout
    rec = pool._do_get()
  File "/usr/local/lib/python3.14/site-packages/sqlalchemy/pool/impl.py", line 176, in _do_get
    with util.safe_reraise():
         ~~~~~~~~~~~~~~~~~^^
  File "/usr/local/lib/python3.14/site-packages/sqlalchemy/util/langhelpers.py", line 166, in __exit__
    raise exc_value.with_traceback(exc_tb)
  File "/usr/local/lib/python3.14/site-packages/sqlalchemy/pool/impl.py", line 174, in _do_get
    return self._create_connection()
           ~~~~~~~~~~~~~~~~~~~~~~~^^
  File "/usr/local/lib/python3.14/site-packages/sqlalchemy/pool/base.py", line 386, in _create_connection
    return _ConnectionRecord(self)
  File "/usr/local/lib/python3.14/site-packages/sqlalchemy/pool/base.py", line 671, in __init__
    self.__connect()
    ~~~~~~~~~~~~~~^^
  File "/usr/local/lib/python3.14/site-packages/sqlalchemy/pool/base.py", line 906, in __connect
    with util.safe_reraise():
         ~~~~~~~~~~~~~~~~~^^
  File "/usr/local/lib/python3.14/site-packages/sqlalchemy/util/langhelpers.py", line 166, in __exit__
    raise exc_value.with_traceback(exc_tb)
  File "/usr/local/lib/python3.14/site-packages/sqlalchemy/pool/base.py", line 902, in __connect
    self.dbapi_connection = connection = pool._invoke_creator(self)
                                         ~~~~~~~~~~~~~~~~~~~~^^^^^^
  File "/usr/local/lib/python3.14/site-packages/sqlalchemy/engine/create.py", line 645, in connect
    return dialect.connect(*cargs_tup, **cparams)
           ~~~~~~~~~~~~~~~^^^^^^^^^^^^^^^^^^^^^^^
  File "/usr/local/lib/python3.14/site-packages/sqlalchemy/engine/default.py", line 869, in connect
    return self.loaded_dbapi.connect(*cargs, **cparams)  # type: ignore[no-any-return]  # NOQA: E501
           ~~~~~~~~~~~~~~~~~~~~~~~~~^^^^^^^^^^^^^^^^^^^
  File "/usr/local/lib/python3.14/site-packages/psycopg2/__init__.py", line 122, in connect
    conn = _connect(dsn, connection_factory=connection_factory, **kwasync)
psycopg2.OperationalError: connection to server at "db" (172.18.0.2), port 5432 failed: FATAL:  password authentication failed for user "weatherflow"


The above exception was the direct cause of the following exception:

Traceback (most recent call last):
  File "/app/pipeline/main.py", line 47, in main
    load_postgresql(geocoding_df, geocoding_table, if_exists="replace")
    ~~~~~~~~~~~~~~~^^^^^^^^^^^^^^^^^^^^^^^^^^^^^^^^^^^^^^^^^^^^^^^^^^^^
  File "/app/pipeline/loaded/load_postresql.py", line 807, in load_postgresql
    return _load_legacy_table(df, table_name, if_exists=if_exists, engine=engine)
  File "/app/pipeline/loaded/load_postresql.py", line 457, in _load_legacy_table
    with engine.begin() as connection:
         ~~~~~~~~~~~~^^
  File "/usr/local/lib/python3.14/contextlib.py", line 141, in __enter__
    return next(self.gen)
  File "/usr/local/lib/python3.14/site-packages/sqlalchemy/engine/base.py", line 3224, in begin
    with self.connect() as conn:
         ~~~~~~~~~~~~^^
  File "/usr/local/lib/python3.14/site-packages/sqlalchemy/engine/base.py", line 3260, in connect
    return self._connection_cls(self)
           ~~~~~~~~~~~~~~~~~~~~^^^^^^
  File "/usr/local/lib/python3.14/site-packages/sqlalchemy/engine/base.py", line 151, in __init__
    Connection._handle_dbapi_exception_noconnection(
    ~~~~~~~~~~~~~~~~~~~~~~~~~~~~~~~~~~~~~~~~~~~~~~~^
        err, dialect, engine
        ^^^^^^^^^^^^^^^^^^^^
    )
    ^
  File "/usr/local/lib/python3.14/site-packages/sqlalchemy/engine/base.py", line 2417, in _handle_dbapi_exception_noconnection
    raise sqlalchemy_exception.with_traceback(exc_info[2]) from e
  File "/usr/local/lib/python3.14/site-packages/sqlalchemy/engine/base.py", line 149, in __init__
    self._dbapi_connection = engine.raw_connection()
                             ~~~~~~~~~~~~~~~~~~~~~^^
  File "/usr/local/lib/python3.14/site-packages/sqlalchemy/engine/base.py", line 3284, in raw_connection
    return self.pool.connect()
           ~~~~~~~~~~~~~~~~~^^
  File "/usr/local/lib/python3.14/site-packages/sqlalchemy/pool/base.py", line 445, in connect
    return _ConnectionFairy._checkout(self)
           ~~~~~~~~~~~~~~~~~~~~~~~~~~^^^^^^
  File "/usr/local/lib/python3.14/site-packages/sqlalchemy/pool/base.py", line 1303, in _checkout
    fairy = _ConnectionRecord.checkout(pool)
  File "/usr/local/lib/python3.14/site-packages/sqlalchemy/pool/base.py", line 709, in checkout
    rec = pool._do_get()
  File "/usr/local/lib/python3.14/site-packages/sqlalchemy/pool/impl.py", line 176, in _do_get
    with util.safe_reraise():
         ~~~~~~~~~~~~~~~~~^^
  File "/usr/local/lib/python3.14/site-packages/sqlalchemy/util/langhelpers.py", line 166, in __exit__
    raise exc_value.with_traceback(exc_tb)
  File "/usr/local/lib/python3.14/site-packages/sqlalchemy/pool/impl.py", line 174, in _do_get
    return self._create_connection()
           ~~~~~~~~~~~~~~~~~~~~~~~^^
  File "/usr/local/lib/python3.14/site-packages/sqlalchemy/pool/base.py", line 386, in _create_connection
    return _ConnectionRecord(self)
  File "/usr/local/lib/python3.14/site-packages/sqlalchemy/pool/base.py", line 671, in __init__
    self.__connect()
    ~~~~~~~~~~~~~~^^
  File "/usr/local/lib/python3.14/site-packages/sqlalchemy/pool/base.py", line 906, in __connect
    with util.safe_reraise():
         ~~~~~~~~~~~~~~~~~^^
  File "/usr/local/lib/python3.14/site-packages/sqlalchemy/util/langhelpers.py", line 166, in __exit__
    raise exc_value.with_traceback(exc_tb)
  File "/usr/local/lib/python3.14/site-packages/sqlalchemy/pool/base.py", line 902, in __connect
    self.dbapi_connection = connection = pool._invoke_creator(self)
                                         ~~~~~~~~~~~~~~~~~~~~^^^^^^
  File "/usr/local/lib/python3.14/site-packages/sqlalchemy/engine/create.py", line 645, in connect
    return dialect.connect(*cargs_tup, **cparams)
           ~~~~~~~~~~~~~~~^^^^^^^^^^^^^^^^^^^^^^^
  File "/usr/local/lib/python3.14/site-packages/sqlalchemy/engine/default.py", line 869, in connect
    return self.loaded_dbapi.connect(*cargs, **cparams)  # type: ignore[no-any-return]  # NOQA: E501
           ~~~~~~~~~~~~~~~~~~~~~~~~~^^^^^^^^^^^^^^^^^^^
  File "/usr/local/lib/python3.14/site-packages/psycopg2/__init__.py", line 122, in connect
    conn = _connect(dsn, connection_factory=connection_factory, **kwasync)
sqlalchemy.exc.OperationalError: (psycopg2.OperationalError) connection to server at "db" (172.18.0.2), port 5432 failed: FATAL:  password authentication failed for user "weatherflow"

(Background on this error at: https://sqlalche.me/e/21/e3q8)
2026-10-07 11:47:53,251 | INFO | __main__ | Processing city: Davao City
2026-10-07 11:47:53,467 | INFO | __main__ | Geocoding extracted for Davao City
2026-10-07 11:47:53,485 | ERROR | __main__ | Failed to process city: Davao City
Traceback (most recent call last):
  File "/usr/local/lib/python3.14/site-packages/sqlalchemy/engine/base.py", line 149, in __init__
    self._dbapi_connection = engine.raw_connection()
                             ~~~~~~~~~~~~~~~~~~~~~^^
  File "/usr/local/lib/python3.14/site-packages/sqlalchemy/engine/base.py", line 3284, in raw_connection
    return self.pool.connect()
           ~~~~~~~~~~~~~~~~~^^
  File "/usr/local/lib/python3.14/site-packages/sqlalchemy/pool/base.py", line 445, in connect
    return _ConnectionFairy._checkout(self)
           ~~~~~~~~~~~~~~~~~~~~~~~~~~^^^^^^
  File "/usr/local/lib/python3.14/site-packages/sqlalchemy/pool/base.py", line 1303, in _checkout
    fairy = _ConnectionRecord.checkout(pool)
  File "/usr/local/lib/python3.14/site-packages/sqlalchemy/pool/base.py", line 709, in checkout
    rec = pool._do_get()
  File "/usr/local/lib/python3.14/site-packages/sqlalchemy/pool/impl.py", line 176, in _do_get
    with util.safe_reraise():
         ~~~~~~~~~~~~~~~~~^^
  File "/usr/local/lib/python3.14/site-packages/sqlalchemy/util/langhelpers.py", line 166, in __exit__
    raise exc_value.with_traceback(exc_tb)
  File "/usr/local/lib/python3.14/site-packages/sqlalchemy/pool/impl.py", line 174, in _do_get
    return self._create_connection()
           ~~~~~~~~~~~~~~~~~~~~~~~^^
  File "/usr/local/lib/python3.14/site-packages/sqlalchemy/pool/base.py", line 386, in _create_connection
    return _ConnectionRecord(self)
  File "/usr/local/lib/python3.14/site-packages/sqlalchemy/pool/base.py", line 671, in __init__
    self.__connect()
    ~~~~~~~~~~~~~~^^
  File "/usr/local/lib/python3.14/site-packages/sqlalchemy/pool/base.py", line 906, in __connect
    with util.safe_reraise():
         ~~~~~~~~~~~~~~~~~^^
  File "/usr/local/lib/python3.14/site-packages/sqlalchemy/util/langhelpers.py", line 166, in __exit__
    raise exc_value.with_traceback(exc_tb)
  File "/usr/local/lib/python3.14/site-packages/sqlalchemy/pool/base.py", line 902, in __connect
    self.dbapi_connection = connection = pool._invoke_creator(self)
                                         ~~~~~~~~~~~~~~~~~~~~^^^^^^
  File "/usr/local/lib/python3.14/site-packages/sqlalchemy/engine/create.py", line 645, in connect
    return dialect.connect(*cargs_tup, **cparams)
           ~~~~~~~~~~~~~~~^^^^^^^^^^^^^^^^^^^^^^^
  File "/usr/local/lib/python3.14/site-packages/sqlalchemy/engine/default.py", line 869, in connect
    return self.loaded_dbapi.connect(*cargs, **cparams)  # type: ignore[no-any-return]  # NOQA: E501
           ~~~~~~~~~~~~~~~~~~~~~~~~~^^^^^^^^^^^^^^^^^^^
  File "/usr/local/lib/python3.14/site-packages/psycopg2/__init__.py", line 122, in connect
    conn = _connect(dsn, connection_factory=connection_factory, **kwasync)
psycopg2.OperationalError: connection to server at "db" (172.18.0.2), port 5432 failed: FATAL:  password authentication failed for user "weatherflow"


The above exception was the direct cause of the following exception:

Traceback (most recent call last):
  File "/app/pipeline/main.py", line 47, in main
    load_postgresql(geocoding_df, geocoding_table, if_exists="replace")
    ~~~~~~~~~~~~~~~^^^^^^^^^^^^^^^^^^^^^^^^^^^^^^^^^^^^^^^^^^^^^^^^^^^^
  File "/app/pipeline/loaded/load_postresql.py", line 807, in load_postgresql
    return _load_legacy_table(df, table_name, if_exists=if_exists, engine=engine)
  File "/app/pipeline/loaded/load_postresql.py", line 457, in _load_legacy_table
    with engine.begin() as connection:
         ~~~~~~~~~~~~^^
  File "/usr/local/lib/python3.14/contextlib.py", line 141, in __enter__
    return next(self.gen)
  File "/usr/local/lib/python3.14/site-packages/sqlalchemy/engine/base.py", line 3224, in begin
    with self.connect() as conn:
         ~~~~~~~~~~~~^^
  File "/usr/local/lib/python3.14/site-packages/sqlalchemy/engine/base.py", line 3260, in connect
    return self._connection_cls(self)
           ~~~~~~~~~~~~~~~~~~~~^^^^^^
  File "/usr/local/lib/python3.14/site-packages/sqlalchemy/engine/base.py", line 151, in __init__
    Connection._handle_dbapi_exception_noconnection(
    ~~~~~~~~~~~~~~~~~~~~~~~~~~~~~~~~~~~~~~~~~~~~~~~^
        err, dialect, engine
        ^^^^^^^^^^^^^^^^^^^^
    )
    ^
  File "/usr/local/lib/python3.14/site-packages/sqlalchemy/engine/base.py", line 2417, in _handle_dbapi_exception_noconnection
    raise sqlalchemy_exception.with_traceback(exc_info[2]) from e
  File "/usr/local/lib/python3.14/site-packages/sqlalchemy/engine/base.py", line 149, in __init__
    self._dbapi_connection = engine.raw_connection()
                             ~~~~~~~~~~~~~~~~~~~~~^^
  File "/usr/local/lib/python3.14/site-packages/sqlalchemy/engine/base.py", line 3284, in raw_connection
    return self.pool.connect()
           ~~~~~~~~~~~~~~~~~^^
  File "/usr/local/lib/python3.14/site-packages/sqlalchemy/pool/base.py", line 445, in connect
    return _ConnectionFairy._checkout(self)
           ~~~~~~~~~~~~~~~~~~~~~~~~~~^^^^^^
  File "/usr/local/lib/python3.14/site-packages/sqlalchemy/pool/base.py", line 1303, in _checkout
    fairy = _ConnectionRecord.checkout(pool)
  File "/usr/local/lib/python3.14/site-packages/sqlalchemy/pool/base.py", line 709, in checkout
    rec = pool._do_get()
  File "/usr/local/lib/python3.14/site-packages/sqlalchemy/pool/impl.py", line 176, in _do_get
    with util.safe_reraise():
         ~~~~~~~~~~~~~~~~~^^
  File "/usr/local/lib/python3.14/site-packages/sqlalchemy/util/langhelpers.py", line 166, in __exit__
    raise exc_value.with_traceback(exc_tb)
  File "/usr/local/lib/python3.14/site-packages/sqlalchemy/pool/impl.py", line 174, in _do_get
    return self._create_connection()
           ~~~~~~~~~~~~~~~~~~~~~~~^^
  File "/usr/local/lib/python3.14/site-packages/sqlalchemy/pool/base.py", line 386, in _create_connection
    return _ConnectionRecord(self)
  File "/usr/local/lib/python3.14/site-packages/sqlalchemy/pool/base.py", line 671, in __init__
    self.__connect()
    ~~~~~~~~~~~~~~^^
  File "/usr/local/lib/python3.14/site-packages/sqlalchemy/pool/base.py", line 906, in __connect
    with util.safe_reraise():
         ~~~~~~~~~~~~~~~~~^^
  File "/usr/local/lib/python3.14/site-packages/sqlalchemy/util/langhelpers.py", line 166, in __exit__
    raise exc_value.with_traceback(exc_tb)
  File "/usr/local/lib/python3.14/site-packages/sqlalchemy/pool/base.py", line 902, in __connect
    self.dbapi_connection = connection = pool._invoke_creator(self)
                                         ~~~~~~~~~~~~~~~~~~~~^^^^^^
  File "/usr/local/lib/python3.14/site-packages/sqlalchemy/engine/create.py", line 645, in connect
    return dialect.connect(*cargs_tup, **cparams)
           ~~~~~~~~~~~~~~~^^^^^^^^^^^^^^^^^^^^^^^
  File "/usr/local/lib/python3.14/site-packages/sqlalchemy/engine/default.py", line 869, in connect
    return self.loaded_dbapi.connect(*cargs, **cparams)  # type: ignore[no-any-return]  # NOQA: E501
           ~~~~~~~~~~~~~~~~~~~~~~~~~^^^^^^^^^^^^^^^^^^^
  File "/usr/local/lib/python3.14/site-packages/psycopg2/__init__.py", line 122, in connect
    conn = _connect(dsn, connection_factory=connection_factory, **kwasync)
sqlalchemy.exc.OperationalError: (psycopg2.OperationalError) connection to server at "db" (172.18.0.2), port 5432 failed: FATAL:  password authentication failed for user "weatherflow"

(Background on this error at: https://sqlalche.me/e/21/e3q8)
2026-10-07 11:47:53,492 | INFO | __main__ | Processing city: Baguio
2026-10-07 11:47:53,714 | INFO | __main__ | Geocoding extracted for Baguio
2026-10-07 11:47:53,731 | ERROR | __main__ | Failed to process city: Baguio
Traceback (most recent call last):
  File "/usr/local/lib/python3.14/site-packages/sqlalchemy/engine/base.py", line 149, in __init__
    self._dbapi_connection = engine.raw_connection()
                             ~~~~~~~~~~~~~~~~~~~~~^^
  File "/usr/local/lib/python3.14/site-packages/sqlalchemy/engine/base.py", line 3284, in raw_connection
    return self.pool.connect()
           ~~~~~~~~~~~~~~~~~^^
  File "/usr/local/lib/python3.14/site-packages/sqlalchemy/pool/base.py", line 445, in connect
    return _ConnectionFairy._checkout(self)
           ~~~~~~~~~~~~~~~~~~~~~~~~~~^^^^^^
  File "/usr/local/lib/python3.14/site-packages/sqlalchemy/pool/base.py", line 1303, in _checkout
    fairy = _ConnectionRecord.checkout(pool)
  File "/usr/local/lib/python3.14/site-packages/sqlalchemy/pool/base.py", line 709, in checkout
    rec = pool._do_get()
  File "/usr/local/lib/python3.14/site-packages/sqlalchemy/pool/impl.py", line 176, in _do_get
    with util.safe_reraise():
         ~~~~~~~~~~~~~~~~~^^
  File "/usr/local/lib/python3.14/site-packages/sqlalchemy/util/langhelpers.py", line 166, in __exit__
    raise exc_value.with_traceback(exc_tb)
  File "/usr/local/lib/python3.14/site-packages/sqlalchemy/pool/impl.py", line 174, in _do_get
    return self._create_connection()
           ~~~~~~~~~~~~~~~~~~~~~~~^^
  File "/usr/local/lib/python3.14/site-packages/sqlalchemy/pool/base.py", line 386, in _create_connection
    return _ConnectionRecord(self)
  File "/usr/local/lib/python3.14/site-packages/sqlalchemy/pool/base.py", line 671, in __init__
    self.__connect()
    ~~~~~~~~~~~~~~^^
  File "/usr/local/lib/python3.14/site-packages/sqlalchemy/pool/base.py", line 906, in __connect
    with util.safe_reraise():
         ~~~~~~~~~~~~~~~~~^^
  File "/usr/local/lib/python3.14/site-packages/sqlalchemy/util/langhelpers.py", line 166, in __exit__
    raise exc_value.with_traceback(exc_tb)
  File "/usr/local/lib/python3.14/site-packages/sqlalchemy/pool/base.py", line 902, in __connect
    self.dbapi_connection = connection = pool._invoke_creator(self)
                                         ~~~~~~~~~~~~~~~~~~~~^^^^^^
  File "/usr/local/lib/python3.14/site-packages/sqlalchemy/engine/create.py", line 645, in connect
    return dialect.connect(*cargs_tup, **cparams)
           ~~~~~~~~~~~~~~~^^^^^^^^^^^^^^^^^^^^^^^
  File "/usr/local/lib/python3.14/site-packages/sqlalchemy/engine/default.py", line 869, in connect
    return self.loaded_dbapi.connect(*cargs, **cparams)  # type: ignore[no-any-return]  # NOQA: E501
           ~~~~~~~~~~~~~~~~~~~~~~~~~^^^^^^^^^^^^^^^^^^^
  File "/usr/local/lib/python3.14/site-packages/psycopg2/__init__.py", line 122, in connect
    conn = _connect(dsn, connection_factory=connection_factory, **kwasync)
psycopg2.OperationalError: connection to server at "db" (172.18.0.2), port 5432 failed: FATAL:  password authentication failed for user "weatherflow"


The above exception was the direct cause of the following exception:

Traceback (most recent call last):
  File "/app/pipeline/main.py", line 47, in main
    load_postgresql(geocoding_df, geocoding_table, if_exists="replace")
    ~~~~~~~~~~~~~~~^^^^^^^^^^^^^^^^^^^^^^^^^^^^^^^^^^^^^^^^^^^^^^^^^^^^
  File "/app/pipeline/loaded/load_postresql.py", line 807, in load_postgresql
    return _load_legacy_table(df, table_name, if_exists=if_exists, engine=engine)
  File "/app/pipeline/loaded/load_postresql.py", line 457, in _load_legacy_table
    with engine.begin() as connection:
         ~~~~~~~~~~~~^^
  File "/usr/local/lib/python3.14/contextlib.py", line 141, in __enter__
    return next(self.gen)
  File "/usr/local/lib/python3.14/site-packages/sqlalchemy/engine/base.py", line 3224, in begin
    with self.connect() as conn:
         ~~~~~~~~~~~~^^
  File "/usr/local/lib/python3.14/site-packages/sqlalchemy/engine/base.py", line 3260, in connect
    return self._connection_cls(self)
           ~~~~~~~~~~~~~~~~~~~~^^^^^^
  File "/usr/local/lib/python3.14/site-packages/sqlalchemy/engine/base.py", line 151, in __init__
    Connection._handle_dbapi_exception_noconnection(
    ~~~~~~~~~~~~~~~~~~~~~~~~~~~~~~~~~~~~~~~~~~~~~~~^
        err, dialect, engine
        ^^^^^^^^^^^^^^^^^^^^
    )
    ^
  File "/usr/local/lib/python3.14/site-packages/sqlalchemy/engine/base.py", line 2417, in _handle_dbapi_exception_noconnection
    raise sqlalchemy_exception.with_traceback(exc_info[2]) from e
  File "/usr/local/lib/python3.14/site-packages/sqlalchemy/engine/base.py", line 149, in __init__
    self._dbapi_connection = engine.raw_connection()
                             ~~~~~~~~~~~~~~~~~~~~~^^
  File "/usr/local/lib/python3.14/site-packages/sqlalchemy/engine/base.py", line 3284, in raw_connection
    return self.pool.connect()
           ~~~~~~~~~~~~~~~~~^^
  File "/usr/local/lib/python3.14/site-packages/sqlalchemy/pool/base.py", line 445, in connect
    return _ConnectionFairy._checkout(self)
           ~~~~~~~~~~~~~~~~~~~~~~~~~~^^^^^^
  File "/usr/local/lib/python3.14/site-packages/sqlalchemy/pool/base.py", line 1303, in _checkout
    fairy = _ConnectionRecord.checkout(pool)
  File "/usr/local/lib/python3.14/site-packages/sqlalchemy/pool/base.py", line 709, in checkout
    rec = pool._do_get()
  File "/usr/local/lib/python3.14/site-packages/sqlalchemy/pool/impl.py", line 176, in _do_get
    with util.safe_reraise():
         ~~~~~~~~~~~~~~~~~^^
  File "/usr/local/lib/python3.14/site-packages/sqlalchemy/util/langhelpers.py", line 166, in __exit__
    raise exc_value.with_traceback(exc_tb)
  File "/usr/local/lib/python3.14/site-packages/sqlalchemy/pool/impl.py", line 174, in _do_get
    return self._create_connection()
           ~~~~~~~~~~~~~~~~~~~~~~~^^
  File "/usr/local/lib/python3.14/site-packages/sqlalchemy/pool/base.py", line 386, in _create_connection
    return _ConnectionRecord(self)
  File "/usr/local/lib/python3.14/site-packages/sqlalchemy/pool/base.py", line 671, in __init__
    self.__connect()
    ~~~~~~~~~~~~~~^^
  File "/usr/local/lib/python3.14/site-packages/sqlalchemy/pool/base.py", line 906, in __connect
    with util.safe_reraise():
         ~~~~~~~~~~~~~~~~~^^
  File "/usr/local/lib/python3.14/site-packages/sqlalchemy/util/langhelpers.py", line 166, in __exit__
    raise exc_value.with_traceback(exc_tb)
  File "/usr/local/lib/python3.14/site-packages/sqlalchemy/pool/base.py", line 902, in __connect
    self.dbapi_connection = connection = pool._invoke_creator(self)
                                         ~~~~~~~~~~~~~~~~~~~~^^^^^^
  File "/usr/local/lib/python3.14/site-packages/sqlalchemy/engine/create.py", line 645, in connect
    return dialect.connect(*cargs_tup, **cparams)
           ~~~~~~~~~~~~~~~^^^^^^^^^^^^^^^^^^^^^^^
  File "/usr/local/lib/python3.14/site-packages/sqlalchemy/engine/default.py", line 869, in connect
    return self.loaded_dbapi.connect(*cargs, **cparams)  # type: ignore[no-any-return]  # NOQA: E501
           ~~~~~~~~~~~~~~~~~~~~~~~~~^^^^^^^^^^^^^^^^^^^
  File "/usr/local/lib/python3.14/site-packages/psycopg2/__init__.py", line 122, in connect
    conn = _connect(dsn, connection_factory=connection_factory, **kwasync)
sqlalchemy.exc.OperationalError: (psycopg2.OperationalError) connection to server at "db" (172.18.0.2), port 5432 failed: FATAL:  password authentication failed for user "weatherflow"

(Background on this error at: https://sqlalche.me/e/21/e3q8)
2026-10-07 11:47:53,737 | INFO | __main__ | Processing city: Iloilo City
2026-10-07 11:47:53,958 | INFO | __main__ | Geocoding extracted for Iloilo City
2026-10-07 11:47:53,968 | ERROR | __main__ | Failed to process city: Iloilo City
Traceback (most recent call last):
  File "/usr/local/lib/python3.14/site-packages/sqlalchemy/engine/base.py", line 149, in __init__
    self._dbapi_connection = engine.raw_connection()
                             ~~~~~~~~~~~~~~~~~~~~~^^
  File "/usr/local/lib/python3.14/site-packages/sqlalchemy/engine/base.py", line 3284, in raw_connection
    return self.pool.connect()
           ~~~~~~~~~~~~~~~~~^^
  File "/usr/local/lib/python3.14/site-packages/sqlalchemy/pool/base.py", line 445, in connect
    return _ConnectionFairy._checkout(self)
           ~~~~~~~~~~~~~~~~~~~~~~~~~~^^^^^^
  File "/usr/local/lib/python3.14/site-packages/sqlalchemy/pool/base.py", line 1303, in _checkout
    fairy = _ConnectionRecord.checkout(pool)
  File "/usr/local/lib/python3.14/site-packages/sqlalchemy/pool/base.py", line 709, in checkout
    rec = pool._do_get()
  File "/usr/local/lib/python3.14/site-packages/sqlalchemy/pool/impl.py", line 176, in _do_get
    with util.safe_reraise():
         ~~~~~~~~~~~~~~~~~^^
  File "/usr/local/lib/python3.14/site-packages/sqlalchemy/util/langhelpers.py", line 166, in __exit__
    raise exc_value.with_traceback(exc_tb)
  File "/usr/local/lib/python3.14/site-packages/sqlalchemy/pool/impl.py", line 174, in _do_get
    return self._create_connection()
           ~~~~~~~~~~~~~~~~~~~~~~~^^
  File "/usr/local/lib/python3.14/site-packages/sqlalchemy/pool/base.py", line 386, in _create_connection
    return _ConnectionRecord(self)
  File "/usr/local/lib/python3.14/site-packages/sqlalchemy/pool/base.py", line 671, in __init__
    self.__connect()
    ~~~~~~~~~~~~~~^^
  File "/usr/local/lib/python3.14/site-packages/sqlalchemy/pool/base.py", line 906, in __connect
    with util.safe_reraise():
         ~~~~~~~~~~~~~~~~~^^
  File "/usr/local/lib/python3.14/site-packages/sqlalchemy/util/langhelpers.py", line 166, in __exit__
    raise exc_value.with_traceback(exc_tb)
  File "/usr/local/lib/python3.14/site-packages/sqlalchemy/pool/base.py", line 902, in __connect
    self.dbapi_connection = connection = pool._invoke_creator(self)
                                         ~~~~~~~~~~~~~~~~~~~~^^^^^^
  File "/usr/local/lib/python3.14/site-packages/sqlalchemy/engine/create.py", line 645, in connect
    return dialect.connect(*cargs_tup, **cparams)
           ~~~~~~~~~~~~~~~^^^^^^^^^^^^^^^^^^^^^^^
  File "/usr/local/lib/python3.14/site-packages/sqlalchemy/engine/default.py", line 869, in connect
    return self.loaded_dbapi.connect(*cargs, **cparams)  # type: ignore[no-any-return]  # NOQA: E501
           ~~~~~~~~~~~~~~~~~~~~~~~~~^^^^^^^^^^^^^^^^^^^
  File "/usr/local/lib/python3.14/site-packages/psycopg2/__init__.py", line 122, in connect
    conn = _connect(dsn, connection_factory=connection_factory, **kwasync)
psycopg2.OperationalError: connection to server at "db" (172.18.0.2), port 5432 failed: FATAL:  password authentication failed for user "weatherflow"


The above exception was the direct cause of the following exception:

Traceback (most recent call last):
  File "/app/pipeline/main.py", line 47, in main
    load_postgresql(geocoding_df, geocoding_table, if_exists="replace")
    ~~~~~~~~~~~~~~~^^^^^^^^^^^^^^^^^^^^^^^^^^^^^^^^^^^^^^^^^^^^^^^^^^^^
  File "/app/pipeline/loaded/load_postresql.py", line 807, in load_postgresql
    return _load_legacy_table(df, table_name, if_exists=if_exists, engine=engine)
  File "/app/pipeline/loaded/load_postresql.py", line 457, in _load_legacy_table
    with engine.begin() as connection:
         ~~~~~~~~~~~~^^
  File "/usr/local/lib/python3.14/contextlib.py", line 141, in __enter__
    return next(self.gen)
  File "/usr/local/lib/python3.14/site-packages/sqlalchemy/engine/base.py", line 3224, in begin
    with self.connect() as conn:
         ~~~~~~~~~~~~^^
  File "/usr/local/lib/python3.14/site-packages/sqlalchemy/engine/base.py", line 3260, in connect
    return self._connection_cls(self)
           ~~~~~~~~~~~~~~~~~~~~^^^^^^
  File "/usr/local/lib/python3.14/site-packages/sqlalchemy/engine/base.py", line 151, in __init__
    Connection._handle_dbapi_exception_noconnection(
    ~~~~~~~~~~~~~~~~~~~~~~~~~~~~~~~~~~~~~~~~~~~~~~~^
        err, dialect, engine
        ^^^^^^^^^^^^^^^^^^^^
    )
    ^
  File "/usr/local/lib/python3.14/site-packages/sqlalchemy/engine/base.py", line 2417, in _handle_dbapi_exception_noconnection
    raise sqlalchemy_exception.with_traceback(exc_info[2]) from e
  File "/usr/local/lib/python3.14/site-packages/sqlalchemy/engine/base.py", line 149, in __init__
    self._dbapi_connection = engine.raw_connection()
                             ~~~~~~~~~~~~~~~~~~~~~^^
  File "/usr/local/lib/python3.14/site-packages/sqlalchemy/engine/base.py", line 3284, in raw_connection
    return self.pool.connect()
           ~~~~~~~~~~~~~~~~~^^
  File "/usr/local/lib/python3.14/site-packages/sqlalchemy/pool/base.py", line 445, in connect
    return _ConnectionFairy._checkout(self)
           ~~~~~~~~~~~~~~~~~~~~~~~~~~^^^^^^
  File "/usr/local/lib/python3.14/site-packages/sqlalchemy/pool/base.py", line 1303, in _checkout
    fairy = _ConnectionRecord.checkout(pool)
  File "/usr/local/lib/python3.14/site-packages/sqlalchemy/pool/base.py", line 709, in checkout
    rec = pool._do_get()
  File "/usr/local/lib/python3.14/site-packages/sqlalchemy/pool/impl.py", line 176, in _do_get
    with util.safe_reraise():
         ~~~~~~~~~~~~~~~~~^^
  File "/usr/local/lib/python3.14/site-packages/sqlalchemy/util/langhelpers.py", line 166, in __exit__
    raise exc_value.with_traceback(exc_tb)
  File "/usr/local/lib/python3.14/site-packages/sqlalchemy/pool/impl.py", line 174, in _do_get
    return self._create_connection()
           ~~~~~~~~~~~~~~~~~~~~~~~^^
  File "/usr/local/lib/python3.14/site-packages/sqlalchemy/pool/base.py", line 386, in _create_connection
    return _ConnectionRecord(self)
  File "/usr/local/lib/python3.14/site-packages/sqlalchemy/pool/base.py", line 671, in __init__
    self.__connect()
    ~~~~~~~~~~~~~~^^
  File "/usr/local/lib/python3.14/site-packages/sqlalchemy/pool/base.py", line 906, in __connect
    with util.safe_reraise():
         ~~~~~~~~~~~~~~~~~^^
  File "/usr/local/lib/python3.14/site-packages/sqlalchemy/util/langhelpers.py", line 166, in __exit__
    raise exc_value.with_traceback(exc_tb)
  File "/usr/local/lib/python3.14/site-packages/sqlalchemy/pool/base.py", line 902, in __connect
    self.dbapi_connection = connection = pool._invoke_creator(self)
                                         ~~~~~~~~~~~~~~~~~~~~^^^^^^
  File "/usr/local/lib/python3.14/site-packages/sqlalchemy/engine/create.py", line 645, in connect
    return dialect.connect(*cargs_tup, **cparams)
           ~~~~~~~~~~~~~~~^^^^^^^^^^^^^^^^^^^^^^^
  File "/usr/local/lib/python3.14/site-packages/sqlalchemy/engine/default.py", line 869, in connect
    return self.loaded_dbapi.connect(*cargs, **cparams)  # type: ignore[no-any-return]  # NOQA: E501
           ~~~~~~~~~~~~~~~~~~~~~~~~~^^^^^^^^^^^^^^^^^^^
  File "/usr/local/lib/python3.14/site-packages/psycopg2/__init__.py", line 122, in connect
    conn = _connect(dsn, connection_factory=connection_factory, **kwasync)
sqlalchemy.exc.OperationalError: (psycopg2.OperationalError) connection to server at "db" (172.18.0.2), port 5432 failed: FATAL:  password authentication failed for user "weatherflow"

(Background on this error at: https://sqlalche.me/e/21/e3q8)
2026-10-07 11:47:53,974 | INFO | __main__ | Processing city: Cagayan de Oro
2026-10-07 11:47:54,182 | INFO | __main__ | Geocoding extracted for Cagayan de Oro
2026-10-07 11:47:54,190 | ERROR | __main__ | Failed to process city: Cagayan de Oro
Traceback (most recent call last):
  File "/usr/local/lib/python3.14/site-packages/sqlalchemy/engine/base.py", line 149, in __init__
    self._dbapi_connection = engine.raw_connection()
                             ~~~~~~~~~~~~~~~~~~~~~^^
  File "/usr/local/lib/python3.14/site-packages/sqlalchemy/engine/base.py", line 3284, in raw_connection
    return self.pool.connect()
           ~~~~~~~~~~~~~~~~~^^
  File "/usr/local/lib/python3.14/site-packages/sqlalchemy/pool/base.py", line 445, in connect
    return _ConnectionFairy._checkout(self)
           ~~~~~~~~~~~~~~~~~~~~~~~~~~^^^^^^
  File "/usr/local/lib/python3.14/site-packages/sqlalchemy/pool/base.py", line 1303, in _checkout
    fairy = _ConnectionRecord.checkout(pool)
  File "/usr/local/lib/python3.14/site-packages/sqlalchemy/pool/base.py", line 709, in checkout
    rec = pool._do_get()
  File "/usr/local/lib/python3.14/site-packages/sqlalchemy/pool/impl.py", line 176, in _do_get
    with util.safe_reraise():
         ~~~~~~~~~~~~~~~~~^^
  File "/usr/local/lib/python3.14/site-packages/sqlalchemy/util/langhelpers.py", line 166, in __exit__
    raise exc_value.with_traceback(exc_tb)
  File "/usr/local/lib/python3.14/site-packages/sqlalchemy/pool/impl.py", line 174, in _do_get
    return self._create_connection()
           ~~~~~~~~~~~~~~~~~~~~~~~^^
  File "/usr/local/lib/python3.14/site-packages/sqlalchemy/pool/base.py", line 386, in _create_connection
    return _ConnectionRecord(self)
  File "/usr/local/lib/python3.14/site-packages/sqlalchemy/pool/base.py", line 671, in __init__
    self.__connect()
    ~~~~~~~~~~~~~~^^
  File "/usr/local/lib/python3.14/site-packages/sqlalchemy/pool/base.py", line 906, in __connect
    with util.safe_reraise():
         ~~~~~~~~~~~~~~~~~^^
  File "/usr/local/lib/python3.14/site-packages/sqlalchemy/util/langhelpers.py", line 166, in __exit__
    raise exc_value.with_traceback(exc_tb)
  File "/usr/local/lib/python3.14/site-packages/sqlalchemy/pool/base.py", line 902, in __connect
    self.dbapi_connection = connection = pool._invoke_creator(self)
                                         ~~~~~~~~~~~~~~~~~~~~^^^^^^
  File "/usr/local/lib/python3.14/site-packages/sqlalchemy/engine/create.py", line 645, in connect
    return dialect.connect(*cargs_tup, **cparams)
           ~~~~~~~~~~~~~~~^^^^^^^^^^^^^^^^^^^^^^^
  File "/usr/local/lib/python3.14/site-packages/sqlalchemy/engine/default.py", line 869, in connect
    return self.loaded_dbapi.connect(*cargs, **cparams)  # type: ignore[no-any-return]  # NOQA: E501
           ~~~~~~~~~~~~~~~~~~~~~~~~~^^^^^^^^^^^^^^^^^^^
  File "/usr/local/lib/python3.14/site-packages/psycopg2/__init__.py", line 122, in connect
    conn = _connect(dsn, connection_factory=connection_factory, **kwasync)
psycopg2.OperationalError: connection to server at "db" (172.18.0.2), port 5432 failed: FATAL:  password authentication failed for user "weatherflow"


The above exception was the direct cause of the following exception:

Traceback (most recent call last):
  File "/app/pipeline/main.py", line 47, in main
    load_postgresql(geocoding_df, geocoding_table, if_exists="replace")
    ~~~~~~~~~~~~~~~^^^^^^^^^^^^^^^^^^^^^^^^^^^^^^^^^^^^^^^^^^^^^^^^^^^^
  File "/app/pipeline/loaded/load_postresql.py", line 807, in load_postgresql
    return _load_legacy_table(df, table_name, if_exists=if_exists, engine=engine)
  File "/app/pipeline/loaded/load_postresql.py", line 457, in _load_legacy_table
    with engine.begin() as connection:
         ~~~~~~~~~~~~^^
  File "/usr/local/lib/python3.14/contextlib.py", line 141, in __enter__
    return next(self.gen)
  File "/usr/local/lib/python3.14/site-packages/sqlalchemy/engine/base.py", line 3224, in begin
    with self.connect() as conn:
         ~~~~~~~~~~~~^^
  File "/usr/local/lib/python3.14/site-packages/sqlalchemy/engine/base.py", line 3260, in connect
    return self._connection_cls(self)
           ~~~~~~~~~~~~~~~~~~~~^^^^^^
  File "/usr/local/lib/python3.14/site-packages/sqlalchemy/engine/base.py", line 151, in __init__
    Connection._handle_dbapi_exception_noconnection(
    ~~~~~~~~~~~~~~~~~~~~~~~~~~~~~~~~~~~~~~~~~~~~~~~^
        err, dialect, engine
        ^^^^^^^^^^^^^^^^^^^^
    )
    ^
  File "/usr/local/lib/python3.14/site-packages/sqlalchemy/engine/base.py", line 2417, in _handle_dbapi_exception_noconnection
    raise sqlalchemy_exception.with_traceback(exc_info[2]) from e
  File "/usr/local/lib/python3.14/site-packages/sqlalchemy/engine/base.py", line 149, in __init__
    self._dbapi_connection = engine.raw_connection()
                             ~~~~~~~~~~~~~~~~~~~~~^^
  File "/usr/local/lib/python3.14/site-packages/sqlalchemy/engine/base.py", line 3284, in raw_connection
    return self.pool.connect()
           ~~~~~~~~~~~~~~~~~^^
  File "/usr/local/lib/python3.14/site-packages/sqlalchemy/pool/base.py", line 445, in connect
    return _ConnectionFairy._checkout(self)
           ~~~~~~~~~~~~~~~~~~~~~~~~~~^^^^^^
  File "/usr/local/lib/python3.14/site-packages/sqlalchemy/pool/base.py", line 1303, in _checkout
    fairy = _ConnectionRecord.checkout(pool)
  File "/usr/local/lib/python3.14/site-packages/sqlalchemy/pool/base.py", line 709, in checkout
    rec = pool._do_get()
  File "/usr/local/lib/python3.14/site-packages/sqlalchemy/pool/impl.py", line 176, in _do_get
    with util.safe_reraise():
         ~~~~~~~~~~~~~~~~~^^
  File "/usr/local/lib/python3.14/site-packages/sqlalchemy/util/langhelpers.py", line 166, in __exit__
    raise exc_value.with_traceback(exc_tb)
  File "/usr/local/lib/python3.14/site-packages/sqlalchemy/pool/impl.py", line 174, in _do_get
    return self._create_connection()
           ~~~~~~~~~~~~~~~~~~~~~~~^^
  File "/usr/local/lib/python3.14/site-packages/sqlalchemy/pool/base.py", line 386, in _create_connection
    return _ConnectionRecord(self)
  File "/usr/local/lib/python3.14/site-packages/sqlalchemy/pool/base.py", line 671, in __init__
    self.__connect()
    ~~~~~~~~~~~~~~^^
  File "/usr/local/lib/python3.14/site-packages/sqlalchemy/pool/base.py", line 906, in __connect
    with util.safe_reraise():
         ~~~~~~~~~~~~~~~~~^^
  File "/usr/local/lib/python3.14/site-packages/sqlalchemy/util/langhelpers.py", line 166, in __exit__
    raise exc_value.with_traceback(exc_tb)
  File "/usr/local/lib/python3.14/site-packages/sqlalchemy/pool/base.py", line 902, in __connect
    self.dbapi_connection = connection = pool._invoke_creator(self)
                                         ~~~~~~~~~~~~~~~~~~~~^^^^^^
  File "/usr/local/lib/python3.14/site-packages/sqlalchemy/engine/create.py", line 645, in connect
    return dialect.connect(*cargs_tup, **cparams)
           ~~~~~~~~~~~~~~~^^^^^^^^^^^^^^^^^^^^^^^
  File "/usr/local/lib/python3.14/site-packages/sqlalchemy/engine/default.py", line 869, in connect
    return self.loaded_dbapi.connect(*cargs, **cparams)  # type: ignore[no-any-return]  # NOQA: E501
           ~~~~~~~~~~~~~~~~~~~~~~~~~^^^^^^^^^^^^^^^^^^^
  File "/usr/local/lib/python3.14/site-packages/psycopg2/__init__.py", line 122, in connect
    conn = _connect(dsn, connection_factory=connection_factory, **kwasync)
sqlalchemy.exc.OperationalError: (psycopg2.OperationalError) connection to server at "db" (172.18.0.2), port 5432 failed: FATAL:  password authentication failed for user "weatherflow"

(Background on this error at: https://sqlalche.me/e/21/e3q8)
2026-10-07 11:47:54,196 | INFO | __main__ | Processing city: Zamboanga City
2026-10-07 11:47:54,441 | INFO | __main__ | Geocoding extracted for Zamboanga City
2026-10-07 11:47:54,453 | ERROR | __main__ | Failed to process city: Zamboanga City
Traceback (most recent call last):
  File "/usr/local/lib/python3.14/site-packages/sqlalchemy/engine/base.py", line 149, in __init__
    self._dbapi_connection = engine.raw_connection()
                             ~~~~~~~~~~~~~~~~~~~~~^^
  File "/usr/local/lib/python3.14/site-packages/sqlalchemy/engine/base.py", line 3284, in raw_connection
    return self.pool.connect()
           ~~~~~~~~~~~~~~~~~^^
  File "/usr/local/lib/python3.14/site-packages/sqlalchemy/pool/base.py", line 445, in connect
    return _ConnectionFairy._checkout(self)
           ~~~~~~~~~~~~~~~~~~~~~~~~~~^^^^^^
  File "/usr/local/lib/python3.14/site-packages/sqlalchemy/pool/base.py", line 1303, in _checkout
    fairy = _ConnectionRecord.checkout(pool)
  File "/usr/local/lib/python3.14/site-packages/sqlalchemy/pool/base.py", line 709, in checkout
    rec = pool._do_get()
  File "/usr/local/lib/python3.14/site-packages/sqlalchemy/pool/impl.py", line 176, in _do_get
    with util.safe_reraise():
         ~~~~~~~~~~~~~~~~~^^
  File "/usr/local/lib/python3.14/site-packages/sqlalchemy/util/langhelpers.py", line 166, in __exit__
    raise exc_value.with_traceback(exc_tb)
  File "/usr/local/lib/python3.14/site-packages/sqlalchemy/pool/impl.py", line 174, in _do_get
    return self._create_connection()
           ~~~~~~~~~~~~~~~~~~~~~~~^^
  File "/usr/local/lib/python3.14/site-packages/sqlalchemy/pool/base.py", line 386, in _create_connection
    return _ConnectionRecord(self)
  File "/usr/local/lib/python3.14/site-packages/sqlalchemy/pool/base.py", line 671, in __init__
    self.__connect()
    ~~~~~~~~~~~~~~^^
  File "/usr/local/lib/python3.14/site-packages/sqlalchemy/pool/base.py", line 906, in __connect
    with util.safe_reraise():
         ~~~~~~~~~~~~~~~~~^^
  File "/usr/local/lib/python3.14/site-packages/sqlalchemy/util/langhelpers.py", line 166, in __exit__
    raise exc_value.with_traceback(exc_tb)
  File "/usr/local/lib/python3.14/site-packages/sqlalchemy/pool/base.py", line 902, in __connect
    self.dbapi_connection = connection = pool._invoke_creator(self)
                                         ~~~~~~~~~~~~~~~~~~~~^^^^^^
  File "/usr/local/lib/python3.14/site-packages/sqlalchemy/engine/create.py", line 645, in connect
    return dialect.connect(*cargs_tup, **cparams)
           ~~~~~~~~~~~~~~~^^^^^^^^^^^^^^^^^^^^^^^
  File "/usr/local/lib/python3.14/site-packages/sqlalchemy/engine/default.py", line 869, in connect
    return self.loaded_dbapi.connect(*cargs, **cparams)  # type: ignore[no-any-return]  # NOQA: E501
           ~~~~~~~~~~~~~~~~~~~~~~~~~^^^^^^^^^^^^^^^^^^^
  File "/usr/local/lib/python3.14/site-packages/psycopg2/__init__.py", line 122, in connect
    conn = _connect(dsn, connection_factory=connection_factory, **kwasync)
psycopg2.OperationalError: connection to server at "db" (172.18.0.2), port 5432 failed: FATAL:  password authentication failed for user "weatherflow"


The above exception was the direct cause of the following exception:

Traceback (most recent call last):
  File "/app/pipeline/main.py", line 47, in main
    load_postgresql(geocoding_df, geocoding_table, if_exists="replace")
    ~~~~~~~~~~~~~~~^^^^^^^^^^^^^^^^^^^^^^^^^^^^^^^^^^^^^^^^^^^^^^^^^^^^
  File "/app/pipeline/loaded/load_postresql.py", line 807, in load_postgresql
    return _load_legacy_table(df, table_name, if_exists=if_exists, engine=engine)
  File "/app/pipeline/loaded/load_postresql.py", line 457, in _load_legacy_table
    with engine.begin() as connection:
         ~~~~~~~~~~~~^^
  File "/usr/local/lib/python3.14/contextlib.py", line 141, in __enter__
    return next(self.gen)
  File "/usr/local/lib/python3.14/site-packages/sqlalchemy/engine/base.py", line 3224, in begin
    with self.connect() as conn:
         ~~~~~~~~~~~~^^
  File "/usr/local/lib/python3.14/site-packages/sqlalchemy/engine/base.py", line 3260, in connect
    return self._connection_cls(self)
           ~~~~~~~~~~~~~~~~~~~~^^^^^^
  File "/usr/local/lib/python3.14/site-packages/sqlalchemy/engine/base.py", line 151, in __init__
    Connection._handle_dbapi_exception_noconnection(
    ~~~~~~~~~~~~~~~~~~~~~~~~~~~~~~~~~~~~~~~~~~~~~~~^
        err, dialect, engine
        ^^^^^^^^^^^^^^^^^^^^
    )
    ^
  File "/usr/local/lib/python3.14/site-packages/sqlalchemy/engine/base.py", line 2417, in _handle_dbapi_exception_noconnection
    raise sqlalchemy_exception.with_traceback(exc_info[2]) from e
  File "/usr/local/lib/python3.14/site-packages/sqlalchemy/engine/base.py", line 149, in __init__
    self._dbapi_connection = engine.raw_connection()
                             ~~~~~~~~~~~~~~~~~~~~~^^
  File "/usr/local/lib/python3.14/site-packages/sqlalchemy/engine/base.py", line 3284, in raw_connection
    return self.pool.connect()
           ~~~~~~~~~~~~~~~~~^^
  File "/usr/local/lib/python3.14/site-packages/sqlalchemy/pool/base.py", line 445, in connect
    return _ConnectionFairy._checkout(self)
           ~~~~~~~~~~~~~~~~~~~~~~~~~~^^^^^^
  File "/usr/local/lib/python3.14/site-packages/sqlalchemy/pool/base.py", line 1303, in _checkout
    fairy = _ConnectionRecord.checkout(pool)
  File "/usr/local/lib/python3.14/site-packages/sqlalchemy/pool/base.py", line 709, in checkout
    rec = pool._do_get()
  File "/usr/local/lib/python3.14/site-packages/sqlalchemy/pool/impl.py", line 176, in _do_get
    with util.safe_reraise():
         ~~~~~~~~~~~~~~~~~^^
  File "/usr/local/lib/python3.14/site-packages/sqlalchemy/util/langhelpers.py", line 166, in __exit__
    raise exc_value.with_traceback(exc_tb)
  File "/usr/local/lib/python3.14/site-packages/sqlalchemy/pool/impl.py", line 174, in _do_get
    return self._create_connection()
           ~~~~~~~~~~~~~~~~~~~~~~~^^
  File "/usr/local/lib/python3.14/site-packages/sqlalchemy/pool/base.py", line 386, in _create_connection
    return _ConnectionRecord(self)
  File "/usr/local/lib/python3.14/site-packages/sqlalchemy/pool/base.py", line 671, in __init__
    self.__connect()
    ~~~~~~~~~~~~~~^^
  File "/usr/local/lib/python3.14/site-packages/sqlalchemy/pool/base.py", line 906, in __connect
    with util.safe_reraise():
         ~~~~~~~~~~~~~~~~~^^
  File "/usr/local/lib/python3.14/site-packages/sqlalchemy/util/langhelpers.py", line 166, in __exit__
    raise exc_value.with_traceback(exc_tb)
  File "/usr/local/lib/python3.14/site-packages/sqlalchemy/pool/base.py", line 902, in __connect
    self.dbapi_connection = connection = pool._invoke_creator(self)
                                         ~~~~~~~~~~~~~~~~~~~~^^^^^^
  File "/usr/local/lib/python3.14/site-packages/sqlalchemy/engine/create.py", line 645, in connect
    return dialect.connect(*cargs_tup, **cparams)
           ~~~~~~~~~~~~~~~^^^^^^^^^^^^^^^^^^^^^^^
  File "/usr/local/lib/python3.14/site-packages/sqlalchemy/engine/default.py", line 869, in connect
    return self.loaded_dbapi.connect(*cargs, **cparams)  # type: ignore[no-any-return]  # NOQA: E501
           ~~~~~~~~~~~~~~~~~~~~~~~~~^^^^^^^^^^^^^^^^^^^
  File "/usr/local/lib/python3.14/site-packages/psycopg2/__init__.py", line 122, in connect
    conn = _connect(dsn, connection_factory=connection_factory, **kwasync)
sqlalchemy.exc.OperationalError: (psycopg2.OperationalError) connection to server at "db" (172.18.0.2), port 5432 failed: FATAL:  password authentication failed for user "weatherflow"

(Background on this error at: https://sqlalche.me/e/21/e3q8)
2026-10-07 11:47:54,458 | INFO | __main__ | Weather ingestion completed.
2026-10-07 19:51:04,126 | INFO | pipeline.main | Starting Weather Ingestion...
2026-10-07 19:51:04,128 | INFO | pipeline.main | Processing city: Manila
2026-10-07 19:51:04,131 | ERROR | pipeline.main | Failed to process city: Manila
Traceback (most recent call last):
  File "/mnt/c/Users/aldwin/project/weatherflow/pipeline/main.py", line 36, in main
    weather_data = extract_openweather_data(latitude, longitude, city)
  File "/mnt/c/Users/aldwin/project/weatherflow/tests/test_load_postgresql.py", line 161, in <lambda>
    lambda *args, **kwargs: (_ for _ in ()).throw(RuntimeError("API failure")),
                            ~~~~~~~~~~~~~~~~~~~~~^^^^^^^^^^^^^^^^^^^^^^^^^^^^^
  File "/mnt/c/Users/aldwin/project/weatherflow/tests/test_load_postgresql.py", line 161, in <genexpr>
    lambda *args, **kwargs: (_ for _ in ()).throw(RuntimeError("API failure")),
RuntimeError: API failure
2026-10-07 19:51:04,152 | INFO | pipeline.main | Weather ingestion completed.
2026-10-07 19:53:17,028 | INFO | pipeline.main | Starting Weather Ingestion...
2026-10-07 19:53:17,030 | INFO | pipeline.main | Processing city: Manila
2026-10-07 19:53:17,032 | INFO | pipeline.main | Geocoding extracted for Manila
2026-10-07 19:53:17,039 | INFO | pipeline.main | Geocoding loaded for Manila into geocoding_manila
2026-10-07 19:53:17,040 | INFO | pipeline.main | Raw JSON saved for Manila: /tmp/pytest-of-aldwin/pytest-2/test_pipeline_main_saves_parqu0/manila.json
2026-10-07 19:53:17,043 | INFO | pipeline.main | Weather data transformed for Manila.
2026-10-07 19:53:17,045 | INFO | pipeline.main | Parquet saved for Manila: /tmp/pytest-of-aldwin/pytest-2/test_pipeline_main_saves_parqu0/openweather_Manila.parquet
2026-10-07 19:53:17,046 | INFO | pipeline.main | Loaded 1 row(s) for Manila into openweather_manila.
2026-10-07 19:53:17,048 | INFO | pipeline.main | Checkpoint updated for Manila.
2026-10-07 19:53:17,050 | INFO | pipeline.main | Weather ingestion completed successfully.
2026-10-07 19:53:17,057 | INFO | pipeline.main | Starting Weather Ingestion...
2026-10-07 19:53:17,058 | INFO | pipeline.main | Processing city: Manila
2026-10-07 19:53:17,061 | ERROR | pipeline.main | Failed to process city: Manila
Traceback (most recent call last):
  File "/mnt/c/Users/aldwin/project/weatherflow/pipeline/main.py", line 37, in main
    weather_data = extract_openweather_data(latitude, longitude, city)
  File "/mnt/c/Users/aldwin/project/weatherflow/tests/test_load_postgresql.py", line 161, in <lambda>
    lambda *args, **kwargs: (_ for _ in ()).throw(RuntimeError("API failure")),
                            ~~~~~~~~~~~~~~~~~~~~~^^^^^^^^^^^^^^^^^^^^^^^^^^^^^
  File "/mnt/c/Users/aldwin/project/weatherflow/tests/test_load_postgresql.py", line 161, in <genexpr>
    lambda *args, **kwargs: (_ for _ in ()).throw(RuntimeError("API failure")),
RuntimeError: API failure
2026-10-07 19:53:17,086 | ERROR | pipeline.main | Weather ingestion completed with 1 failed city processing run(s).
2026-10-07 19:55:01,436 | INFO | pipeline.main | Starting Weather Ingestion...
2026-10-07 19:55:01,437 | INFO | pipeline.main | Processing city: Manila
2026-10-07 19:55:01,439 | INFO | pipeline.main | Geocoding extracted for Manila
2026-10-07 19:55:01,443 | INFO | pipeline.main | Geocoding loaded for Manila into geocoding_manila
2026-10-07 19:55:01,445 | INFO | pipeline.main | Raw JSON saved for Manila: /tmp/pytest-of-aldwin/pytest-3/test_pipeline_main_saves_parqu0/manila.json
2026-10-07 19:55:01,448 | INFO | pipeline.main | Weather data transformed for Manila.
2026-10-07 19:55:01,450 | INFO | pipeline.main | Parquet saved for Manila: /tmp/pytest-of-aldwin/pytest-3/test_pipeline_main_saves_parqu0/openweather_Manila.parquet
2026-10-07 19:55:01,451 | INFO | pipeline.main | Loaded 1 row(s) for Manila into openweather_manila.
2026-10-07 19:55:01,453 | INFO | pipeline.main | Checkpoint updated for Manila.
2026-10-07 19:55:01,454 | INFO | pipeline.main | Weather ingestion completed successfully.
2026-10-07 19:55:01,460 | INFO | pipeline.main | Starting Weather Ingestion...
2026-10-07 19:55:01,461 | INFO | pipeline.main | Processing city: Manila
2026-10-07 19:55:01,462 | ERROR | pipeline.main | Failed to process city: Manila
Traceback (most recent call last):
  File "/mnt/c/Users/aldwin/project/weatherflow/pipeline/main.py", line 37, in main
    weather_data = extract_openweather_data(latitude, longitude, city)
  File "/mnt/c/Users/aldwin/project/weatherflow/tests/test_load_postgresql.py", line 161, in <lambda>
    lambda *args, **kwargs: (_ for _ in ()).throw(RuntimeError("API failure")),
                            ~~~~~~~~~~~~~~~~~~~~~^^^^^^^^^^^^^^^^^^^^^^^^^^^^^
  File "/mnt/c/Users/aldwin/project/weatherflow/tests/test_load_postgresql.py", line 161, in <genexpr>
    lambda *args, **kwargs: (_ for _ in ()).throw(RuntimeError("API failure")),
RuntimeError: API failure
2026-10-07 19:55:01,482 | ERROR | pipeline.main | Weather ingestion completed with 1 failed city processing run(s).
2026-10-07 11:55:41,561 | INFO | __main__ | Starting Weather Ingestion...
2026-10-07 11:55:41,563 | INFO | __main__ | Processing city: Manila
2026-10-07 11:55:41,881 | INFO | __main__ | Geocoding extracted for Manila
2026-10-07 11:55:41,964 | INFO | __main__ | Geocoding loaded for Manila into geocoding_manila
2026-10-07 11:55:41,978 | INFO | __main__ | No new weather data for Manila. Skipping.
2026-10-07 11:55:41,980 | INFO | __main__ | Processing city: Quezon City
2026-10-07 11:55:42,244 | INFO | __main__ | Geocoding extracted for Quezon City
2026-10-07 11:55:42,330 | INFO | __main__ | Geocoding loaded for Quezon City into geocoding_quezon_city
2026-10-07 11:55:42,441 | INFO | __main__ | Raw JSON saved for Quezon City: /app/data/raw/openweather/quezon_city.json
2026-10-07 11:55:42,445 | INFO | __main__ | Weather data transformed for Quezon City.
2026-10-07 11:55:42,696 | INFO | __main__ | Parquet saved for Quezon City: /app/data/parquet/openweather/quezon_city.parquet
2026-10-07 11:55:42,819 | INFO | __main__ | Loaded 13 row(s) for Quezon City into openweather_quezon_city.
2026-10-07 11:55:42,887 | INFO | __main__ | Checkpoint updated for Quezon City.
2026-10-07 11:55:42,891 | INFO | __main__ | Processing city: Cebu City
2026-10-07 11:55:43,203 | INFO | __main__ | Geocoding extracted for Cebu City
2026-10-07 11:55:43,298 | INFO | __main__ | Geocoding loaded for Cebu City into geocoding_cebu_city
2026-10-07 11:55:43,444 | INFO | __main__ | Raw JSON saved for Cebu City: /app/data/raw/openweather/cebu_city.json
2026-10-07 11:55:43,452 | INFO | __main__ | Weather data transformed for Cebu City.
2026-10-07 11:55:43,616 | INFO | __main__ | Parquet saved for Cebu City: /app/data/parquet/openweather/cebu_city.parquet
2026-10-07 11:55:43,721 | INFO | __main__ | Loaded 13 row(s) for Cebu City into openweather_cebu_city.
2026-10-07 11:55:43,766 | INFO | __main__ | Checkpoint updated for Cebu City.
2026-10-07 11:55:43,767 | INFO | __main__ | Processing city: Davao City
2026-10-07 11:55:44,030 | INFO | __main__ | Geocoding extracted for Davao City
2026-10-07 11:55:44,100 | INFO | __main__ | Geocoding loaded for Davao City into geocoding_davao_city
2026-10-07 11:55:44,210 | INFO | __main__ | Raw JSON saved for Davao City: /app/data/raw/openweather/davao_city.json
2026-10-07 11:55:44,221 | INFO | __main__ | Weather data transformed for Davao City.
2026-10-07 11:55:44,382 | INFO | __main__ | Parquet saved for Davao City: /app/data/parquet/openweather/davao_city.parquet
2026-10-07 11:55:44,496 | INFO | __main__ | Loaded 14 row(s) for Davao City into openweather_davao_city.
2026-10-07 11:55:44,541 | INFO | __main__ | Checkpoint updated for Davao City.
2026-10-07 11:55:44,546 | INFO | __main__ | Processing city: Baguio
2026-10-07 11:55:44,789 | INFO | __main__ | Geocoding extracted for Baguio
2026-10-07 11:55:44,881 | INFO | __main__ | Geocoding loaded for Baguio into geocoding_baguio
2026-10-07 11:55:44,956 | INFO | __main__ | Raw JSON saved for Baguio: /app/data/raw/openweather/baguio.json
2026-10-07 11:55:44,960 | INFO | __main__ | Weather data transformed for Baguio.
2026-10-07 11:55:45,123 | INFO | __main__ | Parquet saved for Baguio: /app/data/parquet/openweather/baguio.parquet
2026-10-07 11:55:45,257 | INFO | __main__ | Loaded 13 row(s) for Baguio into openweather_baguio.
2026-10-07 11:55:45,331 | INFO | __main__ | Checkpoint updated for Baguio.
2026-10-07 11:55:45,334 | INFO | __main__ | Processing city: Iloilo City
2026-10-07 11:55:45,539 | INFO | __main__ | Geocoding extracted for Iloilo City
2026-10-07 11:55:45,605 | INFO | __main__ | Geocoding loaded for Iloilo City into geocoding_iloilo_city
2026-10-07 11:55:45,672 | INFO | __main__ | Raw JSON saved for Iloilo City: /app/data/raw/openweather/iloilo_city.json
2026-10-07 11:55:45,681 | INFO | __main__ | Weather data transformed for Iloilo City.
2026-10-07 11:55:45,803 | INFO | __main__ | Parquet saved for Iloilo City: /app/data/parquet/openweather/iloilo_city.parquet
2026-10-07 11:55:45,933 | INFO | __main__ | Loaded 13 row(s) for Iloilo City into openweather_iloilo_city.
2026-10-07 11:55:45,990 | INFO | __main__ | Checkpoint updated for Iloilo City.
2026-10-07 11:55:45,996 | INFO | __main__ | Processing city: Cagayan de Oro
2026-10-07 11:55:46,276 | INFO | __main__ | Geocoding extracted for Cagayan de Oro
2026-10-07 11:55:46,350 | INFO | __main__ | Geocoding loaded for Cagayan de Oro into geocoding_cagayan_de_oro
2026-10-07 11:55:46,391 | INFO | __main__ | Raw JSON saved for Cagayan de Oro: /app/data/raw/openweather/cagayan_de_oro.json
2026-10-07 11:55:46,400 | INFO | __main__ | Weather data transformed for Cagayan de Oro.
2026-10-07 11:55:46,525 | INFO | __main__ | Parquet saved for Cagayan de Oro: /app/data/parquet/openweather/cagayan_de_oro.parquet
2026-10-07 11:55:46,635 | INFO | __main__ | Loaded 12 row(s) for Cagayan de Oro into openweather_cagayan_de_oro.
2026-10-07 11:55:46,676 | INFO | __main__ | Checkpoint updated for Cagayan de Oro.
2026-10-07 11:55:46,679 | INFO | __main__ | Processing city: Zamboanga City
2026-10-07 11:55:46,931 | INFO | __main__ | Geocoding extracted for Zamboanga City
2026-10-07 11:55:46,995 | INFO | __main__ | Geocoding loaded for Zamboanga City into geocoding_zamboanga_city
2026-10-07 11:55:47,072 | INFO | __main__ | Raw JSON saved for Zamboanga City: /app/data/raw/openweather/zamboanga_city.json
2026-10-07 11:55:47,075 | INFO | __main__ | Weather data transformed for Zamboanga City.
2026-10-07 11:55:47,204 | INFO | __main__ | Parquet saved for Zamboanga City: /app/data/parquet/openweather/zamboanga_city.parquet
2026-10-07 11:55:47,317 | INFO | __main__ | Loaded 15 row(s) for Zamboanga City into openweather_zamboanga_city.
2026-10-07 11:55:47,367 | INFO | __main__ | Checkpoint updated for Zamboanga City.
2026-10-07 11:55:47,370 | INFO | __main__ | Weather ingestion completed successfully.
2026-10-07 12:02:56,282 | INFO | __main__ | Starting Weather Ingestion...
2026-10-07 12:02:56,283 | INFO | __main__ | Processing city: Manila
2026-10-07 12:02:56,536 | INFO | __main__ | Geocoding extracted for Manila
2026-10-07 12:02:56,626 | INFO | __main__ | Geocoding loaded for Manila into geocoding_manila
2026-10-07 12:02:56,707 | INFO | __main__ | Raw JSON saved for Manila: /app/data/raw/openweather/manila.json
2026-10-07 12:02:56,713 | INFO | __main__ | Weather data transformed for Manila.
2026-10-07 12:02:56,885 | INFO | __main__ | Parquet saved for Manila: /app/data/parquet/openweather/manila.parquet
2026-10-07 12:02:57,016 | INFO | __main__ | Loaded 12 row(s) for Manila into openweather_manila.
2026-10-07 12:02:57,071 | INFO | __main__ | Checkpoint updated for Manila.
2026-10-07 12:02:57,075 | INFO | __main__ | Processing city: Quezon City
2026-10-07 12:02:57,346 | INFO | __main__ | Geocoding extracted for Quezon City
2026-10-07 12:02:57,418 | INFO | __main__ | Geocoding loaded for Quezon City into geocoding_quezon_city
2026-10-07 12:02:57,499 | INFO | __main__ | Raw JSON saved for Quezon City: /app/data/raw/openweather/quezon_city.json
2026-10-07 12:02:57,514 | INFO | __main__ | Weather data transformed for Quezon City.
2026-10-07 12:02:57,670 | INFO | __main__ | Parquet saved for Quezon City: /app/data/parquet/openweather/quezon_city.parquet
2026-10-07 12:02:57,803 | INFO | __main__ | Loaded 14 row(s) for Quezon City into openweather_quezon_city.
2026-10-07 12:02:57,840 | INFO | __main__ | Checkpoint updated for Quezon City.
2026-10-07 12:02:57,842 | INFO | __main__ | Processing city: Cebu City
2026-10-07 12:02:58,078 | INFO | __main__ | Geocoding extracted for Cebu City
2026-10-07 12:02:58,156 | INFO | __main__ | Geocoding loaded for Cebu City into geocoding_cebu_city
2026-10-07 12:02:58,222 | INFO | __main__ | Raw JSON saved for Cebu City: /app/data/raw/openweather/cebu_city.json
2026-10-07 12:02:58,227 | INFO | __main__ | Weather data transformed for Cebu City.
2026-10-07 12:02:58,419 | INFO | __main__ | Parquet saved for Cebu City: /app/data/parquet/openweather/cebu_city.parquet
2026-10-07 12:02:58,569 | INFO | __main__ | Loaded 14 row(s) for Cebu City into openweather_cebu_city.
2026-10-07 12:02:58,628 | INFO | __main__ | Checkpoint updated for Cebu City.
2026-10-07 12:02:58,631 | INFO | __main__ | Processing city: Davao City
2026-10-07 12:02:58,881 | INFO | __main__ | Geocoding extracted for Davao City
2026-10-07 12:02:58,953 | INFO | __main__ | Geocoding loaded for Davao City into geocoding_davao_city
2026-10-07 12:02:58,998 | INFO | __main__ | Raw JSON saved for Davao City: /app/data/raw/openweather/davao_city.json
2026-10-07 12:02:59,004 | INFO | __main__ | Weather data transformed for Davao City.
2026-10-07 12:02:59,166 | INFO | __main__ | Parquet saved for Davao City: /app/data/parquet/openweather/davao_city.parquet
2026-10-07 12:02:59,273 | INFO | __main__ | Loaded 15 row(s) for Davao City into openweather_davao_city.
2026-10-07 12:02:59,337 | INFO | __main__ | Checkpoint updated for Davao City.
2026-10-07 12:02:59,342 | INFO | __main__ | Processing city: Baguio
2026-10-07 12:02:59,579 | INFO | __main__ | Geocoding extracted for Baguio
2026-10-07 12:02:59,648 | INFO | __main__ | Geocoding loaded for Baguio into geocoding_baguio
2026-10-07 12:02:59,663 | INFO | __main__ | No new weather data for Baguio. Skipping.
2026-10-07 12:02:59,665 | INFO | __main__ | Processing city: Iloilo City
2026-10-07 12:02:59,879 | INFO | __main__ | Geocoding extracted for Iloilo City
2026-10-07 12:02:59,960 | INFO | __main__ | Geocoding loaded for Iloilo City into geocoding_iloilo_city
2026-10-07 12:03:00,057 | INFO | __main__ | Raw JSON saved for Iloilo City: /app/data/raw/openweather/iloilo_city.json
2026-10-07 12:03:00,065 | INFO | __main__ | Weather data transformed for Iloilo City.
2026-10-07 12:03:00,197 | INFO | __main__ | Parquet saved for Iloilo City: /app/data/parquet/openweather/iloilo_city.parquet
2026-10-07 12:03:00,324 | INFO | __main__ | Loaded 14 row(s) for Iloilo City into openweather_iloilo_city.
2026-10-07 12:03:00,352 | INFO | __main__ | Checkpoint updated for Iloilo City.
2026-10-07 12:03:00,353 | INFO | __main__ | Processing city: Cagayan de Oro
2026-10-07 12:03:00,573 | INFO | __main__ | Geocoding extracted for Cagayan de Oro
2026-10-07 12:03:00,639 | INFO | __main__ | Geocoding loaded for Cagayan de Oro into geocoding_cagayan_de_oro
2026-10-07 12:03:00,698 | INFO | __main__ | Raw JSON saved for Cagayan de Oro: /app/data/raw/openweather/cagayan_de_oro.json
2026-10-07 12:03:00,701 | INFO | __main__ | Weather data transformed for Cagayan de Oro.
2026-10-07 12:03:00,837 | INFO | __main__ | Parquet saved for Cagayan de Oro: /app/data/parquet/openweather/cagayan_de_oro.parquet
2026-10-07 12:03:00,948 | INFO | __main__ | Loaded 13 row(s) for Cagayan de Oro into openweather_cagayan_de_oro.
2026-10-07 12:03:00,980 | INFO | __main__ | Checkpoint updated for Cagayan de Oro.
2026-10-07 12:03:00,985 | INFO | __main__ | Processing city: Zamboanga City
2026-10-07 12:03:01,240 | INFO | __main__ | Geocoding extracted for Zamboanga City
2026-10-07 12:03:01,317 | INFO | __main__ | Geocoding loaded for Zamboanga City into geocoding_zamboanga_city
2026-10-07 12:03:01,384 | INFO | __main__ | Raw JSON saved for Zamboanga City: /app/data/raw/openweather/zamboanga_city.json
2026-10-07 12:03:01,389 | INFO | __main__ | Weather data transformed for Zamboanga City.
2026-10-07 12:03:01,575 | INFO | __main__ | Parquet saved for Zamboanga City: /app/data/parquet/openweather/zamboanga_city.parquet
2026-10-07 12:03:01,771 | INFO | __main__ | Loaded 16 row(s) for Zamboanga City into openweather_zamboanga_city.
2026-10-07 12:03:01,834 | INFO | __main__ | Checkpoint updated for Zamboanga City.
2026-10-07 12:03:01,838 | INFO | __main__ | Weather ingestion completed successfully.
2026-10-09 03:05:39,610 | INFO | __main__ | Starting Weather Ingestion...
2026-10-09 03:05:39,613 | INFO | __main__ | Processing city: Manila
2026-10-09 03:05:39,995 | INFO | __main__ | Geocoding extracted for Manila
2026-10-09 03:05:40,057 | ERROR | __main__ | Failed to process city: Manila
Traceback (most recent call last):
  File "/usr/local/lib/python3.14/site-packages/sqlalchemy/engine/base.py", line 149, in __init__
    self._dbapi_connection = engine.raw_connection()
                             ~~~~~~~~~~~~~~~~~~~~~^^
  File "/usr/local/lib/python3.14/site-packages/sqlalchemy/engine/base.py", line 3284, in raw_connection
    return self.pool.connect()
           ~~~~~~~~~~~~~~~~~^^
  File "/usr/local/lib/python3.14/site-packages/sqlalchemy/pool/base.py", line 445, in connect
    return _ConnectionFairy._checkout(self)
           ~~~~~~~~~~~~~~~~~~~~~~~~~~^^^^^^
  File "/usr/local/lib/python3.14/site-packages/sqlalchemy/pool/base.py", line 1303, in _checkout
    fairy = _ConnectionRecord.checkout(pool)
  File "/usr/local/lib/python3.14/site-packages/sqlalchemy/pool/base.py", line 709, in checkout
    rec = pool._do_get()
  File "/usr/local/lib/python3.14/site-packages/sqlalchemy/pool/impl.py", line 176, in _do_get
    with util.safe_reraise():
         ~~~~~~~~~~~~~~~~~^^
  File "/usr/local/lib/python3.14/site-packages/sqlalchemy/util/langhelpers.py", line 166, in __exit__
    raise exc_value.with_traceback(exc_tb)
  File "/usr/local/lib/python3.14/site-packages/sqlalchemy/pool/impl.py", line 174, in _do_get
    return self._create_connection()
           ~~~~~~~~~~~~~~~~~~~~~~~^^
  File "/usr/local/lib/python3.14/site-packages/sqlalchemy/pool/base.py", line 386, in _create_connection
    return _ConnectionRecord(self)
  File "/usr/local/lib/python3.14/site-packages/sqlalchemy/pool/base.py", line 671, in __init__
    self.__connect()
    ~~~~~~~~~~~~~~^^
  File "/usr/local/lib/python3.14/site-packages/sqlalchemy/pool/base.py", line 906, in __connect
    with util.safe_reraise():
         ~~~~~~~~~~~~~~~~~^^
  File "/usr/local/lib/python3.14/site-packages/sqlalchemy/util/langhelpers.py", line 166, in __exit__
    raise exc_value.with_traceback(exc_tb)
  File "/usr/local/lib/python3.14/site-packages/sqlalchemy/pool/base.py", line 902, in __connect
    self.dbapi_connection = connection = pool._invoke_creator(self)
                                         ~~~~~~~~~~~~~~~~~~~~^^^^^^
  File "/usr/local/lib/python3.14/site-packages/sqlalchemy/engine/create.py", line 645, in connect
    return dialect.connect(*cargs_tup, **cparams)
           ~~~~~~~~~~~~~~~^^^^^^^^^^^^^^^^^^^^^^^
  File "/usr/local/lib/python3.14/site-packages/sqlalchemy/engine/default.py", line 869, in connect
    return self.loaded_dbapi.connect(*cargs, **cparams)  # type: ignore[no-any-return]  # NOQA: E501
           ~~~~~~~~~~~~~~~~~~~~~~~~~^^^^^^^^^^^^^^^^^^^
  File "/usr/local/lib/python3.14/site-packages/psycopg2/__init__.py", line 122, in connect
    conn = _connect(dsn, connection_factory=connection_factory, **kwasync)
psycopg2.OperationalError: connection to server at "db" (172.18.0.2), port 5432 failed: FATAL:  password authentication failed for user "weatherflow"


The above exception was the direct cause of the following exception:

Traceback (most recent call last):
  File "/app/pipeline/main.py", line 48, in main
    load_postgresql(geocoding_df, geocoding_table, if_exists="replace")
    ~~~~~~~~~~~~~~~^^^^^^^^^^^^^^^^^^^^^^^^^^^^^^^^^^^^^^^^^^^^^^^^^^^^
  File "/app/pipeline/loaded/load_postresql.py", line 805, in load_postgresql
    return _load_legacy_table(df, table_name, if_exists=if_exists, engine=engine)
  File "/app/pipeline/loaded/load_postresql.py", line 455, in _load_legacy_table
    with engine.begin() as connection:
         ~~~~~~~~~~~~^^
  File "/usr/local/lib/python3.14/contextlib.py", line 141, in __enter__
    return next(self.gen)
  File "/usr/local/lib/python3.14/site-packages/sqlalchemy/engine/base.py", line 3224, in begin
    with self.connect() as conn:
         ~~~~~~~~~~~~^^
  File "/usr/local/lib/python3.14/site-packages/sqlalchemy/engine/base.py", line 3260, in connect
    return self._connection_cls(self)
           ~~~~~~~~~~~~~~~~~~~~^^^^^^
  File "/usr/local/lib/python3.14/site-packages/sqlalchemy/engine/base.py", line 151, in __init__
    Connection._handle_dbapi_exception_noconnection(
    ~~~~~~~~~~~~~~~~~~~~~~~~~~~~~~~~~~~~~~~~~~~~~~~^
        err, dialect, engine
        ^^^^^^^^^^^^^^^^^^^^
    )
    ^
  File "/usr/local/lib/python3.14/site-packages/sqlalchemy/engine/base.py", line 2417, in _handle_dbapi_exception_noconnection
    raise sqlalchemy_exception.with_traceback(exc_info[2]) from e
  File "/usr/local/lib/python3.14/site-packages/sqlalchemy/engine/base.py", line 149, in __init__
    self._dbapi_connection = engine.raw_connection()
                             ~~~~~~~~~~~~~~~~~~~~~^^
  File "/usr/local/lib/python3.14/site-packages/sqlalchemy/engine/base.py", line 3284, in raw_connection
    return self.pool.connect()
           ~~~~~~~~~~~~~~~~~^^
  File "/usr/local/lib/python3.14/site-packages/sqlalchemy/pool/base.py", line 445, in connect
    return _ConnectionFairy._checkout(self)
           ~~~~~~~~~~~~~~~~~~~~~~~~~~^^^^^^
  File "/usr/local/lib/python3.14/site-packages/sqlalchemy/pool/base.py", line 1303, in _checkout
    fairy = _ConnectionRecord.checkout(pool)
  File "/usr/local/lib/python3.14/site-packages/sqlalchemy/pool/base.py", line 709, in checkout
    rec = pool._do_get()
  File "/usr/local/lib/python3.14/site-packages/sqlalchemy/pool/impl.py", line 176, in _do_get
    with util.safe_reraise():
         ~~~~~~~~~~~~~~~~~^^
  File "/usr/local/lib/python3.14/site-packages/sqlalchemy/util/langhelpers.py", line 166, in __exit__
    raise exc_value.with_traceback(exc_tb)
  File "/usr/local/lib/python3.14/site-packages/sqlalchemy/pool/impl.py", line 174, in _do_get
    return self._create_connection()
           ~~~~~~~~~~~~~~~~~~~~~~~^^
  File "/usr/local/lib/python3.14/site-packages/sqlalchemy/pool/base.py", line 386, in _create_connection
    return _ConnectionRecord(self)
  File "/usr/local/lib/python3.14/site-packages/sqlalchemy/pool/base.py", line 671, in __init__
    self.__connect()
    ~~~~~~~~~~~~~~^^
  File "/usr/local/lib/python3.14/site-packages/sqlalchemy/pool/base.py", line 906, in __connect
    with util.safe_reraise():
         ~~~~~~~~~~~~~~~~~^^
  File "/usr/local/lib/python3.14/site-packages/sqlalchemy/util/langhelpers.py", line 166, in __exit__
    raise exc_value.with_traceback(exc_tb)
  File "/usr/local/lib/python3.14/site-packages/sqlalchemy/pool/base.py", line 902, in __connect
    self.dbapi_connection = connection = pool._invoke_creator(self)
                                         ~~~~~~~~~~~~~~~~~~~~^^^^^^
  File "/usr/local/lib/python3.14/site-packages/sqlalchemy/engine/create.py", line 645, in connect
    return dialect.connect(*cargs_tup, **cparams)
           ~~~~~~~~~~~~~~~^^^^^^^^^^^^^^^^^^^^^^^
  File "/usr/local/lib/python3.14/site-packages/sqlalchemy/engine/default.py", line 869, in connect
    return self.loaded_dbapi.connect(*cargs, **cparams)  # type: ignore[no-any-return]  # NOQA: E501
           ~~~~~~~~~~~~~~~~~~~~~~~~~^^^^^^^^^^^^^^^^^^^
  File "/usr/local/lib/python3.14/site-packages/psycopg2/__init__.py", line 122, in connect
    conn = _connect(dsn, connection_factory=connection_factory, **kwasync)
sqlalchemy.exc.OperationalError: (psycopg2.OperationalError) connection to server at "db" (172.18.0.2), port 5432 failed: FATAL:  password authentication failed for user "weatherflow"

(Background on this error at: https://sqlalche.me/e/21/e3q8)
2026-10-09 03:05:40,075 | INFO | __main__ | Processing city: Quezon City
2026-10-09 03:05:40,338 | INFO | __main__ | Geocoding extracted for Quezon City
2026-10-09 03:05:40,376 | ERROR | __main__ | Failed to process city: Quezon City
Traceback (most recent call last):
  File "/usr/local/lib/python3.14/site-packages/sqlalchemy/engine/base.py", line 149, in __init__
    self._dbapi_connection = engine.raw_connection()
                             ~~~~~~~~~~~~~~~~~~~~~^^
  File "/usr/local/lib/python3.14/site-packages/sqlalchemy/engine/base.py", line 3284, in raw_connection
    return self.pool.connect()
           ~~~~~~~~~~~~~~~~~^^
  File "/usr/local/lib/python3.14/site-packages/sqlalchemy/pool/base.py", line 445, in connect
    return _ConnectionFairy._checkout(self)
           ~~~~~~~~~~~~~~~~~~~~~~~~~~^^^^^^
  File "/usr/local/lib/python3.14/site-packages/sqlalchemy/pool/base.py", line 1303, in _checkout
    fairy = _ConnectionRecord.checkout(pool)
  File "/usr/local/lib/python3.14/site-packages/sqlalchemy/pool/base.py", line 709, in checkout
    rec = pool._do_get()
  File "/usr/local/lib/python3.14/site-packages/sqlalchemy/pool/impl.py", line 176, in _do_get
    with util.safe_reraise():
         ~~~~~~~~~~~~~~~~~^^
  File "/usr/local/lib/python3.14/site-packages/sqlalchemy/util/langhelpers.py", line 166, in __exit__
    raise exc_value.with_traceback(exc_tb)
  File "/usr/local/lib/python3.14/site-packages/sqlalchemy/pool/impl.py", line 174, in _do_get
    return self._create_connection()
           ~~~~~~~~~~~~~~~~~~~~~~~^^
  File "/usr/local/lib/python3.14/site-packages/sqlalchemy/pool/base.py", line 386, in _create_connection
    return _ConnectionRecord(self)
  File "/usr/local/lib/python3.14/site-packages/sqlalchemy/pool/base.py", line 671, in __init__
    self.__connect()
    ~~~~~~~~~~~~~~^^
  File "/usr/local/lib/python3.14/site-packages/sqlalchemy/pool/base.py", line 906, in __connect
    with util.safe_reraise():
         ~~~~~~~~~~~~~~~~~^^
  File "/usr/local/lib/python3.14/site-packages/sqlalchemy/util/langhelpers.py", line 166, in __exit__
    raise exc_value.with_traceback(exc_tb)
  File "/usr/local/lib/python3.14/site-packages/sqlalchemy/pool/base.py", line 902, in __connect
    self.dbapi_connection = connection = pool._invoke_creator(self)
                                         ~~~~~~~~~~~~~~~~~~~~^^^^^^
  File "/usr/local/lib/python3.14/site-packages/sqlalchemy/engine/create.py", line 645, in connect
    return dialect.connect(*cargs_tup, **cparams)
           ~~~~~~~~~~~~~~~^^^^^^^^^^^^^^^^^^^^^^^
  File "/usr/local/lib/python3.14/site-packages/sqlalchemy/engine/default.py", line 869, in connect
    return self.loaded_dbapi.connect(*cargs, **cparams)  # type: ignore[no-any-return]  # NOQA: E501
           ~~~~~~~~~~~~~~~~~~~~~~~~~^^^^^^^^^^^^^^^^^^^
  File "/usr/local/lib/python3.14/site-packages/psycopg2/__init__.py", line 122, in connect
    conn = _connect(dsn, connection_factory=connection_factory, **kwasync)
psycopg2.OperationalError: connection to server at "db" (172.18.0.2), port 5432 failed: FATAL:  password authentication failed for user "weatherflow"


The above exception was the direct cause of the following exception:

Traceback (most recent call last):
  File "/app/pipeline/main.py", line 48, in main
    load_postgresql(geocoding_df, geocoding_table, if_exists="replace")
    ~~~~~~~~~~~~~~~^^^^^^^^^^^^^^^^^^^^^^^^^^^^^^^^^^^^^^^^^^^^^^^^^^^^
  File "/app/pipeline/loaded/load_postresql.py", line 805, in load_postgresql
    return _load_legacy_table(df, table_name, if_exists=if_exists, engine=engine)
  File "/app/pipeline/loaded/load_postresql.py", line 455, in _load_legacy_table
    with engine.begin() as connection:
         ~~~~~~~~~~~~^^
  File "/usr/local/lib/python3.14/contextlib.py", line 141, in __enter__
    return next(self.gen)
  File "/usr/local/lib/python3.14/site-packages/sqlalchemy/engine/base.py", line 3224, in begin
    with self.connect() as conn:
         ~~~~~~~~~~~~^^
  File "/usr/local/lib/python3.14/site-packages/sqlalchemy/engine/base.py", line 3260, in connect
    return self._connection_cls(self)
           ~~~~~~~~~~~~~~~~~~~~^^^^^^
  File "/usr/local/lib/python3.14/site-packages/sqlalchemy/engine/base.py", line 151, in __init__
    Connection._handle_dbapi_exception_noconnection(
    ~~~~~~~~~~~~~~~~~~~~~~~~~~~~~~~~~~~~~~~~~~~~~~~^
        err, dialect, engine
        ^^^^^^^^^^^^^^^^^^^^
    )
    ^
  File "/usr/local/lib/python3.14/site-packages/sqlalchemy/engine/base.py", line 2417, in _handle_dbapi_exception_noconnection
    raise sqlalchemy_exception.with_traceback(exc_info[2]) from e
  File "/usr/local/lib/python3.14/site-packages/sqlalchemy/engine/base.py", line 149, in __init__
    self._dbapi_connection = engine.raw_connection()
                             ~~~~~~~~~~~~~~~~~~~~~^^
  File "/usr/local/lib/python3.14/site-packages/sqlalchemy/engine/base.py", line 3284, in raw_connection
    return self.pool.connect()
           ~~~~~~~~~~~~~~~~~^^
  File "/usr/local/lib/python3.14/site-packages/sqlalchemy/pool/base.py", line 445, in connect
    return _ConnectionFairy._checkout(self)
           ~~~~~~~~~~~~~~~~~~~~~~~~~~^^^^^^
  File "/usr/local/lib/python3.14/site-packages/sqlalchemy/pool/base.py", line 1303, in _checkout
    fairy = _ConnectionRecord.checkout(pool)
  File "/usr/local/lib/python3.14/site-packages/sqlalchemy/pool/base.py", line 709, in checkout
    rec = pool._do_get()
  File "/usr/local/lib/python3.14/site-packages/sqlalchemy/pool/impl.py", line 176, in _do_get
    with util.safe_reraise():
         ~~~~~~~~~~~~~~~~~^^
  File "/usr/local/lib/python3.14/site-packages/sqlalchemy/util/langhelpers.py", line 166, in __exit__
    raise exc_value.with_traceback(exc_tb)
  File "/usr/local/lib/python3.14/site-packages/sqlalchemy/pool/impl.py", line 174, in _do_get
    return self._create_connection()
           ~~~~~~~~~~~~~~~~~~~~~~~^^
  File "/usr/local/lib/python3.14/site-packages/sqlalchemy/pool/base.py", line 386, in _create_connection
    return _ConnectionRecord(self)
  File "/usr/local/lib/python3.14/site-packages/sqlalchemy/pool/base.py", line 671, in __init__
    self.__connect()
    ~~~~~~~~~~~~~~^^
  File "/usr/local/lib/python3.14/site-packages/sqlalchemy/pool/base.py", line 906, in __connect
    with util.safe_reraise():
         ~~~~~~~~~~~~~~~~~^^
  File "/usr/local/lib/python3.14/site-packages/sqlalchemy/util/langhelpers.py", line 166, in __exit__
    raise exc_value.with_traceback(exc_tb)
  File "/usr/local/lib/python3.14/site-packages/sqlalchemy/pool/base.py", line 902, in __connect
    self.dbapi_connection = connection = pool._invoke_creator(self)
                                         ~~~~~~~~~~~~~~~~~~~~^^^^^^
  File "/usr/local/lib/python3.14/site-packages/sqlalchemy/engine/create.py", line 645, in connect
    return dialect.connect(*cargs_tup, **cparams)
           ~~~~~~~~~~~~~~~^^^^^^^^^^^^^^^^^^^^^^^
  File "/usr/local/lib/python3.14/site-packages/sqlalchemy/engine/default.py", line 869, in connect
    return self.loaded_dbapi.connect(*cargs, **cparams)  # type: ignore[no-any-return]  # NOQA: E501
           ~~~~~~~~~~~~~~~~~~~~~~~~~^^^^^^^^^^^^^^^^^^^
  File "/usr/local/lib/python3.14/site-packages/psycopg2/__init__.py", line 122, in connect
    conn = _connect(dsn, connection_factory=connection_factory, **kwasync)
sqlalchemy.exc.OperationalError: (psycopg2.OperationalError) connection to server at "db" (172.18.0.2), port 5432 failed: FATAL:  password authentication failed for user "weatherflow"

(Background on this error at: https://sqlalche.me/e/21/e3q8)
2026-10-09 03:05:40,390 | INFO | __main__ | Processing city: Cebu City
2026-10-09 03:05:40,625 | INFO | __main__ | Geocoding extracted for Cebu City
2026-10-09 03:05:40,645 | ERROR | __main__ | Failed to process city: Cebu City
Traceback (most recent call last):
  File "/usr/local/lib/python3.14/site-packages/sqlalchemy/engine/base.py", line 149, in __init__
    self._dbapi_connection = engine.raw_connection()
                             ~~~~~~~~~~~~~~~~~~~~~^^
  File "/usr/local/lib/python3.14/site-packages/sqlalchemy/engine/base.py", line 3284, in raw_connection
    return self.pool.connect()
           ~~~~~~~~~~~~~~~~~^^
  File "/usr/local/lib/python3.14/site-packages/sqlalchemy/pool/base.py", line 445, in connect
    return _ConnectionFairy._checkout(self)
           ~~~~~~~~~~~~~~~~~~~~~~~~~~^^^^^^
  File "/usr/local/lib/python3.14/site-packages/sqlalchemy/pool/base.py", line 1303, in _checkout
    fairy = _ConnectionRecord.checkout(pool)
  File "/usr/local/lib/python3.14/site-packages/sqlalchemy/pool/base.py", line 709, in checkout
    rec = pool._do_get()
  File "/usr/local/lib/python3.14/site-packages/sqlalchemy/pool/impl.py", line 176, in _do_get
    with util.safe_reraise():
         ~~~~~~~~~~~~~~~~~^^
  File "/usr/local/lib/python3.14/site-packages/sqlalchemy/util/langhelpers.py", line 166, in __exit__
    raise exc_value.with_traceback(exc_tb)
  File "/usr/local/lib/python3.14/site-packages/sqlalchemy/pool/impl.py", line 174, in _do_get
    return self._create_connection()
           ~~~~~~~~~~~~~~~~~~~~~~~^^
  File "/usr/local/lib/python3.14/site-packages/sqlalchemy/pool/base.py", line 386, in _create_connection
    return _ConnectionRecord(self)
  File "/usr/local/lib/python3.14/site-packages/sqlalchemy/pool/base.py", line 671, in __init__
    self.__connect()
    ~~~~~~~~~~~~~~^^
  File "/usr/local/lib/python3.14/site-packages/sqlalchemy/pool/base.py", line 906, in __connect
    with util.safe_reraise():
         ~~~~~~~~~~~~~~~~~^^
  File "/usr/local/lib/python3.14/site-packages/sqlalchemy/util/langhelpers.py", line 166, in __exit__
    raise exc_value.with_traceback(exc_tb)
  File "/usr/local/lib/python3.14/site-packages/sqlalchemy/pool/base.py", line 902, in __connect
    self.dbapi_connection = connection = pool._invoke_creator(self)
                                         ~~~~~~~~~~~~~~~~~~~~^^^^^^
  File "/usr/local/lib/python3.14/site-packages/sqlalchemy/engine/create.py", line 645, in connect
    return dialect.connect(*cargs_tup, **cparams)
           ~~~~~~~~~~~~~~~^^^^^^^^^^^^^^^^^^^^^^^
  File "/usr/local/lib/python3.14/site-packages/sqlalchemy/engine/default.py", line 869, in connect
    return self.loaded_dbapi.connect(*cargs, **cparams)  # type: ignore[no-any-return]  # NOQA: E501
           ~~~~~~~~~~~~~~~~~~~~~~~~~^^^^^^^^^^^^^^^^^^^
  File "/usr/local/lib/python3.14/site-packages/psycopg2/__init__.py", line 122, in connect
    conn = _connect(dsn, connection_factory=connection_factory, **kwasync)
psycopg2.OperationalError: connection to server at "db" (172.18.0.2), port 5432 failed: FATAL:  password authentication failed for user "weatherflow"


The above exception was the direct cause of the following exception:

Traceback (most recent call last):
  File "/app/pipeline/main.py", line 48, in main
    load_postgresql(geocoding_df, geocoding_table, if_exists="replace")
    ~~~~~~~~~~~~~~~^^^^^^^^^^^^^^^^^^^^^^^^^^^^^^^^^^^^^^^^^^^^^^^^^^^^
  File "/app/pipeline/loaded/load_postresql.py", line 805, in load_postgresql
    return _load_legacy_table(df, table_name, if_exists=if_exists, engine=engine)
  File "/app/pipeline/loaded/load_postresql.py", line 455, in _load_legacy_table
    with engine.begin() as connection:
         ~~~~~~~~~~~~^^
  File "/usr/local/lib/python3.14/contextlib.py", line 141, in __enter__
    return next(self.gen)
  File "/usr/local/lib/python3.14/site-packages/sqlalchemy/engine/base.py", line 3224, in begin
    with self.connect() as conn:
         ~~~~~~~~~~~~^^
  File "/usr/local/lib/python3.14/site-packages/sqlalchemy/engine/base.py", line 3260, in connect
    return self._connection_cls(self)
           ~~~~~~~~~~~~~~~~~~~~^^^^^^
  File "/usr/local/lib/python3.14/site-packages/sqlalchemy/engine/base.py", line 151, in __init__
    Connection._handle_dbapi_exception_noconnection(
    ~~~~~~~~~~~~~~~~~~~~~~~~~~~~~~~~~~~~~~~~~~~~~~~^
        err, dialect, engine
        ^^^^^^^^^^^^^^^^^^^^
    )
    ^
  File "/usr/local/lib/python3.14/site-packages/sqlalchemy/engine/base.py", line 2417, in _handle_dbapi_exception_noconnection
    raise sqlalchemy_exception.with_traceback(exc_info[2]) from e
  File "/usr/local/lib/python3.14/site-packages/sqlalchemy/engine/base.py", line 149, in __init__
    self._dbapi_connection = engine.raw_connection()
                             ~~~~~~~~~~~~~~~~~~~~~^^
  File "/usr/local/lib/python3.14/site-packages/sqlalchemy/engine/base.py", line 3284, in raw_connection
    return self.pool.connect()
           ~~~~~~~~~~~~~~~~~^^
  File "/usr/local/lib/python3.14/site-packages/sqlalchemy/pool/base.py", line 445, in connect
    return _ConnectionFairy._checkout(self)
           ~~~~~~~~~~~~~~~~~~~~~~~~~~^^^^^^
  File "/usr/local/lib/python3.14/site-packages/sqlalchemy/pool/base.py", line 1303, in _checkout
    fairy = _ConnectionRecord.checkout(pool)
  File "/usr/local/lib/python3.14/site-packages/sqlalchemy/pool/base.py", line 709, in checkout
    rec = pool._do_get()
  File "/usr/local/lib/python3.14/site-packages/sqlalchemy/pool/impl.py", line 176, in _do_get
    with util.safe_reraise():
         ~~~~~~~~~~~~~~~~~^^
  File "/usr/local/lib/python3.14/site-packages/sqlalchemy/util/langhelpers.py", line 166, in __exit__
    raise exc_value.with_traceback(exc_tb)
  File "/usr/local/lib/python3.14/site-packages/sqlalchemy/pool/impl.py", line 174, in _do_get
    return self._create_connection()
           ~~~~~~~~~~~~~~~~~~~~~~~^^
  File "/usr/local/lib/python3.14/site-packages/sqlalchemy/pool/base.py", line 386, in _create_connection
    return _ConnectionRecord(self)
  File "/usr/local/lib/python3.14/site-packages/sqlalchemy/pool/base.py", line 671, in __init__
    self.__connect()
    ~~~~~~~~~~~~~~^^
  File "/usr/local/lib/python3.14/site-packages/sqlalchemy/pool/base.py", line 906, in __connect
    with util.safe_reraise():
         ~~~~~~~~~~~~~~~~~^^
  File "/usr/local/lib/python3.14/site-packages/sqlalchemy/util/langhelpers.py", line 166, in __exit__
    raise exc_value.with_traceback(exc_tb)
  File "/usr/local/lib/python3.14/site-packages/sqlalchemy/pool/base.py", line 902, in __connect
    self.dbapi_connection = connection = pool._invoke_creator(self)
                                         ~~~~~~~~~~~~~~~~~~~~^^^^^^
  File "/usr/local/lib/python3.14/site-packages/sqlalchemy/engine/create.py", line 645, in connect
    return dialect.connect(*cargs_tup, **cparams)
           ~~~~~~~~~~~~~~~^^^^^^^^^^^^^^^^^^^^^^^
  File "/usr/local/lib/python3.14/site-packages/sqlalchemy/engine/default.py", line 869, in connect
    return self.loaded_dbapi.connect(*cargs, **cparams)  # type: ignore[no-any-return]  # NOQA: E501
           ~~~~~~~~~~~~~~~~~~~~~~~~~^^^^^^^^^^^^^^^^^^^
  File "/usr/local/lib/python3.14/site-packages/psycopg2/__init__.py", line 122, in connect
    conn = _connect(dsn, connection_factory=connection_factory, **kwasync)
sqlalchemy.exc.OperationalError: (psycopg2.OperationalError) connection to server at "db" (172.18.0.2), port 5432 failed: FATAL:  password authentication failed for user "weatherflow"

(Background on this error at: https://sqlalche.me/e/21/e3q8)
2026-10-09 03:05:40,655 | INFO | __main__ | Processing city: Davao City
2026-10-09 03:05:40,901 | INFO | __main__ | Geocoding extracted for Davao City
2026-10-09 03:05:40,914 | ERROR | __main__ | Failed to process city: Davao City
Traceback (most recent call last):
  File "/usr/local/lib/python3.14/site-packages/sqlalchemy/engine/base.py", line 149, in __init__
    self._dbapi_connection = engine.raw_connection()
                             ~~~~~~~~~~~~~~~~~~~~~^^
  File "/usr/local/lib/python3.14/site-packages/sqlalchemy/engine/base.py", line 3284, in raw_connection
    return self.pool.connect()
           ~~~~~~~~~~~~~~~~~^^
  File "/usr/local/lib/python3.14/site-packages/sqlalchemy/pool/base.py", line 445, in connect
    return _ConnectionFairy._checkout(self)
           ~~~~~~~~~~~~~~~~~~~~~~~~~~^^^^^^
  File "/usr/local/lib/python3.14/site-packages/sqlalchemy/pool/base.py", line 1303, in _checkout
    fairy = _ConnectionRecord.checkout(pool)
  File "/usr/local/lib/python3.14/site-packages/sqlalchemy/pool/base.py", line 709, in checkout
    rec = pool._do_get()
  File "/usr/local/lib/python3.14/site-packages/sqlalchemy/pool/impl.py", line 176, in _do_get
    with util.safe_reraise():
         ~~~~~~~~~~~~~~~~~^^
  File "/usr/local/lib/python3.14/site-packages/sqlalchemy/util/langhelpers.py", line 166, in __exit__
    raise exc_value.with_traceback(exc_tb)
  File "/usr/local/lib/python3.14/site-packages/sqlalchemy/pool/impl.py", line 174, in _do_get
    return self._create_connection()
           ~~~~~~~~~~~~~~~~~~~~~~~^^
  File "/usr/local/lib/python3.14/site-packages/sqlalchemy/pool/base.py", line 386, in _create_connection
    return _ConnectionRecord(self)
  File "/usr/local/lib/python3.14/site-packages/sqlalchemy/pool/base.py", line 671, in __init__
    self.__connect()
    ~~~~~~~~~~~~~~^^
  File "/usr/local/lib/python3.14/site-packages/sqlalchemy/pool/base.py", line 906, in __connect
    with util.safe_reraise():
         ~~~~~~~~~~~~~~~~~^^
  File "/usr/local/lib/python3.14/site-packages/sqlalchemy/util/langhelpers.py", line 166, in __exit__
    raise exc_value.with_traceback(exc_tb)
  File "/usr/local/lib/python3.14/site-packages/sqlalchemy/pool/base.py", line 902, in __connect
    self.dbapi_connection = connection = pool._invoke_creator(self)
                                         ~~~~~~~~~~~~~~~~~~~~^^^^^^
  File "/usr/local/lib/python3.14/site-packages/sqlalchemy/engine/create.py", line 645, in connect
    return dialect.connect(*cargs_tup, **cparams)
           ~~~~~~~~~~~~~~~^^^^^^^^^^^^^^^^^^^^^^^
  File "/usr/local/lib/python3.14/site-packages/sqlalchemy/engine/default.py", line 869, in connect
    return self.loaded_dbapi.connect(*cargs, **cparams)  # type: ignore[no-any-return]  # NOQA: E501
           ~~~~~~~~~~~~~~~~~~~~~~~~~^^^^^^^^^^^^^^^^^^^
  File "/usr/local/lib/python3.14/site-packages/psycopg2/__init__.py", line 122, in connect
    conn = _connect(dsn, connection_factory=connection_factory, **kwasync)
psycopg2.OperationalError: connection to server at "db" (172.18.0.2), port 5432 failed: FATAL:  password authentication failed for user "weatherflow"


The above exception was the direct cause of the following exception:

Traceback (most recent call last):
  File "/app/pipeline/main.py", line 48, in main
    load_postgresql(geocoding_df, geocoding_table, if_exists="replace")
    ~~~~~~~~~~~~~~~^^^^^^^^^^^^^^^^^^^^^^^^^^^^^^^^^^^^^^^^^^^^^^^^^^^^
  File "/app/pipeline/loaded/load_postresql.py", line 805, in load_postgresql
    return _load_legacy_table(df, table_name, if_exists=if_exists, engine=engine)
  File "/app/pipeline/loaded/load_postresql.py", line 455, in _load_legacy_table
    with engine.begin() as connection:
         ~~~~~~~~~~~~^^
  File "/usr/local/lib/python3.14/contextlib.py", line 141, in __enter__
    return next(self.gen)
  File "/usr/local/lib/python3.14/site-packages/sqlalchemy/engine/base.py", line 3224, in begin
    with self.connect() as conn:
         ~~~~~~~~~~~~^^
  File "/usr/local/lib/python3.14/site-packages/sqlalchemy/engine/base.py", line 3260, in connect
    return self._connection_cls(self)
           ~~~~~~~~~~~~~~~~~~~~^^^^^^
  File "/usr/local/lib/python3.14/site-packages/sqlalchemy/engine/base.py", line 151, in __init__
    Connection._handle_dbapi_exception_noconnection(
    ~~~~~~~~~~~~~~~~~~~~~~~~~~~~~~~~~~~~~~~~~~~~~~~^
        err, dialect, engine
        ^^^^^^^^^^^^^^^^^^^^
    )
    ^
  File "/usr/local/lib/python3.14/site-packages/sqlalchemy/engine/base.py", line 2417, in _handle_dbapi_exception_noconnection
    raise sqlalchemy_exception.with_traceback(exc_info[2]) from e
  File "/usr/local/lib/python3.14/site-packages/sqlalchemy/engine/base.py", line 149, in __init__
    self._dbapi_connection = engine.raw_connection()
                             ~~~~~~~~~~~~~~~~~~~~~^^
  File "/usr/local/lib/python3.14/site-packages/sqlalchemy/engine/base.py", line 3284, in raw_connection
    return self.pool.connect()
           ~~~~~~~~~~~~~~~~~^^
  File "/usr/local/lib/python3.14/site-packages/sqlalchemy/pool/base.py", line 445, in connect
    return _ConnectionFairy._checkout(self)
           ~~~~~~~~~~~~~~~~~~~~~~~~~~^^^^^^
  File "/usr/local/lib/python3.14/site-packages/sqlalchemy/pool/base.py", line 1303, in _checkout
    fairy = _ConnectionRecord.checkout(pool)
  File "/usr/local/lib/python3.14/site-packages/sqlalchemy/pool/base.py", line 709, in checkout
    rec = pool._do_get()
  File "/usr/local/lib/python3.14/site-packages/sqlalchemy/pool/impl.py", line 176, in _do_get
    with util.safe_reraise():
         ~~~~~~~~~~~~~~~~~^^
  File "/usr/local/lib/python3.14/site-packages/sqlalchemy/util/langhelpers.py", line 166, in __exit__
    raise exc_value.with_traceback(exc_tb)
  File "/usr/local/lib/python3.14/site-packages/sqlalchemy/pool/impl.py", line 174, in _do_get
    return self._create_connection()
           ~~~~~~~~~~~~~~~~~~~~~~~^^
  File "/usr/local/lib/python3.14/site-packages/sqlalchemy/pool/base.py", line 386, in _create_connection
    return _ConnectionRecord(self)
  File "/usr/local/lib/python3.14/site-packages/sqlalchemy/pool/base.py", line 671, in __init__
    self.__connect()
    ~~~~~~~~~~~~~~^^
  File "/usr/local/lib/python3.14/site-packages/sqlalchemy/pool/base.py", line 906, in __connect
    with util.safe_reraise():
         ~~~~~~~~~~~~~~~~~^^
  File "/usr/local/lib/python3.14/site-packages/sqlalchemy/util/langhelpers.py", line 166, in __exit__
    raise exc_value.with_traceback(exc_tb)
  File "/usr/local/lib/python3.14/site-packages/sqlalchemy/pool/base.py", line 902, in __connect
    self.dbapi_connection = connection = pool._invoke_creator(self)
                                         ~~~~~~~~~~~~~~~~~~~~^^^^^^
  File "/usr/local/lib/python3.14/site-packages/sqlalchemy/engine/create.py", line 645, in connect
    return dialect.connect(*cargs_tup, **cparams)
           ~~~~~~~~~~~~~~~^^^^^^^^^^^^^^^^^^^^^^^
  File "/usr/local/lib/python3.14/site-packages/sqlalchemy/engine/default.py", line 869, in connect
    return self.loaded_dbapi.connect(*cargs, **cparams)  # type: ignore[no-any-return]  # NOQA: E501
           ~~~~~~~~~~~~~~~~~~~~~~~~~^^^^^^^^^^^^^^^^^^^
  File "/usr/local/lib/python3.14/site-packages/psycopg2/__init__.py", line 122, in connect
    conn = _connect(dsn, connection_factory=connection_factory, **kwasync)
sqlalchemy.exc.OperationalError: (psycopg2.OperationalError) connection to server at "db" (172.18.0.2), port 5432 failed: FATAL:  password authentication failed for user "weatherflow"

(Background on this error at: https://sqlalche.me/e/21/e3q8)
2026-10-09 03:05:40,941 | INFO | __main__ | Processing city: Baguio
2026-10-09 03:05:41,251 | INFO | __main__ | Geocoding extracted for Baguio
2026-10-09 03:05:41,272 | ERROR | __main__ | Failed to process city: Baguio
Traceback (most recent call last):
  File "/usr/local/lib/python3.14/site-packages/sqlalchemy/engine/base.py", line 149, in __init__
    self._dbapi_connection = engine.raw_connection()
                             ~~~~~~~~~~~~~~~~~~~~~^^
  File "/usr/local/lib/python3.14/site-packages/sqlalchemy/engine/base.py", line 3284, in raw_connection
    return self.pool.connect()
           ~~~~~~~~~~~~~~~~~^^
  File "/usr/local/lib/python3.14/site-packages/sqlalchemy/pool/base.py", line 445, in connect
    return _ConnectionFairy._checkout(self)
           ~~~~~~~~~~~~~~~~~~~~~~~~~~^^^^^^
  File "/usr/local/lib/python3.14/site-packages/sqlalchemy/pool/base.py", line 1303, in _checkout
    fairy = _ConnectionRecord.checkout(pool)
  File "/usr/local/lib/python3.14/site-packages/sqlalchemy/pool/base.py", line 709, in checkout
    rec = pool._do_get()
  File "/usr/local/lib/python3.14/site-packages/sqlalchemy/pool/impl.py", line 176, in _do_get
    with util.safe_reraise():
         ~~~~~~~~~~~~~~~~~^^
  File "/usr/local/lib/python3.14/site-packages/sqlalchemy/util/langhelpers.py", line 166, in __exit__
    raise exc_value.with_traceback(exc_tb)
  File "/usr/local/lib/python3.14/site-packages/sqlalchemy/pool/impl.py", line 174, in _do_get
    return self._create_connection()
           ~~~~~~~~~~~~~~~~~~~~~~~^^
  File "/usr/local/lib/python3.14/site-packages/sqlalchemy/pool/base.py", line 386, in _create_connection
    return _ConnectionRecord(self)
  File "/usr/local/lib/python3.14/site-packages/sqlalchemy/pool/base.py", line 671, in __init__
    self.__connect()
    ~~~~~~~~~~~~~~^^
  File "/usr/local/lib/python3.14/site-packages/sqlalchemy/pool/base.py", line 906, in __connect
    with util.safe_reraise():
         ~~~~~~~~~~~~~~~~~^^
  File "/usr/local/lib/python3.14/site-packages/sqlalchemy/util/langhelpers.py", line 166, in __exit__
    raise exc_value.with_traceback(exc_tb)
  File "/usr/local/lib/python3.14/site-packages/sqlalchemy/pool/base.py", line 902, in __connect
    self.dbapi_connection = connection = pool._invoke_creator(self)
                                         ~~~~~~~~~~~~~~~~~~~~^^^^^^
  File "/usr/local/lib/python3.14/site-packages/sqlalchemy/engine/create.py", line 645, in connect
    return dialect.connect(*cargs_tup, **cparams)
           ~~~~~~~~~~~~~~~^^^^^^^^^^^^^^^^^^^^^^^
  File "/usr/local/lib/python3.14/site-packages/sqlalchemy/engine/default.py", line 869, in connect
    return self.loaded_dbapi.connect(*cargs, **cparams)  # type: ignore[no-any-return]  # NOQA: E501
           ~~~~~~~~~~~~~~~~~~~~~~~~~^^^^^^^^^^^^^^^^^^^
  File "/usr/local/lib/python3.14/site-packages/psycopg2/__init__.py", line 122, in connect
    conn = _connect(dsn, connection_factory=connection_factory, **kwasync)
psycopg2.OperationalError: connection to server at "db" (172.18.0.2), port 5432 failed: FATAL:  password authentication failed for user "weatherflow"


The above exception was the direct cause of the following exception:

Traceback (most recent call last):
  File "/app/pipeline/main.py", line 48, in main
    load_postgresql(geocoding_df, geocoding_table, if_exists="replace")
    ~~~~~~~~~~~~~~~^^^^^^^^^^^^^^^^^^^^^^^^^^^^^^^^^^^^^^^^^^^^^^^^^^^^
  File "/app/pipeline/loaded/load_postresql.py", line 805, in load_postgresql
    return _load_legacy_table(df, table_name, if_exists=if_exists, engine=engine)
  File "/app/pipeline/loaded/load_postresql.py", line 455, in _load_legacy_table
    with engine.begin() as connection:
         ~~~~~~~~~~~~^^
  File "/usr/local/lib/python3.14/contextlib.py", line 141, in __enter__
    return next(self.gen)
  File "/usr/local/lib/python3.14/site-packages/sqlalchemy/engine/base.py", line 3224, in begin
    with self.connect() as conn:
         ~~~~~~~~~~~~^^
  File "/usr/local/lib/python3.14/site-packages/sqlalchemy/engine/base.py", line 3260, in connect
    return self._connection_cls(self)
           ~~~~~~~~~~~~~~~~~~~~^^^^^^
  File "/usr/local/lib/python3.14/site-packages/sqlalchemy/engine/base.py", line 151, in __init__
    Connection._handle_dbapi_exception_noconnection(
    ~~~~~~~~~~~~~~~~~~~~~~~~~~~~~~~~~~~~~~~~~~~~~~~^
        err, dialect, engine
        ^^^^^^^^^^^^^^^^^^^^
    )
    ^
  File "/usr/local/lib/python3.14/site-packages/sqlalchemy/engine/base.py", line 2417, in _handle_dbapi_exception_noconnection
    raise sqlalchemy_exception.with_traceback(exc_info[2]) from e
  File "/usr/local/lib/python3.14/site-packages/sqlalchemy/engine/base.py", line 149, in __init__
    self._dbapi_connection = engine.raw_connection()
                             ~~~~~~~~~~~~~~~~~~~~~^^
  File "/usr/local/lib/python3.14/site-packages/sqlalchemy/engine/base.py", line 3284, in raw_connection
    return self.pool.connect()
           ~~~~~~~~~~~~~~~~~^^
  File "/usr/local/lib/python3.14/site-packages/sqlalchemy/pool/base.py", line 445, in connect
    return _ConnectionFairy._checkout(self)
           ~~~~~~~~~~~~~~~~~~~~~~~~~~^^^^^^
  File "/usr/local/lib/python3.14/site-packages/sqlalchemy/pool/base.py", line 1303, in _checkout
    fairy = _ConnectionRecord.checkout(pool)
  File "/usr/local/lib/python3.14/site-packages/sqlalchemy/pool/base.py", line 709, in checkout
    rec = pool._do_get()
  File "/usr/local/lib/python3.14/site-packages/sqlalchemy/pool/impl.py", line 176, in _do_get
    with util.safe_reraise():
         ~~~~~~~~~~~~~~~~~^^
  File "/usr/local/lib/python3.14/site-packages/sqlalchemy/util/langhelpers.py", line 166, in __exit__
    raise exc_value.with_traceback(exc_tb)
  File "/usr/local/lib/python3.14/site-packages/sqlalchemy/pool/impl.py", line 174, in _do_get
    return self._create_connection()
           ~~~~~~~~~~~~~~~~~~~~~~~^^
  File "/usr/local/lib/python3.14/site-packages/sqlalchemy/pool/base.py", line 386, in _create_connection
    return _ConnectionRecord(self)
  File "/usr/local/lib/python3.14/site-packages/sqlalchemy/pool/base.py", line 671, in __init__
    self.__connect()
    ~~~~~~~~~~~~~~^^
  File "/usr/local/lib/python3.14/site-packages/sqlalchemy/pool/base.py", line 906, in __connect
    with util.safe_reraise():
         ~~~~~~~~~~~~~~~~~^^
  File "/usr/local/lib/python3.14/site-packages/sqlalchemy/util/langhelpers.py", line 166, in __exit__
    raise exc_value.with_traceback(exc_tb)
  File "/usr/local/lib/python3.14/site-packages/sqlalchemy/pool/base.py", line 902, in __connect
    self.dbapi_connection = connection = pool._invoke_creator(self)
                                         ~~~~~~~~~~~~~~~~~~~~^^^^^^
  File "/usr/local/lib/python3.14/site-packages/sqlalchemy/engine/create.py", line 645, in connect
    return dialect.connect(*cargs_tup, **cparams)
           ~~~~~~~~~~~~~~~^^^^^^^^^^^^^^^^^^^^^^^
  File "/usr/local/lib/python3.14/site-packages/sqlalchemy/engine/default.py", line 869, in connect
    return self.loaded_dbapi.connect(*cargs, **cparams)  # type: ignore[no-any-return]  # NOQA: E501
           ~~~~~~~~~~~~~~~~~~~~~~~~~^^^^^^^^^^^^^^^^^^^
  File "/usr/local/lib/python3.14/site-packages/psycopg2/__init__.py", line 122, in connect
    conn = _connect(dsn, connection_factory=connection_factory, **kwasync)
sqlalchemy.exc.OperationalError: (psycopg2.OperationalError) connection to server at "db" (172.18.0.2), port 5432 failed: FATAL:  password authentication failed for user "weatherflow"

(Background on this error at: https://sqlalche.me/e/21/e3q8)
2026-10-09 03:05:41,285 | INFO | __main__ | Processing city: Iloilo City
2026-10-09 03:05:41,504 | INFO | __main__ | Geocoding extracted for Iloilo City
2026-10-09 03:05:41,544 | ERROR | __main__ | Failed to process city: Iloilo City
Traceback (most recent call last):
  File "/usr/local/lib/python3.14/site-packages/sqlalchemy/engine/base.py", line 149, in __init__
    self._dbapi_connection = engine.raw_connection()
                             ~~~~~~~~~~~~~~~~~~~~~^^
  File "/usr/local/lib/python3.14/site-packages/sqlalchemy/engine/base.py", line 3284, in raw_connection
    return self.pool.connect()
           ~~~~~~~~~~~~~~~~~^^
  File "/usr/local/lib/python3.14/site-packages/sqlalchemy/pool/base.py", line 445, in connect
    return _ConnectionFairy._checkout(self)
           ~~~~~~~~~~~~~~~~~~~~~~~~~~^^^^^^
  File "/usr/local/lib/python3.14/site-packages/sqlalchemy/pool/base.py", line 1303, in _checkout
    fairy = _ConnectionRecord.checkout(pool)
  File "/usr/local/lib/python3.14/site-packages/sqlalchemy/pool/base.py", line 709, in checkout
    rec = pool._do_get()
  File "/usr/local/lib/python3.14/site-packages/sqlalchemy/pool/impl.py", line 176, in _do_get
    with util.safe_reraise():
         ~~~~~~~~~~~~~~~~~^^
  File "/usr/local/lib/python3.14/site-packages/sqlalchemy/util/langhelpers.py", line 166, in __exit__
    raise exc_value.with_traceback(exc_tb)
  File "/usr/local/lib/python3.14/site-packages/sqlalchemy/pool/impl.py", line 174, in _do_get
    return self._create_connection()
           ~~~~~~~~~~~~~~~~~~~~~~~^^
  File "/usr/local/lib/python3.14/site-packages/sqlalchemy/pool/base.py", line 386, in _create_connection
    return _ConnectionRecord(self)
  File "/usr/local/lib/python3.14/site-packages/sqlalchemy/pool/base.py", line 671, in __init__
    self.__connect()
    ~~~~~~~~~~~~~~^^
  File "/usr/local/lib/python3.14/site-packages/sqlalchemy/pool/base.py", line 906, in __connect
    with util.safe_reraise():
         ~~~~~~~~~~~~~~~~~^^
  File "/usr/local/lib/python3.14/site-packages/sqlalchemy/util/langhelpers.py", line 166, in __exit__
    raise exc_value.with_traceback(exc_tb)
  File "/usr/local/lib/python3.14/site-packages/sqlalchemy/pool/base.py", line 902, in __connect
    self.dbapi_connection = connection = pool._invoke_creator(self)
                                         ~~~~~~~~~~~~~~~~~~~~^^^^^^
  File "/usr/local/lib/python3.14/site-packages/sqlalchemy/engine/create.py", line 645, in connect
    return dialect.connect(*cargs_tup, **cparams)
           ~~~~~~~~~~~~~~~^^^^^^^^^^^^^^^^^^^^^^^
  File "/usr/local/lib/python3.14/site-packages/sqlalchemy/engine/default.py", line 869, in connect
    return self.loaded_dbapi.connect(*cargs, **cparams)  # type: ignore[no-any-return]  # NOQA: E501
           ~~~~~~~~~~~~~~~~~~~~~~~~~^^^^^^^^^^^^^^^^^^^
  File "/usr/local/lib/python3.14/site-packages/psycopg2/__init__.py", line 122, in connect
    conn = _connect(dsn, connection_factory=connection_factory, **kwasync)
psycopg2.OperationalError: connection to server at "db" (172.18.0.2), port 5432 failed: FATAL:  password authentication failed for user "weatherflow"


The above exception was the direct cause of the following exception:

Traceback (most recent call last):
  File "/app/pipeline/main.py", line 48, in main
    load_postgresql(geocoding_df, geocoding_table, if_exists="replace")
    ~~~~~~~~~~~~~~~^^^^^^^^^^^^^^^^^^^^^^^^^^^^^^^^^^^^^^^^^^^^^^^^^^^^
  File "/app/pipeline/loaded/load_postresql.py", line 805, in load_postgresql
    return _load_legacy_table(df, table_name, if_exists=if_exists, engine=engine)
  File "/app/pipeline/loaded/load_postresql.py", line 455, in _load_legacy_table
    with engine.begin() as connection:
         ~~~~~~~~~~~~^^
  File "/usr/local/lib/python3.14/contextlib.py", line 141, in __enter__
    return next(self.gen)
  File "/usr/local/lib/python3.14/site-packages/sqlalchemy/engine/base.py", line 3224, in begin
    with self.connect() as conn:
         ~~~~~~~~~~~~^^
  File "/usr/local/lib/python3.14/site-packages/sqlalchemy/engine/base.py", line 3260, in connect
    return self._connection_cls(self)
           ~~~~~~~~~~~~~~~~~~~~^^^^^^
  File "/usr/local/lib/python3.14/site-packages/sqlalchemy/engine/base.py", line 151, in __init__
    Connection._handle_dbapi_exception_noconnection(
    ~~~~~~~~~~~~~~~~~~~~~~~~~~~~~~~~~~~~~~~~~~~~~~~^
        err, dialect, engine
        ^^^^^^^^^^^^^^^^^^^^
    )
    ^
  File "/usr/local/lib/python3.14/site-packages/sqlalchemy/engine/base.py", line 2417, in _handle_dbapi_exception_noconnection
    raise sqlalchemy_exception.with_traceback(exc_info[2]) from e
  File "/usr/local/lib/python3.14/site-packages/sqlalchemy/engine/base.py", line 149, in __init__
    self._dbapi_connection = engine.raw_connection()
                             ~~~~~~~~~~~~~~~~~~~~~^^
  File "/usr/local/lib/python3.14/site-packages/sqlalchemy/engine/base.py", line 3284, in raw_connection
    return self.pool.connect()
           ~~~~~~~~~~~~~~~~~^^
  File "/usr/local/lib/python3.14/site-packages/sqlalchemy/pool/base.py", line 445, in connect
    return _ConnectionFairy._checkout(self)
           ~~~~~~~~~~~~~~~~~~~~~~~~~~^^^^^^
  File "/usr/local/lib/python3.14/site-packages/sqlalchemy/pool/base.py", line 1303, in _checkout
    fairy = _ConnectionRecord.checkout(pool)
  File "/usr/local/lib/python3.14/site-packages/sqlalchemy/pool/base.py", line 709, in checkout
    rec = pool._do_get()
  File "/usr/local/lib/python3.14/site-packages/sqlalchemy/pool/impl.py", line 176, in _do_get
    with util.safe_reraise():
         ~~~~~~~~~~~~~~~~~^^
  File "/usr/local/lib/python3.14/site-packages/sqlalchemy/util/langhelpers.py", line 166, in __exit__
    raise exc_value.with_traceback(exc_tb)
  File "/usr/local/lib/python3.14/site-packages/sqlalchemy/pool/impl.py", line 174, in _do_get
    return self._create_connection()
           ~~~~~~~~~~~~~~~~~~~~~~~^^
  File "/usr/local/lib/python3.14/site-packages/sqlalchemy/pool/base.py", line 386, in _create_connection
    return _ConnectionRecord(self)
  File "/usr/local/lib/python3.14/site-packages/sqlalchemy/pool/base.py", line 671, in __init__
    self.__connect()
    ~~~~~~~~~~~~~~^^
  File "/usr/local/lib/python3.14/site-packages/sqlalchemy/pool/base.py", line 906, in __connect
    with util.safe_reraise():
         ~~~~~~~~~~~~~~~~~^^
  File "/usr/local/lib/python3.14/site-packages/sqlalchemy/util/langhelpers.py", line 166, in __exit__
    raise exc_value.with_traceback(exc_tb)
  File "/usr/local/lib/python3.14/site-packages/sqlalchemy/pool/base.py", line 902, in __connect
    self.dbapi_connection = connection = pool._invoke_creator(self)
                                         ~~~~~~~~~~~~~~~~~~~~^^^^^^
  File "/usr/local/lib/python3.14/site-packages/sqlalchemy/engine/create.py", line 645, in connect
    return dialect.connect(*cargs_tup, **cparams)
           ~~~~~~~~~~~~~~~^^^^^^^^^^^^^^^^^^^^^^^
  File "/usr/local/lib/python3.14/site-packages/sqlalchemy/engine/default.py", line 869, in connect
    return self.loaded_dbapi.connect(*cargs, **cparams)  # type: ignore[no-any-return]  # NOQA: E501
           ~~~~~~~~~~~~~~~~~~~~~~~~~^^^^^^^^^^^^^^^^^^^
  File "/usr/local/lib/python3.14/site-packages/psycopg2/__init__.py", line 122, in connect
    conn = _connect(dsn, connection_factory=connection_factory, **kwasync)
sqlalchemy.exc.OperationalError: (psycopg2.OperationalError) connection to server at "db" (172.18.0.2), port 5432 failed: FATAL:  password authentication failed for user "weatherflow"

(Background on this error at: https://sqlalche.me/e/21/e3q8)
2026-10-09 03:05:41,558 | INFO | __main__ | Processing city: Cagayan de Oro
2026-10-09 03:05:41,820 | INFO | __main__ | Geocoding extracted for Cagayan de Oro
2026-10-09 03:05:41,852 | ERROR | __main__ | Failed to process city: Cagayan de Oro
Traceback (most recent call last):
  File "/usr/local/lib/python3.14/site-packages/sqlalchemy/engine/base.py", line 149, in __init__
    self._dbapi_connection = engine.raw_connection()
                             ~~~~~~~~~~~~~~~~~~~~~^^
  File "/usr/local/lib/python3.14/site-packages/sqlalchemy/engine/base.py", line 3284, in raw_connection
    return self.pool.connect()
           ~~~~~~~~~~~~~~~~~^^
  File "/usr/local/lib/python3.14/site-packages/sqlalchemy/pool/base.py", line 445, in connect
    return _ConnectionFairy._checkout(self)
           ~~~~~~~~~~~~~~~~~~~~~~~~~~^^^^^^
  File "/usr/local/lib/python3.14/site-packages/sqlalchemy/pool/base.py", line 1303, in _checkout
    fairy = _ConnectionRecord.checkout(pool)
  File "/usr/local/lib/python3.14/site-packages/sqlalchemy/pool/base.py", line 709, in checkout
    rec = pool._do_get()
  File "/usr/local/lib/python3.14/site-packages/sqlalchemy/pool/impl.py", line 176, in _do_get
    with util.safe_reraise():
         ~~~~~~~~~~~~~~~~~^^
  File "/usr/local/lib/python3.14/site-packages/sqlalchemy/util/langhelpers.py", line 166, in __exit__
    raise exc_value.with_traceback(exc_tb)
  File "/usr/local/lib/python3.14/site-packages/sqlalchemy/pool/impl.py", line 174, in _do_get
    return self._create_connection()
           ~~~~~~~~~~~~~~~~~~~~~~~^^
  File "/usr/local/lib/python3.14/site-packages/sqlalchemy/pool/base.py", line 386, in _create_connection
    return _ConnectionRecord(self)
  File "/usr/local/lib/python3.14/site-packages/sqlalchemy/pool/base.py", line 671, in __init__
    self.__connect()
    ~~~~~~~~~~~~~~^^
  File "/usr/local/lib/python3.14/site-packages/sqlalchemy/pool/base.py", line 906, in __connect
    with util.safe_reraise():
         ~~~~~~~~~~~~~~~~~^^
  File "/usr/local/lib/python3.14/site-packages/sqlalchemy/util/langhelpers.py", line 166, in __exit__
    raise exc_value.with_traceback(exc_tb)
  File "/usr/local/lib/python3.14/site-packages/sqlalchemy/pool/base.py", line 902, in __connect
    self.dbapi_connection = connection = pool._invoke_creator(self)
                                         ~~~~~~~~~~~~~~~~~~~~^^^^^^
  File "/usr/local/lib/python3.14/site-packages/sqlalchemy/engine/create.py", line 645, in connect
    return dialect.connect(*cargs_tup, **cparams)
           ~~~~~~~~~~~~~~~^^^^^^^^^^^^^^^^^^^^^^^
  File "/usr/local/lib/python3.14/site-packages/sqlalchemy/engine/default.py", line 869, in connect
    return self.loaded_dbapi.connect(*cargs, **cparams)  # type: ignore[no-any-return]  # NOQA: E501
           ~~~~~~~~~~~~~~~~~~~~~~~~~^^^^^^^^^^^^^^^^^^^
  File "/usr/local/lib/python3.14/site-packages/psycopg2/__init__.py", line 122, in connect
    conn = _connect(dsn, connection_factory=connection_factory, **kwasync)
psycopg2.OperationalError: connection to server at "db" (172.18.0.2), port 5432 failed: FATAL:  password authentication failed for user "weatherflow"


The above exception was the direct cause of the following exception:

Traceback (most recent call last):
  File "/app/pipeline/main.py", line 48, in main
    load_postgresql(geocoding_df, geocoding_table, if_exists="replace")
    ~~~~~~~~~~~~~~~^^^^^^^^^^^^^^^^^^^^^^^^^^^^^^^^^^^^^^^^^^^^^^^^^^^^
  File "/app/pipeline/loaded/load_postresql.py", line 805, in load_postgresql
    return _load_legacy_table(df, table_name, if_exists=if_exists, engine=engine)
  File "/app/pipeline/loaded/load_postresql.py", line 455, in _load_legacy_table
    with engine.begin() as connection:
         ~~~~~~~~~~~~^^
  File "/usr/local/lib/python3.14/contextlib.py", line 141, in __enter__
    return next(self.gen)
  File "/usr/local/lib/python3.14/site-packages/sqlalchemy/engine/base.py", line 3224, in begin
    with self.connect() as conn:
         ~~~~~~~~~~~~^^
  File "/usr/local/lib/python3.14/site-packages/sqlalchemy/engine/base.py", line 3260, in connect
    return self._connection_cls(self)
           ~~~~~~~~~~~~~~~~~~~~^^^^^^
  File "/usr/local/lib/python3.14/site-packages/sqlalchemy/engine/base.py", line 151, in __init__
    Connection._handle_dbapi_exception_noconnection(
    ~~~~~~~~~~~~~~~~~~~~~~~~~~~~~~~~~~~~~~~~~~~~~~~^
        err, dialect, engine
        ^^^^^^^^^^^^^^^^^^^^
    )
    ^
  File "/usr/local/lib/python3.14/site-packages/sqlalchemy/engine/base.py", line 2417, in _handle_dbapi_exception_noconnection
    raise sqlalchemy_exception.with_traceback(exc_info[2]) from e
  File "/usr/local/lib/python3.14/site-packages/sqlalchemy/engine/base.py", line 149, in __init__
    self._dbapi_connection = engine.raw_connection()
                             ~~~~~~~~~~~~~~~~~~~~~^^
  File "/usr/local/lib/python3.14/site-packages/sqlalchemy/engine/base.py", line 3284, in raw_connection
    return self.pool.connect()
           ~~~~~~~~~~~~~~~~~^^
  File "/usr/local/lib/python3.14/site-packages/sqlalchemy/pool/base.py", line 445, in connect
    return _ConnectionFairy._checkout(self)
           ~~~~~~~~~~~~~~~~~~~~~~~~~~^^^^^^
  File "/usr/local/lib/python3.14/site-packages/sqlalchemy/pool/base.py", line 1303, in _checkout
    fairy = _ConnectionRecord.checkout(pool)
  File "/usr/local/lib/python3.14/site-packages/sqlalchemy/pool/base.py", line 709, in checkout
    rec = pool._do_get()
  File "/usr/local/lib/python3.14/site-packages/sqlalchemy/pool/impl.py", line 176, in _do_get
    with util.safe_reraise():
         ~~~~~~~~~~~~~~~~~^^
  File "/usr/local/lib/python3.14/site-packages/sqlalchemy/util/langhelpers.py", line 166, in __exit__
    raise exc_value.with_traceback(exc_tb)
  File "/usr/local/lib/python3.14/site-packages/sqlalchemy/pool/impl.py", line 174, in _do_get
    return self._create_connection()
           ~~~~~~~~~~~~~~~~~~~~~~~^^
  File "/usr/local/lib/python3.14/site-packages/sqlalchemy/pool/base.py", line 386, in _create_connection
    return _ConnectionRecord(self)
  File "/usr/local/lib/python3.14/site-packages/sqlalchemy/pool/base.py", line 671, in __init__
    self.__connect()
    ~~~~~~~~~~~~~~^^
  File "/usr/local/lib/python3.14/site-packages/sqlalchemy/pool/base.py", line 906, in __connect
    with util.safe_reraise():
         ~~~~~~~~~~~~~~~~~^^
  File "/usr/local/lib/python3.14/site-packages/sqlalchemy/util/langhelpers.py", line 166, in __exit__
    raise exc_value.with_traceback(exc_tb)
  File "/usr/local/lib/python3.14/site-packages/sqlalchemy/pool/base.py", line 902, in __connect
    self.dbapi_connection = connection = pool._invoke_creator(self)
                                         ~~~~~~~~~~~~~~~~~~~~^^^^^^
  File "/usr/local/lib/python3.14/site-packages/sqlalchemy/engine/create.py", line 645, in connect
    return dialect.connect(*cargs_tup, **cparams)
           ~~~~~~~~~~~~~~~^^^^^^^^^^^^^^^^^^^^^^^
  File "/usr/local/lib/python3.14/site-packages/sqlalchemy/engine/default.py", line 869, in connect
    return self.loaded_dbapi.connect(*cargs, **cparams)  # type: ignore[no-any-return]  # NOQA: E501
           ~~~~~~~~~~~~~~~~~~~~~~~~~^^^^^^^^^^^^^^^^^^^
  File "/usr/local/lib/python3.14/site-packages/psycopg2/__init__.py", line 122, in connect
    conn = _connect(dsn, connection_factory=connection_factory, **kwasync)
sqlalchemy.exc.OperationalError: (psycopg2.OperationalError) connection to server at "db" (172.18.0.2), port 5432 failed: FATAL:  password authentication failed for user "weatherflow"

(Background on this error at: https://sqlalche.me/e/21/e3q8)
2026-10-09 03:05:41,872 | INFO | __main__ | Processing city: Zamboanga City
2026-10-09 03:05:42,110 | INFO | __main__ | Geocoding extracted for Zamboanga City
2026-10-09 03:05:42,169 | ERROR | __main__ | Failed to process city: Zamboanga City
Traceback (most recent call last):
  File "/usr/local/lib/python3.14/site-packages/sqlalchemy/engine/base.py", line 149, in __init__
    self._dbapi_connection = engine.raw_connection()
                             ~~~~~~~~~~~~~~~~~~~~~^^
  File "/usr/local/lib/python3.14/site-packages/sqlalchemy/engine/base.py", line 3284, in raw_connection
    return self.pool.connect()
           ~~~~~~~~~~~~~~~~~^^
  File "/usr/local/lib/python3.14/site-packages/sqlalchemy/pool/base.py", line 445, in connect
    return _ConnectionFairy._checkout(self)
           ~~~~~~~~~~~~~~~~~~~~~~~~~~^^^^^^
  File "/usr/local/lib/python3.14/site-packages/sqlalchemy/pool/base.py", line 1303, in _checkout
    fairy = _ConnectionRecord.checkout(pool)
  File "/usr/local/lib/python3.14/site-packages/sqlalchemy/pool/base.py", line 709, in checkout
    rec = pool._do_get()
  File "/usr/local/lib/python3.14/site-packages/sqlalchemy/pool/impl.py", line 176, in _do_get
    with util.safe_reraise():
         ~~~~~~~~~~~~~~~~~^^
  File "/usr/local/lib/python3.14/site-packages/sqlalchemy/util/langhelpers.py", line 166, in __exit__
    raise exc_value.with_traceback(exc_tb)
  File "/usr/local/lib/python3.14/site-packages/sqlalchemy/pool/impl.py", line 174, in _do_get
    return self._create_connection()
           ~~~~~~~~~~~~~~~~~~~~~~~^^
  File "/usr/local/lib/python3.14/site-packages/sqlalchemy/pool/base.py", line 386, in _create_connection
    return _ConnectionRecord(self)
  File "/usr/local/lib/python3.14/site-packages/sqlalchemy/pool/base.py", line 671, in __init__
    self.__connect()
    ~~~~~~~~~~~~~~^^
  File "/usr/local/lib/python3.14/site-packages/sqlalchemy/pool/base.py", line 906, in __connect
    with util.safe_reraise():
         ~~~~~~~~~~~~~~~~~^^
  File "/usr/local/lib/python3.14/site-packages/sqlalchemy/util/langhelpers.py", line 166, in __exit__
    raise exc_value.with_traceback(exc_tb)
  File "/usr/local/lib/python3.14/site-packages/sqlalchemy/pool/base.py", line 902, in __connect
    self.dbapi_connection = connection = pool._invoke_creator(self)
                                         ~~~~~~~~~~~~~~~~~~~~^^^^^^
  File "/usr/local/lib/python3.14/site-packages/sqlalchemy/engine/create.py", line 645, in connect
    return dialect.connect(*cargs_tup, **cparams)
           ~~~~~~~~~~~~~~~^^^^^^^^^^^^^^^^^^^^^^^
  File "/usr/local/lib/python3.14/site-packages/sqlalchemy/engine/default.py", line 869, in connect
    return self.loaded_dbapi.connect(*cargs, **cparams)  # type: ignore[no-any-return]  # NOQA: E501
           ~~~~~~~~~~~~~~~~~~~~~~~~~^^^^^^^^^^^^^^^^^^^
  File "/usr/local/lib/python3.14/site-packages/psycopg2/__init__.py", line 122, in connect
    conn = _connect(dsn, connection_factory=connection_factory, **kwasync)
psycopg2.OperationalError: connection to server at "db" (172.18.0.2), port 5432 failed: FATAL:  password authentication failed for user "weatherflow"


The above exception was the direct cause of the following exception:

Traceback (most recent call last):
  File "/app/pipeline/main.py", line 48, in main
    load_postgresql(geocoding_df, geocoding_table, if_exists="replace")
    ~~~~~~~~~~~~~~~^^^^^^^^^^^^^^^^^^^^^^^^^^^^^^^^^^^^^^^^^^^^^^^^^^^^
  File "/app/pipeline/loaded/load_postresql.py", line 805, in load_postgresql
    return _load_legacy_table(df, table_name, if_exists=if_exists, engine=engine)
  File "/app/pipeline/loaded/load_postresql.py", line 455, in _load_legacy_table
    with engine.begin() as connection:
         ~~~~~~~~~~~~^^
  File "/usr/local/lib/python3.14/contextlib.py", line 141, in __enter__
    return next(self.gen)
  File "/usr/local/lib/python3.14/site-packages/sqlalchemy/engine/base.py", line 3224, in begin
    with self.connect() as conn:
         ~~~~~~~~~~~~^^
  File "/usr/local/lib/python3.14/site-packages/sqlalchemy/engine/base.py", line 3260, in connect
    return self._connection_cls(self)
           ~~~~~~~~~~~~~~~~~~~~^^^^^^
  File "/usr/local/lib/python3.14/site-packages/sqlalchemy/engine/base.py", line 151, in __init__
    Connection._handle_dbapi_exception_noconnection(
    ~~~~~~~~~~~~~~~~~~~~~~~~~~~~~~~~~~~~~~~~~~~~~~~^
        err, dialect, engine
        ^^^^^^^^^^^^^^^^^^^^
    )
    ^
  File "/usr/local/lib/python3.14/site-packages/sqlalchemy/engine/base.py", line 2417, in _handle_dbapi_exception_noconnection
    raise sqlalchemy_exception.with_traceback(exc_info[2]) from e
  File "/usr/local/lib/python3.14/site-packages/sqlalchemy/engine/base.py", line 149, in __init__
    self._dbapi_connection = engine.raw_connection()
                             ~~~~~~~~~~~~~~~~~~~~~^^
  File "/usr/local/lib/python3.14/site-packages/sqlalchemy/engine/base.py", line 3284, in raw_connection
    return self.pool.connect()
           ~~~~~~~~~~~~~~~~~^^
  File "/usr/local/lib/python3.14/site-packages/sqlalchemy/pool/base.py", line 445, in connect
    return _ConnectionFairy._checkout(self)
           ~~~~~~~~~~~~~~~~~~~~~~~~~~^^^^^^
  File "/usr/local/lib/python3.14/site-packages/sqlalchemy/pool/base.py", line 1303, in _checkout
    fairy = _ConnectionRecord.checkout(pool)
  File "/usr/local/lib/python3.14/site-packages/sqlalchemy/pool/base.py", line 709, in checkout
    rec = pool._do_get()
  File "/usr/local/lib/python3.14/site-packages/sqlalchemy/pool/impl.py", line 176, in _do_get
    with util.safe_reraise():
         ~~~~~~~~~~~~~~~~~^^
  File "/usr/local/lib/python3.14/site-packages/sqlalchemy/util/langhelpers.py", line 166, in __exit__
    raise exc_value.with_traceback(exc_tb)
  File "/usr/local/lib/python3.14/site-packages/sqlalchemy/pool/impl.py", line 174, in _do_get
    return self._create_connection()
           ~~~~~~~~~~~~~~~~~~~~~~~^^
  File "/usr/local/lib/python3.14/site-packages/sqlalchemy/pool/base.py", line 386, in _create_connection
    return _ConnectionRecord(self)
  File "/usr/local/lib/python3.14/site-packages/sqlalchemy/pool/base.py", line 671, in __init__
    self.__connect()
    ~~~~~~~~~~~~~~^^
  File "/usr/local/lib/python3.14/site-packages/sqlalchemy/pool/base.py", line 906, in __connect
    with util.safe_reraise():
         ~~~~~~~~~~~~~~~~~^^
  File "/usr/local/lib/python3.14/site-packages/sqlalchemy/util/langhelpers.py", line 166, in __exit__
    raise exc_value.with_traceback(exc_tb)
  File "/usr/local/lib/python3.14/site-packages/sqlalchemy/pool/base.py", line 902, in __connect
    self.dbapi_connection = connection = pool._invoke_creator(self)
                                         ~~~~~~~~~~~~~~~~~~~~^^^^^^
  File "/usr/local/lib/python3.14/site-packages/sqlalchemy/engine/create.py", line 645, in connect
    return dialect.connect(*cargs_tup, **cparams)
           ~~~~~~~~~~~~~~~^^^^^^^^^^^^^^^^^^^^^^^
  File "/usr/local/lib/python3.14/site-packages/sqlalchemy/engine/default.py", line 869, in connect
    return self.loaded_dbapi.connect(*cargs, **cparams)  # type: ignore[no-any-return]  # NOQA: E501
           ~~~~~~~~~~~~~~~~~~~~~~~~~^^^^^^^^^^^^^^^^^^^
  File "/usr/local/lib/python3.14/site-packages/psycopg2/__init__.py", line 122, in connect
    conn = _connect(dsn, connection_factory=connection_factory, **kwasync)
sqlalchemy.exc.OperationalError: (psycopg2.OperationalError) connection to server at "db" (172.18.0.2), port 5432 failed: FATAL:  password authentication failed for user "weatherflow"

(Background on this error at: https://sqlalche.me/e/21/e3q8)
2026-10-09 03:05:42,186 | ERROR | __main__ | Weather ingestion completed with 8 failed city processing run(s).
2026-10-09 03:12:09,522 | INFO | __main__ | Starting Weather Ingestion...
2026-10-09 03:12:09,529 | INFO | __main__ | Processing city: Manila
2026-10-09 03:12:09,823 | INFO | __main__ | Geocoding extracted for Manila
2026-10-09 03:12:09,947 | INFO | __main__ | Geocoding loaded for Manila into geocoding_manila
2026-10-09 03:12:10,116 | INFO | __main__ | Raw JSON saved for Manila: /app/data/raw/openweather/manila.json
2026-10-09 03:12:10,159 | INFO | __main__ | Weather data transformed for Manila.
2026-10-09 03:12:10,330 | INFO | __main__ | Parquet saved for Manila: /app/data/parquet/openweather/manila.parquet
2026-10-09 03:12:10,483 | INFO | __main__ | Loaded 13 row(s) for Manila into openweather_manila.
2026-10-09 03:12:10,528 | INFO | __main__ | Checkpoint updated for Manila.
2026-10-09 03:12:10,537 | INFO | __main__ | Processing city: Quezon City
2026-10-09 03:12:10,788 | INFO | __main__ | Geocoding extracted for Quezon City
2026-10-09 03:12:10,864 | INFO | __main__ | Geocoding loaded for Quezon City into geocoding_quezon_city
2026-10-09 03:12:10,934 | INFO | __main__ | Raw JSON saved for Quezon City: /app/data/raw/openweather/quezon_city.json
2026-10-09 03:12:10,938 | INFO | __main__ | Weather data transformed for Quezon City.
2026-10-09 03:12:11,084 | INFO | __main__ | Parquet saved for Quezon City: /app/data/parquet/openweather/quezon_city.parquet
2026-10-09 03:12:11,224 | INFO | __main__ | Loaded 15 row(s) for Quezon City into openweather_quezon_city.
2026-10-09 03:12:11,295 | INFO | __main__ | Checkpoint updated for Quezon City.
2026-10-09 03:12:11,298 | INFO | __main__ | Processing city: Cebu City
2026-10-09 03:12:11,587 | INFO | __main__ | Geocoding extracted for Cebu City
2026-10-09 03:12:11,717 | INFO | __main__ | Geocoding loaded for Cebu City into geocoding_cebu_city
2026-10-09 03:12:11,827 | INFO | __main__ | Raw JSON saved for Cebu City: /app/data/raw/openweather/cebu_city.json
2026-10-09 03:12:11,831 | INFO | __main__ | Weather data transformed for Cebu City.
2026-10-09 03:12:11,944 | INFO | __main__ | Parquet saved for Cebu City: /app/data/parquet/openweather/cebu_city.parquet
2026-10-09 03:12:12,110 | INFO | __main__ | Loaded 15 row(s) for Cebu City into openweather_cebu_city.
2026-10-09 03:12:12,217 | INFO | __main__ | Checkpoint updated for Cebu City.
2026-10-09 03:12:12,222 | INFO | __main__ | Processing city: Davao City
2026-10-09 03:12:12,595 | INFO | __main__ | Geocoding extracted for Davao City
2026-10-09 03:12:12,716 | INFO | __main__ | Geocoding loaded for Davao City into geocoding_davao_city
2026-10-09 03:12:12,784 | INFO | __main__ | Raw JSON saved for Davao City: /app/data/raw/openweather/davao_city.json
2026-10-09 03:12:12,789 | INFO | __main__ | Weather data transformed for Davao City.
2026-10-09 03:12:12,978 | INFO | __main__ | Parquet saved for Davao City: /app/data/parquet/openweather/davao_city.parquet
2026-10-09 03:12:13,250 | INFO | __main__ | Loaded 16 row(s) for Davao City into openweather_davao_city.
2026-10-09 03:12:13,277 | INFO | __main__ | Checkpoint updated for Davao City.
2026-10-09 03:12:13,278 | INFO | __main__ | Processing city: Baguio
2026-10-09 03:12:13,616 | INFO | __main__ | Geocoding extracted for Baguio
2026-10-09 03:12:13,721 | INFO | __main__ | Geocoding loaded for Baguio into geocoding_baguio
2026-10-09 03:12:13,831 | INFO | __main__ | Raw JSON saved for Baguio: /app/data/raw/openweather/baguio.json
2026-10-09 03:12:13,835 | INFO | __main__ | Weather data transformed for Baguio.
2026-10-09 03:12:13,954 | INFO | __main__ | Parquet saved for Baguio: /app/data/parquet/openweather/baguio.parquet
2026-10-09 03:12:14,115 | INFO | __main__ | Loaded 14 row(s) for Baguio into openweather_baguio.
2026-10-09 03:12:14,143 | INFO | __main__ | Checkpoint updated for Baguio.
2026-10-09 03:12:14,144 | INFO | __main__ | Processing city: Iloilo City
2026-10-09 03:12:14,429 | INFO | __main__ | Geocoding extracted for Iloilo City
2026-10-09 03:12:14,514 | INFO | __main__ | Geocoding loaded for Iloilo City into geocoding_iloilo_city
2026-10-09 03:12:14,676 | INFO | __main__ | Raw JSON saved for Iloilo City: /app/data/raw/openweather/iloilo_city.json
2026-10-09 03:12:14,679 | INFO | __main__ | Weather data transformed for Iloilo City.
2026-10-09 03:12:14,781 | INFO | __main__ | Parquet saved for Iloilo City: /app/data/parquet/openweather/iloilo_city.parquet
2026-10-09 03:12:14,940 | INFO | __main__ | Loaded 15 row(s) for Iloilo City into openweather_iloilo_city.
2026-10-09 03:12:15,033 | INFO | __main__ | Checkpoint updated for Iloilo City.
2026-10-09 03:12:15,042 | INFO | __main__ | Processing city: Cagayan de Oro
2026-10-09 03:12:15,410 | INFO | __main__ | Geocoding extracted for Cagayan de Oro
2026-10-09 03:12:15,499 | INFO | __main__ | Geocoding loaded for Cagayan de Oro into geocoding_cagayan_de_oro
2026-10-09 03:12:15,620 | INFO | __main__ | Raw JSON saved for Cagayan de Oro: /app/data/raw/openweather/cagayan_de_oro.json
2026-10-09 03:12:15,624 | INFO | __main__ | Weather data transformed for Cagayan de Oro.
2026-10-09 03:12:15,787 | INFO | __main__ | Parquet saved for Cagayan de Oro: /app/data/parquet/openweather/cagayan_de_oro.parquet
2026-10-09 03:12:16,001 | INFO | __main__ | Loaded 14 row(s) for Cagayan de Oro into openweather_cagayan_de_oro.
2026-10-09 03:12:16,043 | INFO | __main__ | Checkpoint updated for Cagayan de Oro.
2026-10-09 03:12:16,044 | INFO | __main__ | Processing city: Zamboanga City
2026-10-09 03:12:16,362 | INFO | __main__ | Geocoding extracted for Zamboanga City
2026-10-09 03:12:16,445 | INFO | __main__ | Geocoding loaded for Zamboanga City into geocoding_zamboanga_city
2026-10-09 03:12:16,525 | INFO | __main__ | Raw JSON saved for Zamboanga City: /app/data/raw/openweather/zamboanga_city.json
2026-10-09 03:12:16,542 | INFO | __main__ | Weather data transformed for Zamboanga City.
2026-10-09 03:12:16,709 | INFO | __main__ | Parquet saved for Zamboanga City: /app/data/parquet/openweather/zamboanga_city.parquet
2026-10-09 03:12:16,839 | INFO | __main__ | Loaded 17 row(s) for Zamboanga City into openweather_zamboanga_city.
2026-10-09 03:12:16,890 | INFO | __main__ | Checkpoint updated for Zamboanga City.
2026-10-09 03:12:16,892 | INFO | __main__ | Weather ingestion completed successfully.
2026-10-09 03:15:11,522 | INFO | __main__ | Starting Weather Ingestion...
2026-10-09 03:15:11,523 | INFO | __main__ | Processing city: Manila
2026-10-09 03:15:11,865 | INFO | __main__ | Geocoding extracted for Manila
2026-10-09 03:15:11,967 | INFO | __main__ | Geocoding loaded for Manila into geocoding_manila
2026-10-09 03:15:11,987 | INFO | __main__ | No new weather data for Manila. Skipping.
2026-10-09 03:15:11,991 | INFO | __main__ | Processing city: Quezon City
2026-10-09 03:15:12,253 | INFO | __main__ | Geocoding extracted for Quezon City
2026-10-09 03:15:12,387 | INFO | __main__ | Geocoding loaded for Quezon City into geocoding_quezon_city
2026-10-09 03:15:12,432 | INFO | __main__ | No new weather data for Quezon City. Skipping.
2026-10-09 03:15:12,435 | INFO | __main__ | Processing city: Cebu City
2026-10-09 03:15:12,722 | INFO | __main__ | Geocoding extracted for Cebu City
2026-10-09 03:15:12,820 | INFO | __main__ | Geocoding loaded for Cebu City into geocoding_cebu_city
2026-10-09 03:15:12,920 | INFO | __main__ | Raw JSON saved for Cebu City: /app/data/raw/openweather/cebu_city.json
2026-10-09 03:15:12,923 | INFO | __main__ | Weather data transformed for Cebu City.
2026-10-09 03:15:13,027 | INFO | __main__ | Parquet saved for Cebu City: /app/data/parquet/openweather/cebu_city.parquet
2026-10-09 03:15:13,144 | INFO | __main__ | Loaded 16 row(s) for Cebu City into openweather_cebu_city.
2026-10-09 03:15:13,210 | INFO | __main__ | Checkpoint updated for Cebu City.
2026-10-09 03:15:13,213 | INFO | __main__ | Processing city: Davao City
2026-10-09 03:15:13,485 | INFO | __main__ | Geocoding extracted for Davao City
2026-10-09 03:15:13,547 | INFO | __main__ | Geocoding loaded for Davao City into geocoding_davao_city
2026-10-09 03:15:13,564 | INFO | __main__ | No new weather data for Davao City. Skipping.
2026-10-09 03:15:13,566 | INFO | __main__ | Processing city: Baguio
2026-10-09 03:15:13,789 | INFO | __main__ | Geocoding extracted for Baguio
2026-10-09 03:15:13,928 | INFO | __main__ | Geocoding loaded for Baguio into geocoding_baguio
2026-10-09 03:15:13,966 | INFO | __main__ | No new weather data for Baguio. Skipping.
2026-10-09 03:15:13,974 | INFO | __main__ | Processing city: Iloilo City
2026-10-09 03:15:14,219 | INFO | __main__ | Geocoding extracted for Iloilo City
2026-10-09 03:15:14,346 | INFO | __main__ | Geocoding loaded for Iloilo City into geocoding_iloilo_city
2026-10-09 03:15:14,384 | INFO | __main__ | No new weather data for Iloilo City. Skipping.
2026-10-09 03:15:14,387 | INFO | __main__ | Processing city: Cagayan de Oro
2026-10-09 03:15:14,720 | INFO | __main__ | Geocoding extracted for Cagayan de Oro
2026-10-09 03:15:14,843 | INFO | __main__ | Geocoding loaded for Cagayan de Oro into geocoding_cagayan_de_oro
2026-10-09 03:15:14,869 | INFO | __main__ | No new weather data for Cagayan de Oro. Skipping.
2026-10-09 03:15:14,872 | INFO | __main__ | Processing city: Zamboanga City
2026-10-09 03:15:15,129 | INFO | __main__ | Geocoding extracted for Zamboanga City
2026-10-09 03:15:15,215 | INFO | __main__ | Geocoding loaded for Zamboanga City into geocoding_zamboanga_city
2026-10-09 03:15:15,234 | INFO | __main__ | No new weather data for Zamboanga City. Skipping.
2026-10-09 03:15:15,236 | INFO | __main__ | Weather ingestion completed successfully.
2026-10-09 08:43:02,610 | INFO | __main__ | Starting Weather Ingestion...
2026-10-09 08:43:02,612 | INFO | __main__ | Processing city: Manila
2026-10-09 08:43:02,907 | INFO | __main__ | Geocoding extracted for Manila
2026-10-09 08:43:03,089 | INFO | __main__ | Geocoding loaded for Manila into geocoding_manila
2026-10-09 08:43:03,125 | INFO | __main__ | Raw JSON saved for Manila: /app/data/raw/openweather/manila.json
2026-10-09 08:43:03,137 | INFO | __main__ | Weather data transformed for Manila.
2026-10-09 08:43:03,290 | INFO | __main__ | Parquet saved for Manila: /app/data/parquet/openweather/manila.parquet
2026-10-09 08:43:03,405 | INFO | __main__ | Loaded 14 row(s) for Manila into openweather_manila.
2026-10-09 08:43:03,449 | INFO | __main__ | Checkpoint updated for Manila.
2026-10-09 08:43:03,452 | INFO | __main__ | Processing city: Quezon City
2026-10-09 08:43:03,727 | INFO | __main__ | Geocoding extracted for Quezon City
2026-10-09 08:43:03,805 | INFO | __main__ | Geocoding loaded for Quezon City into geocoding_quezon_city
2026-10-09 08:43:03,864 | INFO | __main__ | Raw JSON saved for Quezon City: /app/data/raw/openweather/quezon_city.json
2026-10-09 08:43:03,873 | INFO | __main__ | Weather data transformed for Quezon City.
2026-10-09 08:43:03,987 | INFO | __main__ | Parquet saved for Quezon City: /app/data/parquet/openweather/quezon_city.parquet
2026-10-09 08:43:04,166 | INFO | __main__ | Loaded 16 row(s) for Quezon City into openweather_quezon_city.
2026-10-09 08:43:04,191 | INFO | __main__ | Checkpoint updated for Quezon City.
2026-10-09 08:43:04,193 | INFO | __main__ | Processing city: Cebu City
2026-10-09 08:43:04,476 | INFO | __main__ | Geocoding extracted for Cebu City
2026-10-09 08:43:04,559 | INFO | __main__ | Geocoding loaded for Cebu City into geocoding_cebu_city
2026-10-09 08:43:04,596 | INFO | __main__ | Raw JSON saved for Cebu City: /app/data/raw/openweather/cebu_city.json
2026-10-09 08:43:04,599 | INFO | __main__ | Weather data transformed for Cebu City.
2026-10-09 08:43:04,690 | INFO | __main__ | Parquet saved for Cebu City: /app/data/parquet/openweather/cebu_city.parquet
2026-10-09 08:43:04,827 | INFO | __main__ | Loaded 17 row(s) for Cebu City into openweather_cebu_city.
2026-10-09 08:43:04,869 | INFO | __main__ | Checkpoint updated for Cebu City.
2026-10-09 08:43:04,871 | INFO | __main__ | Processing city: Davao City
2026-10-09 08:43:05,193 | INFO | __main__ | Geocoding extracted for Davao City
2026-10-09 08:43:05,280 | INFO | __main__ | Geocoding loaded for Davao City into geocoding_davao_city
2026-10-09 08:43:05,322 | INFO | __main__ | Raw JSON saved for Davao City: /app/data/raw/openweather/davao_city.json
2026-10-09 08:43:05,326 | INFO | __main__ | Weather data transformed for Davao City.
2026-10-09 08:43:05,404 | INFO | __main__ | Parquet saved for Davao City: /app/data/parquet/openweather/davao_city.parquet
2026-10-09 08:43:05,504 | INFO | __main__ | Loaded 17 row(s) for Davao City into openweather_davao_city.
2026-10-09 08:43:05,539 | INFO | __main__ | Checkpoint updated for Davao City.
2026-10-09 08:43:05,541 | INFO | __main__ | Processing city: Baguio
2026-10-09 08:43:05,841 | INFO | __main__ | Geocoding extracted for Baguio
2026-10-09 08:43:05,962 | INFO | __main__ | Geocoding loaded for Baguio into geocoding_baguio
2026-10-09 08:43:06,003 | INFO | __main__ | Raw JSON saved for Baguio: /app/data/raw/openweather/baguio.json
2026-10-09 08:43:06,009 | INFO | __main__ | Weather data transformed for Baguio.
2026-10-09 08:43:06,099 | INFO | __main__ | Parquet saved for Baguio: /app/data/parquet/openweather/baguio.parquet
2026-10-09 08:43:06,200 | INFO | __main__ | Loaded 15 row(s) for Baguio into openweather_baguio.
2026-10-09 08:43:06,232 | INFO | __main__ | Checkpoint updated for Baguio.
2026-10-09 08:43:06,233 | INFO | __main__ | Processing city: Iloilo City
2026-10-09 08:43:06,475 | INFO | __main__ | Geocoding extracted for Iloilo City
2026-10-09 08:43:06,559 | INFO | __main__ | Geocoding loaded for Iloilo City into geocoding_iloilo_city
2026-10-09 08:43:06,599 | INFO | __main__ | Raw JSON saved for Iloilo City: /app/data/raw/openweather/iloilo_city.json
2026-10-09 08:43:06,606 | INFO | __main__ | Weather data transformed for Iloilo City.
2026-10-09 08:43:06,696 | INFO | __main__ | Parquet saved for Iloilo City: /app/data/parquet/openweather/iloilo_city.parquet
2026-10-09 08:43:06,801 | INFO | __main__ | Loaded 16 row(s) for Iloilo City into openweather_iloilo_city.
2026-10-09 08:43:06,842 | INFO | __main__ | Checkpoint updated for Iloilo City.
2026-10-09 08:43:06,844 | INFO | __main__ | Processing city: Cagayan de Oro
2026-10-09 08:43:07,288 | INFO | __main__ | Geocoding extracted for Cagayan de Oro
2026-10-09 08:43:07,430 | INFO | __main__ | Geocoding loaded for Cagayan de Oro into geocoding_cagayan_de_oro
2026-10-09 08:43:07,471 | INFO | __main__ | Raw JSON saved for Cagayan de Oro: /app/data/raw/openweather/cagayan_de_oro.json
2026-10-09 08:43:07,477 | INFO | __main__ | Weather data transformed for Cagayan de Oro.
2026-10-09 08:43:07,566 | INFO | __main__ | Parquet saved for Cagayan de Oro: /app/data/parquet/openweather/cagayan_de_oro.parquet
2026-10-09 08:43:07,676 | INFO | __main__ | Loaded 15 row(s) for Cagayan de Oro into openweather_cagayan_de_oro.
2026-10-09 08:43:07,719 | INFO | __main__ | Checkpoint updated for Cagayan de Oro.
2026-10-09 08:43:07,723 | INFO | __main__ | Processing city: Zamboanga City
2026-10-09 08:43:07,990 | INFO | __main__ | Geocoding extracted for Zamboanga City
2026-10-09 08:43:08,070 | INFO | __main__ | Geocoding loaded for Zamboanga City into geocoding_zamboanga_city
2026-10-09 08:43:08,120 | INFO | __main__ | Raw JSON saved for Zamboanga City: /app/data/raw/openweather/zamboanga_city.json
2026-10-09 08:43:08,136 | INFO | __main__ | Weather data transformed for Zamboanga City.
2026-10-09 08:43:08,209 | INFO | __main__ | Parquet saved for Zamboanga City: /app/data/parquet/openweather/zamboanga_city.parquet
2026-10-09 08:43:08,314 | INFO | __main__ | Loaded 18 row(s) for Zamboanga City into openweather_zamboanga_city.
2026-10-09 08:43:08,354 | INFO | __main__ | Checkpoint updated for Zamboanga City.
2026-10-09 08:43:08,355 | INFO | __main__ | Weather ingestion completed successfully.
2026-10-09 17:04:11,078 | INFO | pipeline.main | Starting Weather Ingestion...
2026-10-09 17:04:11,082 | INFO | pipeline.main | Processing city: Manila
2026-10-09 17:04:11,085 | INFO | pipeline.main | Geocoding extracted for Manila
2026-10-09 17:04:11,089 | ERROR | pipeline.main | Failed to process city: Manila
Traceback (most recent call last):
  File "/mnt/c/Users/aldwin/project/weatherflow/pipeline/main.py", line 45, in main
    geocoding_df = WeatherTransform(geocoding_data, "geocoding").transform()
  File "/mnt/c/Users/aldwin/project/weatherflow/pipeline/transformation/weather_transform.py", line 56, in transform
    return self.transform_geocoding()
           ~~~~~~~~~~~~~~~~~~~~~~~~^^
  File "/mnt/c/Users/aldwin/project/weatherflow/pipeline/transformation/weather_transform.py", line 145, in transform_geocoding
    for item in self._as_records():
                ~~~~~~~~~~~~~~~~^^
  File "/mnt/c/Users/aldwin/project/weatherflow/pipeline/transformation/weather_transform.py", line 44, in _as_records
    raise TypeError("Every item in the weather payload must be a dictionary.")
TypeError: Every item in the weather payload must be a dictionary.
2026-10-09 17:04:11,117 | ERROR | pipeline.main | Weather ingestion completed with 1 failed city processing run(s).
2026-10-09 17:04:11,248 | INFO | pipeline.main | Starting Weather Ingestion...
2026-10-09 17:04:11,249 | INFO | pipeline.main | Processing city: Manila
2026-10-09 17:04:11,251 | ERROR | pipeline.main | Failed to process city: Manila
Traceback (most recent call last):
  File "/mnt/c/Users/aldwin/project/weatherflow/pipeline/main.py", line 37, in main
    weather_data = extract_openweather_data(latitude, longitude, city)
  File "/mnt/c/Users/aldwin/project/weatherflow/tests/test_load_postgresql.py", line 164, in <lambda>
    lambda *args, **kwargs: (_ for _ in ()).throw(RuntimeError("API failure")),
                            ~~~~~~~~~~~~~~~~~~~~~^^^^^^^^^^^^^^^^^^^^^^^^^^^^^
  File "/mnt/c/Users/aldwin/project/weatherflow/tests/test_load_postgresql.py", line 164, in <genexpr>
    lambda *args, **kwargs: (_ for _ in ()).throw(RuntimeError("API failure")),
RuntimeError: API failure
2026-10-09 17:04:11,258 | ERROR | pipeline.main | Weather ingestion completed with 1 failed city processing run(s).
2026-10-09 17:05:53,355 | INFO | pipeline.main | Starting Weather Ingestion...
2026-10-09 17:05:53,356 | INFO | pipeline.main | Processing city: Manila
2026-10-09 17:05:53,357 | INFO | pipeline.main | Geocoding extracted for Manila
2026-10-09 17:05:53,388 | INFO | pipeline.main | Geocoding loaded for Manila into geocoding_manila
2026-10-09 17:05:53,389 | INFO | pipeline.main | Raw JSON saved for Manila: /tmp/pytest-of-aldwin/pytest-5/test_pipeline_main_saves_parqu0/manila.json
2026-10-09 17:05:53,391 | ERROR | pipeline.main | Failed to process city: Manila
Traceback (most recent call last):
  File "/mnt/c/Users/aldwin/project/weatherflow/pipeline/main.py", line 69, in main
    weather_df = WeatherTransform(weather_data, "openweather").transform()
  File "/mnt/c/Users/aldwin/project/weatherflow/pipeline/transformation/weather_transform.py", line 53, in transform
    return self.transform_openweather()
           ~~~~~~~~~~~~~~~~~~~~~~~~~~^^
  File "/mnt/c/Users/aldwin/project/weatherflow/pipeline/transformation/weather_transform.py", line 96, in transform_openweather
    "weather_id": weather.get("id"),
                  ^^^^^^^^^^^
AttributeError: 'list' object has no attribute 'get'
2026-10-09 17:05:53,405 | ERROR | pipeline.main | Weather ingestion completed with 1 failed city processing run(s).
2026-10-09 17:05:53,497 | INFO | pipeline.main | Starting Weather Ingestion...
2026-10-09 17:05:53,502 | INFO | pipeline.main | Processing city: Manila
2026-10-09 17:05:53,505 | ERROR | pipeline.main | Failed to process city: Manila
Traceback (most recent call last):
  File "/mnt/c/Users/aldwin/project/weatherflow/pipeline/main.py", line 37, in main
    weather_data = extract_openweather_data(latitude, longitude, city)
  File "/mnt/c/Users/aldwin/project/weatherflow/tests/test_load_postgresql.py", line 164, in <lambda>
    lambda *args, **kwargs: (_ for _ in ()).throw(RuntimeError("API failure")),
                            ~~~~~~~~~~~~~~~~~~~~~^^^^^^^^^^^^^^^^^^^^^^^^^^^^^
  File "/mnt/c/Users/aldwin/project/weatherflow/tests/test_load_postgresql.py", line 164, in <genexpr>
    lambda *args, **kwargs: (_ for _ in ()).throw(RuntimeError("API failure")),
RuntimeError: API failure
2026-10-09 17:05:53,514 | ERROR | pipeline.main | Weather ingestion completed with 1 failed city processing run(s).
2026-10-09 17:07:49,939 | INFO | pipeline.main | Starting Weather Ingestion...
2026-10-09 17:07:49,942 | INFO | pipeline.main | Processing city: Manila
2026-10-09 17:07:49,947 | INFO | pipeline.main | Geocoding extracted for Manila
2026-10-09 17:07:49,959 | INFO | pipeline.main | Geocoding loaded for Manila into geocoding_manila
2026-10-09 17:07:49,962 | INFO | pipeline.main | Raw JSON saved for Manila: /tmp/pytest-of-aldwin/pytest-6/test_pipeline_main_saves_parqu0/manila.json
2026-10-09 17:07:49,968 | INFO | pipeline.main | Weather data transformed for Manila.
2026-10-09 17:07:49,970 | INFO | pipeline.main | Parquet saved for Manila: /tmp/pytest-of-aldwin/pytest-6/test_pipeline_main_saves_parqu0/openweather_Manila.parquet
2026-10-09 17:07:49,972 | INFO | pipeline.main | Loaded 1 row(s) for Manila into openweather_manila.
2026-10-09 17:07:49,974 | INFO | pipeline.main | Checkpoint updated for Manila.
2026-10-09 17:07:49,976 | INFO | pipeline.main | Weather ingestion completed successfully.
2026-10-09 17:07:49,984 | INFO | pipeline.main | Starting Weather Ingestion...
2026-10-09 17:07:49,986 | INFO | pipeline.main | Processing city: Manila
2026-10-09 17:07:49,989 | ERROR | pipeline.main | Failed to process city: Manila
Traceback (most recent call last):
  File "/mnt/c/Users/aldwin/project/weatherflow/pipeline/main.py", line 37, in main
    weather_data = extract_openweather_data(latitude, longitude, city)
  File "/mnt/c/Users/aldwin/project/weatherflow/tests/test_load_postgresql.py", line 164, in <lambda>
    lambda *args, **kwargs: (_ for _ in ()).throw(RuntimeError("API failure")),
                            ~~~~~~~~~~~~~~~~~~~~~^^^^^^^^^^^^^^^^^^^^^^^^^^^^^
  File "/mnt/c/Users/aldwin/project/weatherflow/tests/test_load_postgresql.py", line 164, in <genexpr>
    lambda *args, **kwargs: (_ for _ in ()).throw(RuntimeError("API failure")),
RuntimeError: API failure
2026-10-09 17:07:50,009 | ERROR | pipeline.main | Weather ingestion completed with 1 failed city processing run(s).
2026-10-09 17:12:47,794 | INFO | pipeline.main | Starting Weather Ingestion...
2026-10-09 17:12:47,797 | INFO | pipeline.main | Processing city: Manila
2026-10-09 17:12:47,802 | INFO | pipeline.main | Geocoding extracted for Manila
2026-10-09 17:12:47,814 | INFO | pipeline.main | Geocoding loaded for Manila into geocoding_manila
2026-10-09 17:12:47,816 | INFO | pipeline.main | Raw JSON saved for Manila: /tmp/pytest-of-aldwin/pytest-7/test_pipeline_main_saves_parqu0/manila.json
2026-10-09 17:12:47,820 | INFO | pipeline.main | Weather data transformed for Manila.
2026-10-09 17:12:47,824 | INFO | pipeline.main | Parquet saved for Manila: /tmp/pytest-of-aldwin/pytest-7/test_pipeline_main_saves_parqu0/openweather_Manila.parquet
2026-10-09 17:12:47,825 | INFO | pipeline.main | Loaded 1 row(s) for Manila into openweather_manila.
2026-10-09 17:12:47,827 | INFO | pipeline.main | Checkpoint updated for Manila.
2026-10-09 17:12:47,828 | INFO | pipeline.main | Weather ingestion completed successfully.
2026-10-09 17:12:47,833 | INFO | pipeline.main | Starting Weather Ingestion...
2026-10-09 17:12:47,835 | INFO | pipeline.main | Processing city: Manila
2026-10-09 17:12:47,836 | ERROR | pipeline.main | Failed to process city: Manila
Traceback (most recent call last):
  File "/mnt/c/Users/aldwin/project/weatherflow/pipeline/main.py", line 37, in main
    weather_data = extract_openweather_data(latitude, longitude, city)
  File "/mnt/c/Users/aldwin/project/weatherflow/tests/test_load_postgresql.py", line 164, in <lambda>
    lambda *args, **kwargs: (_ for _ in ()).throw(RuntimeError("API failure")),
                            ~~~~~~~~~~~~~~~~~~~~~^^^^^^^^^^^^^^^^^^^^^^^^^^^^^
  File "/mnt/c/Users/aldwin/project/weatherflow/tests/test_load_postgresql.py", line 164, in <genexpr>
    lambda *args, **kwargs: (_ for _ in ()).throw(RuntimeError("API failure")),
RuntimeError: API failure
2026-10-09 17:12:47,854 | ERROR | pipeline.main | Weather ingestion completed with 1 failed city processing run(s).
2026-10-09 17:15:10,843 | INFO | pipeline.main | Starting Weather Ingestion...
2026-10-09 17:15:10,845 | INFO | pipeline.main | Processing city: Manila
2026-10-09 17:15:10,846 | INFO | pipeline.main | Geocoding extracted for Manila
2026-10-09 17:15:10,849 | INFO | pipeline.main | Geocoding loaded for Manila into geocoding_manila
2026-10-09 17:15:10,850 | INFO | pipeline.main | Raw JSON saved for Manila: /tmp/pytest-of-aldwin/pytest-8/test_pipeline_main_saves_parqu0/manila.json
2026-10-09 17:15:10,853 | INFO | pipeline.main | Weather data transformed for Manila.
2026-10-09 17:15:10,854 | INFO | pipeline.main | Parquet saved for Manila: /tmp/pytest-of-aldwin/pytest-8/test_pipeline_main_saves_parqu0/openweather_Manila.parquet
2026-10-09 17:15:10,855 | INFO | pipeline.main | Loaded 1 row(s) for Manila into openweather_manila.
2026-10-09 17:15:10,856 | INFO | pipeline.main | Checkpoint updated for Manila.
2026-10-09 17:15:10,857 | INFO | pipeline.main | Weather ingestion completed successfully.
2026-10-09 17:15:10,862 | INFO | pipeline.main | Starting Weather Ingestion...
2026-10-09 17:15:10,863 | INFO | pipeline.main | Processing city: Manila
2026-10-09 17:15:10,864 | ERROR | pipeline.main | Failed to process city: Manila
Traceback (most recent call last):
  File "/mnt/c/Users/aldwin/project/weatherflow/pipeline/main.py", line 37, in main
    weather_data = extract_openweather_data(latitude, longitude, city)
  File "/mnt/c/Users/aldwin/project/weatherflow/tests/test_load_postgresql.py", line 164, in <lambda>
    lambda *args, **kwargs: (_ for _ in ()).throw(RuntimeError("API failure")),
                            ~~~~~~~~~~~~~~~~~~~~~^^^^^^^^^^^^^^^^^^^^^^^^^^^^^
  File "/mnt/c/Users/aldwin/project/weatherflow/tests/test_load_postgresql.py", line 164, in <genexpr>
    lambda *args, **kwargs: (_ for _ in ()).throw(RuntimeError("API failure")),
RuntimeError: API failure
2026-10-09 17:15:10,876 | ERROR | pipeline.main | Weather ingestion completed with 1 failed city processing run(s).
2026-10-09 17:16:49,577 | INFO | pipeline.main | Starting Weather Ingestion...
2026-10-09 17:16:49,579 | INFO | pipeline.main | Processing city: Manila
2026-10-09 17:16:49,581 | INFO | pipeline.main | Geocoding extracted for Manila
2026-10-09 17:16:49,589 | INFO | pipeline.main | Geocoding loaded for Manila into geocoding_manila
2026-10-09 17:16:49,590 | INFO | pipeline.main | Raw JSON saved for Manila: /tmp/pytest-of-aldwin/pytest-9/test_pipeline_main_saves_parqu0/manila.json
2026-10-09 17:16:49,593 | INFO | pipeline.main | Weather data transformed for Manila.
2026-10-09 17:16:49,594 | INFO | pipeline.main | Parquet saved for Manila: /tmp/pytest-of-aldwin/pytest-9/test_pipeline_main_saves_parqu0/openweather_Manila.parquet
2026-10-09 17:16:49,595 | INFO | pipeline.main | Loaded 1 row(s) for Manila into openweather_manila.
2026-10-09 17:16:49,597 | INFO | pipeline.main | Checkpoint updated for Manila.
2026-10-09 17:16:49,600 | INFO | pipeline.main | Weather ingestion completed successfully.
2026-10-09 17:16:49,608 | INFO | pipeline.main | Starting Weather Ingestion...
2026-10-09 17:16:49,610 | INFO | pipeline.main | Processing city: Manila
2026-10-09 17:16:49,611 | ERROR | pipeline.main | Failed to process city: Manila
Traceback (most recent call last):
  File "/mnt/c/Users/aldwin/project/weatherflow/pipeline/main.py", line 37, in main
    weather_data = extract_openweather_data(latitude, longitude, city)
  File "/mnt/c/Users/aldwin/project/weatherflow/tests/test_load_postgresql.py", line 164, in <lambda>
    lambda *args, **kwargs: (_ for _ in ()).throw(RuntimeError("API failure")),
                            ~~~~~~~~~~~~~~~~~~~~~^^^^^^^^^^^^^^^^^^^^^^^^^^^^^
  File "/mnt/c/Users/aldwin/project/weatherflow/tests/test_load_postgresql.py", line 164, in <genexpr>
    lambda *args, **kwargs: (_ for _ in ()).throw(RuntimeError("API failure")),
RuntimeError: API failure
2026-10-09 17:16:49,634 | ERROR | pipeline.main | Weather ingestion completed with 1 failed city processing run(s).
2026-10-09 09:19:44,785 | INFO | __main__ | Starting Weather Ingestion...
2026-10-09 09:19:44,786 | INFO | __main__ | Processing city: Manila
2026-10-09 09:19:45,095 | INFO | __main__ | Geocoding extracted for Manila
2026-10-09 09:19:45,215 | INFO | __main__ | Geocoding loaded for Manila into geocoding_manila
2026-10-09 09:19:45,282 | INFO | __main__ | Raw JSON saved for Manila: /app/data/raw/openweather/manila.json
2026-10-09 09:19:45,291 | INFO | __main__ | Weather data transformed for Manila.
2026-10-09 09:19:45,373 | INFO | __main__ | Parquet saved for Manila: /app/data/parquet/openweather/manila.parquet
2026-10-09 09:19:45,481 | INFO | __main__ | Loaded 15 row(s) for Manila into openweather_manila.
2026-10-09 09:19:45,520 | INFO | __main__ | Checkpoint updated for Manila.
2026-10-09 09:19:45,521 | INFO | __main__ | Processing city: Quezon City
2026-10-09 09:19:45,797 | INFO | __main__ | Geocoding extracted for Quezon City
2026-10-09 09:19:45,869 | INFO | __main__ | Geocoding loaded for Quezon City into geocoding_quezon_city
2026-10-09 09:19:45,949 | INFO | __main__ | Raw JSON saved for Quezon City: /app/data/raw/openweather/quezon_city.json
2026-10-09 09:19:45,962 | INFO | __main__ | Weather data transformed for Quezon City.
2026-10-09 09:19:46,105 | INFO | __main__ | Parquet saved for Quezon City: /app/data/parquet/openweather/quezon_city.parquet
2026-10-09 09:19:46,270 | INFO | __main__ | Loaded 17 row(s) for Quezon City into openweather_quezon_city.
2026-10-09 09:19:46,341 | INFO | __main__ | Checkpoint updated for Quezon City.
2026-10-09 09:19:46,342 | INFO | __main__ | Processing city: Cebu City
2026-10-09 09:19:46,628 | INFO | __main__ | Geocoding extracted for Cebu City
2026-10-09 09:19:46,709 | INFO | __main__ | Geocoding loaded for Cebu City into geocoding_cebu_city
2026-10-09 09:19:46,752 | INFO | __main__ | Raw JSON saved for Cebu City: /app/data/raw/openweather/cebu_city.json
2026-10-09 09:19:46,756 | INFO | __main__ | Weather data transformed for Cebu City.
2026-10-09 09:19:46,891 | INFO | __main__ | Parquet saved for Cebu City: /app/data/parquet/openweather/cebu_city.parquet
2026-10-09 09:19:47,054 | INFO | __main__ | Loaded 18 row(s) for Cebu City into openweather_cebu_city.
2026-10-09 09:19:47,112 | INFO | __main__ | Checkpoint updated for Cebu City.
2026-10-09 09:19:47,115 | INFO | __main__ | Processing city: Davao City
2026-10-09 09:19:47,355 | INFO | __main__ | Geocoding extracted for Davao City
2026-10-09 09:19:47,424 | INFO | __main__ | Geocoding loaded for Davao City into geocoding_davao_city
2026-10-09 09:19:47,470 | INFO | __main__ | Raw JSON saved for Davao City: /app/data/raw/openweather/davao_city.json
2026-10-09 09:19:47,477 | INFO | __main__ | Weather data transformed for Davao City.
2026-10-09 09:19:47,593 | INFO | __main__ | Parquet saved for Davao City: /app/data/parquet/openweather/davao_city.parquet
2026-10-09 09:19:47,742 | INFO | __main__ | Loaded 18 row(s) for Davao City into openweather_davao_city.
2026-10-09 09:19:47,792 | INFO | __main__ | Checkpoint updated for Davao City.
2026-10-09 09:19:47,798 | INFO | __main__ | Processing city: Baguio
2026-10-09 09:19:48,127 | INFO | __main__ | Geocoding extracted for Baguio
2026-10-09 09:19:48,198 | INFO | __main__ | Geocoding loaded for Baguio into geocoding_baguio
2026-10-09 09:19:48,281 | INFO | __main__ | Raw JSON saved for Baguio: /app/data/raw/openweather/baguio.json
2026-10-09 09:19:48,291 | INFO | __main__ | Weather data transformed for Baguio.
2026-10-09 09:19:48,359 | INFO | __main__ | Parquet saved for Baguio: /app/data/parquet/openweather/baguio.parquet
2026-10-09 09:19:48,462 | INFO | __main__ | Loaded 16 row(s) for Baguio into openweather_baguio.
2026-10-09 09:19:48,529 | INFO | __main__ | Checkpoint updated for Baguio.
2026-10-09 09:19:48,537 | INFO | __main__ | Processing city: Iloilo City
2026-10-09 09:19:48,794 | INFO | __main__ | Geocoding extracted for Iloilo City
2026-10-09 09:19:48,914 | INFO | __main__ | Geocoding loaded for Iloilo City into geocoding_iloilo_city
2026-10-09 09:19:48,980 | INFO | __main__ | Raw JSON saved for Iloilo City: /app/data/raw/openweather/iloilo_city.json
2026-10-09 09:19:48,987 | INFO | __main__ | Weather data transformed for Iloilo City.
2026-10-09 09:19:49,109 | INFO | __main__ | Parquet saved for Iloilo City: /app/data/parquet/openweather/iloilo_city.parquet
2026-10-09 09:19:49,221 | INFO | __main__ | Loaded 17 row(s) for Iloilo City into openweather_iloilo_city.
2026-10-09 09:19:49,298 | INFO | __main__ | Checkpoint updated for Iloilo City.
2026-10-09 09:19:49,303 | INFO | __main__ | Processing city: Cagayan de Oro
2026-10-09 09:19:49,603 | INFO | __main__ | Geocoding extracted for Cagayan de Oro
2026-10-09 09:19:49,679 | INFO | __main__ | Geocoding loaded for Cagayan de Oro into geocoding_cagayan_de_oro
2026-10-09 09:19:49,738 | INFO | __main__ | Raw JSON saved for Cagayan de Oro: /app/data/raw/openweather/cagayan_de_oro.json
2026-10-09 09:19:49,741 | INFO | __main__ | Weather data transformed for Cagayan de Oro.
2026-10-09 09:19:49,862 | INFO | __main__ | Parquet saved for Cagayan de Oro: /app/data/parquet/openweather/cagayan_de_oro.parquet
2026-10-09 09:19:50,027 | INFO | __main__ | Loaded 16 row(s) for Cagayan de Oro into openweather_cagayan_de_oro.
2026-10-09 09:19:50,069 | INFO | __main__ | Checkpoint updated for Cagayan de Oro.
2026-10-09 09:19:50,073 | INFO | __main__ | Processing city: Zamboanga City
2026-10-09 09:19:50,843 | INFO | __main__ | Geocoding extracted for Zamboanga City
2026-10-09 09:19:50,947 | INFO | __main__ | Geocoding loaded for Zamboanga City into geocoding_zamboanga_city
2026-10-09 09:19:51,012 | INFO | __main__ | Raw JSON saved for Zamboanga City: /app/data/raw/openweather/zamboanga_city.json
2026-10-09 09:19:51,021 | INFO | __main__ | Weather data transformed for Zamboanga City.
2026-10-09 09:19:51,160 | INFO | __main__ | Parquet saved for Zamboanga City: /app/data/parquet/openweather/zamboanga_city.parquet
2026-10-09 09:19:51,336 | INFO | __main__ | Loaded 19 row(s) for Zamboanga City into openweather_zamboanga_city.
2026-10-09 09:19:51,369 | INFO | __main__ | Checkpoint updated for Zamboanga City.
2026-10-09 09:19:51,373 | INFO | __main__ | Weather ingestion completed successfully.
2026-10-09 09:25:32,025 | INFO | __main__ | Starting Weather Ingestion...
2026-10-09 09:25:32,030 | INFO | __main__ | Processing city: Manila
2026-10-09 09:25:32,283 | INFO | __main__ | Geocoding extracted for Manila
2026-10-09 09:25:32,375 | INFO | __main__ | Geocoding loaded for Manila into geocoding_manila
2026-10-09 09:25:32,386 | INFO | __main__ | No new weather data for Manila. Skipping.
2026-10-09 09:25:32,388 | INFO | __main__ | Processing city: Quezon City
2026-10-09 09:25:32,742 | INFO | __main__ | Geocoding extracted for Quezon City
2026-10-09 09:25:32,822 | INFO | __main__ | Geocoding loaded for Quezon City into geocoding_quezon_city
2026-10-09 09:25:32,832 | INFO | __main__ | No new weather data for Quezon City. Skipping.
2026-10-09 09:25:32,833 | INFO | __main__ | Processing city: Cebu City
2026-10-09 09:25:33,078 | INFO | __main__ | Geocoding extracted for Cebu City
2026-10-09 09:25:33,146 | INFO | __main__ | Geocoding loaded for Cebu City into geocoding_cebu_city
2026-10-09 09:25:33,164 | INFO | __main__ | No new weather data for Cebu City. Skipping.
2026-10-09 09:25:33,168 | INFO | __main__ | Processing city: Davao City
2026-10-09 09:25:33,435 | INFO | __main__ | Geocoding extracted for Davao City
2026-10-09 09:25:33,533 | INFO | __main__ | Geocoding loaded for Davao City into geocoding_davao_city
2026-10-09 09:25:33,548 | INFO | __main__ | No new weather data for Davao City. Skipping.
2026-10-09 09:25:33,549 | INFO | __main__ | Processing city: Baguio
2026-10-09 09:25:33,811 | INFO | __main__ | Geocoding extracted for Baguio
2026-10-09 09:25:33,904 | INFO | __main__ | Geocoding loaded for Baguio into geocoding_baguio
2026-10-09 09:25:33,915 | INFO | __main__ | No new weather data for Baguio. Skipping.
2026-10-09 09:25:33,917 | INFO | __main__ | Processing city: Iloilo City
2026-10-09 09:25:34,167 | INFO | __main__ | Geocoding extracted for Iloilo City
2026-10-09 09:25:34,240 | INFO | __main__ | Geocoding loaded for Iloilo City into geocoding_iloilo_city
2026-10-09 09:25:34,256 | INFO | __main__ | No new weather data for Iloilo City. Skipping.
2026-10-09 09:25:34,259 | INFO | __main__ | Processing city: Cagayan de Oro
2026-10-09 09:25:34,564 | INFO | __main__ | Geocoding extracted for Cagayan de Oro
2026-10-09 09:25:34,660 | INFO | __main__ | Geocoding loaded for Cagayan de Oro into geocoding_cagayan_de_oro
2026-10-09 09:25:34,670 | INFO | __main__ | No new weather data for Cagayan de Oro. Skipping.
2026-10-09 09:25:34,672 | INFO | __main__ | Processing city: Zamboanga City
2026-10-09 09:25:34,993 | INFO | __main__ | Geocoding extracted for Zamboanga City
2026-10-09 09:25:35,114 | INFO | __main__ | Geocoding loaded for Zamboanga City into geocoding_zamboanga_city
2026-10-09 09:25:35,123 | INFO | __main__ | No new weather data for Zamboanga City. Skipping.
2026-10-09 09:25:35,125 | INFO | __main__ | Weather ingestion completed successfully.
2026-10-09 09:26:30,926 | INFO | __main__ | Starting Weather Ingestion...
2026-10-09 09:26:30,928 | INFO | __main__ | Processing city: Manila
2026-10-09 09:26:31,212 | INFO | __main__ | Geocoding extracted for Manila
2026-10-09 09:26:31,316 | INFO | __main__ | Geocoding loaded for Manila into geocoding_manila
2026-10-09 09:26:31,328 | INFO | __main__ | No new weather data for Manila. Skipping.
2026-10-09 09:26:31,331 | INFO | __main__ | Processing city: Quezon City
2026-10-09 09:26:31,603 | INFO | __main__ | Geocoding extracted for Quezon City
2026-10-09 09:26:31,683 | INFO | __main__ | Geocoding loaded for Quezon City into geocoding_quezon_city
2026-10-09 09:26:31,701 | INFO | __main__ | No new weather data for Quezon City. Skipping.
2026-10-09 09:26:31,704 | INFO | __main__ | Processing city: Cebu City
2026-10-09 09:26:31,940 | INFO | __main__ | Geocoding extracted for Cebu City
2026-10-09 09:26:32,029 | INFO | __main__ | Geocoding loaded for Cebu City into geocoding_cebu_city
2026-10-09 09:26:32,044 | INFO | __main__ | No new weather data for Cebu City. Skipping.
2026-10-09 09:26:32,046 | INFO | __main__ | Processing city: Davao City
2026-10-09 09:26:32,304 | INFO | __main__ | Geocoding extracted for Davao City
2026-10-09 09:26:32,393 | INFO | __main__ | Geocoding loaded for Davao City into geocoding_davao_city
2026-10-09 09:26:32,406 | INFO | __main__ | No new weather data for Davao City. Skipping.
2026-10-09 09:26:32,407 | INFO | __main__ | Processing city: Baguio
2026-10-09 09:26:32,777 | INFO | __main__ | Geocoding extracted for Baguio
2026-10-09 09:26:32,858 | INFO | __main__ | Geocoding loaded for Baguio into geocoding_baguio
2026-10-09 09:26:32,872 | INFO | __main__ | No new weather data for Baguio. Skipping.
2026-10-09 09:26:32,874 | INFO | __main__ | Processing city: Iloilo City
2026-10-09 09:26:33,171 | INFO | __main__ | Geocoding extracted for Iloilo City
2026-10-09 09:26:33,268 | INFO | __main__ | Geocoding loaded for Iloilo City into geocoding_iloilo_city
2026-10-09 09:26:33,278 | INFO | __main__ | No new weather data for Iloilo City. Skipping.
2026-10-09 09:26:33,280 | INFO | __main__ | Processing city: Cagayan de Oro
2026-10-09 09:26:33,520 | INFO | __main__ | Geocoding extracted for Cagayan de Oro
2026-10-09 09:26:33,605 | INFO | __main__ | Geocoding loaded for Cagayan de Oro into geocoding_cagayan_de_oro
2026-10-09 09:26:33,616 | INFO | __main__ | No new weather data for Cagayan de Oro. Skipping.
2026-10-09 09:26:33,618 | INFO | __main__ | Processing city: Zamboanga City
2026-10-09 09:26:33,865 | INFO | __main__ | Geocoding extracted for Zamboanga City
2026-10-09 09:26:33,959 | INFO | __main__ | Geocoding loaded for Zamboanga City into geocoding_zamboanga_city
2026-10-09 09:26:33,971 | INFO | __main__ | No new weather data for Zamboanga City. Skipping.
2026-10-09 09:26:33,974 | INFO | __main__ | Weather ingestion completed successfully.
2026-10-09 09:28:37,279 | INFO | __main__ | Starting Weather Ingestion...
2026-10-09 09:28:37,285 | INFO | __main__ | Processing city: Manila
2026-10-09 09:28:37,599 | INFO | __main__ | Geocoding extracted for Manila
2026-10-09 09:28:37,684 | INFO | __main__ | Geocoding loaded for Manila into geocoding_manila
2026-10-09 09:28:37,719 | ERROR | __main__ | Failed to process city: Manila
Traceback (most recent call last):
  File "/app/pipeline/main.py", line 62, in main
    output_file = save_json(data=weather_data, city=city, source="openweather")
  File "/app/pipeline/ingestion/save_json.py", line 67, in save_json
    record = _prepare_weather_record(data=data, city=city, source=source)
             ^^^^^^^^^^^^^^^^^^^^^^^
NameError: name '_prepare_weather_record' is not defined
2026-10-09 09:28:37,723 | INFO | __main__ | Processing city: Quezon City
2026-10-09 09:28:38,009 | INFO | __main__ | Geocoding extracted for Quezon City
2026-10-09 09:28:38,110 | INFO | __main__ | Geocoding loaded for Quezon City into geocoding_quezon_city
2026-10-09 09:28:38,123 | INFO | __main__ | No new weather data for Quezon City. Skipping.
2026-10-09 09:28:38,125 | INFO | __main__ | Processing city: Cebu City
2026-10-09 09:28:38,412 | INFO | __main__ | Geocoding extracted for Cebu City
2026-10-09 09:28:38,508 | INFO | __main__ | Geocoding loaded for Cebu City into geocoding_cebu_city
2026-10-09 09:28:38,543 | ERROR | __main__ | Failed to process city: Cebu City
Traceback (most recent call last):
  File "/app/pipeline/main.py", line 62, in main
    output_file = save_json(data=weather_data, city=city, source="openweather")
  File "/app/pipeline/ingestion/save_json.py", line 67, in save_json
    record = _prepare_weather_record(data=data, city=city, source=source)
             ^^^^^^^^^^^^^^^^^^^^^^^
NameError: name '_prepare_weather_record' is not defined
2026-10-09 09:28:38,545 | INFO | __main__ | Processing city: Davao City
2026-10-09 09:28:38,770 | INFO | __main__ | Geocoding extracted for Davao City
2026-10-09 09:28:38,885 | INFO | __main__ | Geocoding loaded for Davao City into geocoding_davao_city
2026-10-09 09:28:38,903 | INFO | __main__ | No new weather data for Davao City. Skipping.
2026-10-09 09:28:38,906 | INFO | __main__ | Processing city: Baguio
2026-10-09 09:28:39,152 | INFO | __main__ | Geocoding extracted for Baguio
2026-10-09 09:28:39,239 | INFO | __main__ | Geocoding loaded for Baguio into geocoding_baguio
2026-10-09 09:28:39,262 | ERROR | __main__ | Failed to process city: Baguio
Traceback (most recent call last):
  File "/app/pipeline/main.py", line 62, in main
    output_file = save_json(data=weather_data, city=city, source="openweather")
  File "/app/pipeline/ingestion/save_json.py", line 67, in save_json
    record = _prepare_weather_record(data=data, city=city, source=source)
             ^^^^^^^^^^^^^^^^^^^^^^^
NameError: name '_prepare_weather_record' is not defined
2026-10-09 09:28:39,263 | INFO | __main__ | Processing city: Iloilo City
2026-10-09 09:28:39,533 | INFO | __main__ | Geocoding extracted for Iloilo City
2026-10-09 09:28:39,617 | INFO | __main__ | Geocoding loaded for Iloilo City into geocoding_iloilo_city
2026-10-09 09:28:39,632 | INFO | __main__ | No new weather data for Iloilo City. Skipping.
2026-10-09 09:28:39,635 | INFO | __main__ | Processing city: Cagayan de Oro
2026-10-09 09:28:39,850 | INFO | __main__ | Geocoding extracted for Cagayan de Oro
2026-10-09 09:28:39,955 | INFO | __main__ | Geocoding loaded for Cagayan de Oro into geocoding_cagayan_de_oro
2026-10-09 09:28:39,970 | INFO | __main__ | No new weather data for Cagayan de Oro. Skipping.
2026-10-09 09:28:39,972 | INFO | __main__ | Processing city: Zamboanga City
2026-10-09 09:28:40,254 | INFO | __main__ | Geocoding extracted for Zamboanga City
2026-10-09 09:28:40,335 | INFO | __main__ | Geocoding loaded for Zamboanga City into geocoding_zamboanga_city
2026-10-09 09:28:40,344 | INFO | __main__ | No new weather data for Zamboanga City. Skipping.
2026-10-09 09:28:40,345 | ERROR | __main__ | Weather ingestion completed with 3 failed city processing run(s).
2026-10-09 09:30:19,000 | INFO | __main__ | Starting Weather Ingestion...
2026-10-09 09:30:19,003 | INFO | __main__ | Processing city: Manila
2026-10-09 09:30:19,298 | INFO | __main__ | Geocoding extracted for Manila
2026-10-09 09:30:19,440 | INFO | __main__ | Geocoding loaded for Manila into geocoding_manila
2026-10-09 09:30:19,461 | ERROR | __main__ | Failed to process city: Manila
Traceback (most recent call last):
  File "/app/pipeline/main.py", line 62, in main
    output_file = save_json(data=weather_data, city=city, source="openweather")
  File "/app/pipeline/ingestion/save_json.py", line 67, in save_json
    record = _prepare_weather_record(data=data, city=city, source=source)
             ^^^^^^^^^^^^^^^^^^^^^^^
NameError: name '_prepare_weather_record' is not defined
2026-10-09 09:30:19,464 | INFO | __main__ | Processing city: Quezon City
2026-10-09 09:30:19,734 | INFO | __main__ | Geocoding extracted for Quezon City
2026-10-09 09:30:19,848 | INFO | __main__ | Geocoding loaded for Quezon City into geocoding_quezon_city
2026-10-09 09:30:19,873 | ERROR | __main__ | Failed to process city: Quezon City
Traceback (most recent call last):
  File "/app/pipeline/main.py", line 62, in main
    output_file = save_json(data=weather_data, city=city, source="openweather")
  File "/app/pipeline/ingestion/save_json.py", line 67, in save_json
    record = _prepare_weather_record(data=data, city=city, source=source)
             ^^^^^^^^^^^^^^^^^^^^^^^
NameError: name '_prepare_weather_record' is not defined
2026-10-09 09:30:19,876 | INFO | __main__ | Processing city: Cebu City
2026-10-09 09:30:20,097 | INFO | __main__ | Geocoding extracted for Cebu City
2026-10-09 09:30:20,217 | INFO | __main__ | Geocoding loaded for Cebu City into geocoding_cebu_city
2026-10-09 09:30:20,240 | ERROR | __main__ | Failed to process city: Cebu City
Traceback (most recent call last):
  File "/app/pipeline/main.py", line 62, in main
    output_file = save_json(data=weather_data, city=city, source="openweather")
  File "/app/pipeline/ingestion/save_json.py", line 67, in save_json
    record = _prepare_weather_record(data=data, city=city, source=source)
             ^^^^^^^^^^^^^^^^^^^^^^^
NameError: name '_prepare_weather_record' is not defined
2026-10-09 09:30:20,243 | INFO | __main__ | Processing city: Davao City
2026-10-09 09:30:20,466 | INFO | __main__ | Geocoding extracted for Davao City
2026-10-09 09:30:20,549 | INFO | __main__ | Geocoding loaded for Davao City into geocoding_davao_city
2026-10-09 09:30:20,573 | ERROR | __main__ | Failed to process city: Davao City
Traceback (most recent call last):
  File "/app/pipeline/main.py", line 62, in main
    output_file = save_json(data=weather_data, city=city, source="openweather")
  File "/app/pipeline/ingestion/save_json.py", line 67, in save_json
    record = _prepare_weather_record(data=data, city=city, source=source)
             ^^^^^^^^^^^^^^^^^^^^^^^
NameError: name '_prepare_weather_record' is not defined
2026-10-09 09:30:20,577 | INFO | __main__ | Processing city: Baguio
2026-10-09 09:30:20,861 | INFO | __main__ | Geocoding extracted for Baguio
2026-10-09 09:30:20,932 | INFO | __main__ | Geocoding loaded for Baguio into geocoding_baguio
2026-10-09 09:30:20,962 | ERROR | __main__ | Failed to process city: Baguio
Traceback (most recent call last):
  File "/app/pipeline/main.py", line 62, in main
    output_file = save_json(data=weather_data, city=city, source="openweather")
  File "/app/pipeline/ingestion/save_json.py", line 67, in save_json
    record = _prepare_weather_record(data=data, city=city, source=source)
             ^^^^^^^^^^^^^^^^^^^^^^^
NameError: name '_prepare_weather_record' is not defined
2026-10-09 09:30:20,965 | INFO | __main__ | Processing city: Iloilo City
2026-10-09 09:30:21,324 | INFO | __main__ | Geocoding extracted for Iloilo City
2026-10-09 09:30:21,397 | INFO | __main__ | Geocoding loaded for Iloilo City into geocoding_iloilo_city
2026-10-09 09:30:21,409 | ERROR | __main__ | Failed to process city: Iloilo City
Traceback (most recent call last):
  File "/app/pipeline/main.py", line 62, in main
    output_file = save_json(data=weather_data, city=city, source="openweather")
  File "/app/pipeline/ingestion/save_json.py", line 67, in save_json
    record = _prepare_weather_record(data=data, city=city, source=source)
             ^^^^^^^^^^^^^^^^^^^^^^^
NameError: name '_prepare_weather_record' is not defined
2026-10-09 09:30:21,411 | INFO | __main__ | Processing city: Cagayan de Oro
2026-10-09 09:30:21,686 | INFO | __main__ | Geocoding extracted for Cagayan de Oro
2026-10-09 09:30:21,784 | INFO | __main__ | Geocoding loaded for Cagayan de Oro into geocoding_cagayan_de_oro
2026-10-09 09:30:21,800 | ERROR | __main__ | Failed to process city: Cagayan de Oro
Traceback (most recent call last):
  File "/app/pipeline/main.py", line 62, in main
    output_file = save_json(data=weather_data, city=city, source="openweather")
  File "/app/pipeline/ingestion/save_json.py", line 67, in save_json
    record = _prepare_weather_record(data=data, city=city, source=source)
             ^^^^^^^^^^^^^^^^^^^^^^^
NameError: name '_prepare_weather_record' is not defined
2026-10-09 09:30:21,802 | INFO | __main__ | Processing city: Zamboanga City
2026-10-09 09:30:22,014 | INFO | __main__ | Geocoding extracted for Zamboanga City
2026-10-09 09:30:22,278 | INFO | __main__ | Geocoding loaded for Zamboanga City into geocoding_zamboanga_city
2026-10-09 09:30:22,308 | ERROR | __main__ | Failed to process city: Zamboanga City
Traceback (most recent call last):
  File "/app/pipeline/main.py", line 62, in main
    output_file = save_json(data=weather_data, city=city, source="openweather")
  File "/app/pipeline/ingestion/save_json.py", line 67, in save_json
    record = _prepare_weather_record(data=data, city=city, source=source)
             ^^^^^^^^^^^^^^^^^^^^^^^
NameError: name '_prepare_weather_record' is not defined
2026-10-09 09:30:22,311 | ERROR | __main__ | Weather ingestion completed with 8 failed city processing run(s).
2026-10-09 17:36:17,544 | INFO | pipeline.main | Starting Weather Ingestion...
2026-10-09 17:36:17,546 | INFO | pipeline.main | Processing city: Manila
2026-10-09 17:36:17,548 | INFO | pipeline.main | Geocoding extracted for Manila
2026-10-09 17:36:17,557 | INFO | pipeline.main | Geocoding loaded for Manila into geocoding_manila
2026-10-09 17:36:17,562 | INFO | pipeline.main | Raw JSON saved for Manila: /tmp/pytest-of-aldwin/pytest-11/test_pipeline_main_saves_parqu0/manila.json
2026-10-09 17:36:17,568 | INFO | pipeline.main | Weather data transformed for Manila.
2026-10-09 17:36:17,572 | INFO | pipeline.main | Parquet saved for Manila: /tmp/pytest-of-aldwin/pytest-11/test_pipeline_main_saves_parqu0/openweather_Manila.parquet
2026-10-09 17:36:17,576 | INFO | pipeline.main | Loaded 1 row(s) for Manila into openweather_manila.
2026-10-09 17:36:17,580 | INFO | pipeline.main | Checkpoint updated for Manila.
2026-10-09 17:36:17,583 | INFO | pipeline.main | Weather ingestion completed successfully.
2026-10-09 17:36:17,596 | INFO | pipeline.main | Starting Weather Ingestion...
2026-10-09 17:36:17,598 | INFO | pipeline.main | Processing city: Manila
2026-10-09 17:36:17,600 | ERROR | pipeline.main | Failed to process city: Manila
Traceback (most recent call last):
  File "/mnt/c/Users/aldwin/project/weatherflow/pipeline/main.py", line 37, in main
    weather_data = extract_openweather_data(latitude, longitude, city)
  File "/mnt/c/Users/aldwin/project/weatherflow/tests/test_load_postgresql.py", line 164, in <lambda>
    lambda *args, **kwargs: (_ for _ in ()).throw(RuntimeError("API failure")),
                            ~~~~~~~~~~~~~~~~~~~~~^^^^^^^^^^^^^^^^^^^^^^^^^^^^^
  File "/mnt/c/Users/aldwin/project/weatherflow/tests/test_load_postgresql.py", line 164, in <genexpr>
    lambda *args, **kwargs: (_ for _ in ()).throw(RuntimeError("API failure")),
RuntimeError: API failure
2026-10-09 17:36:17,624 | ERROR | pipeline.main | Weather ingestion completed with 1 failed city processing run(s).
2026-10-09 09:37:45,735 | INFO | __main__ | Starting Weather Ingestion...
2026-10-09 09:37:45,736 | INFO | __main__ | Processing city: Manila
2026-10-09 09:37:46,039 | INFO | __main__ | Geocoding extracted for Manila
2026-10-09 09:37:46,124 | INFO | __main__ | Geocoding loaded for Manila into geocoding_manila
2026-10-09 09:37:46,141 | INFO | __main__ | No new weather data for Manila. Skipping.
2026-10-09 09:37:46,144 | INFO | __main__ | Processing city: Quezon City
2026-10-09 09:37:46,407 | INFO | __main__ | Geocoding extracted for Quezon City
2026-10-09 09:37:46,506 | INFO | __main__ | Geocoding loaded for Quezon City into geocoding_quezon_city
2026-10-09 09:37:46,561 | INFO | __main__ | Raw JSON saved for Quezon City: /app/data/raw/openweather/quezon_city.json
2026-10-09 09:37:46,571 | INFO | __main__ | Weather data transformed for Quezon City.
2026-10-09 09:37:46,715 | INFO | __main__ | Parquet saved for Quezon City: /app/data/parquet/openweather/quezon_city.parquet
2026-10-09 09:37:46,861 | INFO | __main__ | Loaded 18 row(s) for Quezon City into openweather_quezon_city.
2026-10-09 09:37:46,918 | INFO | __main__ | Checkpoint updated for Quezon City.
2026-10-09 09:37:46,923 | INFO | __main__ | Processing city: Cebu City
2026-10-09 09:37:47,185 | INFO | __main__ | Geocoding extracted for Cebu City
2026-10-09 09:37:47,256 | INFO | __main__ | Geocoding loaded for Cebu City into geocoding_cebu_city
2026-10-09 09:37:47,307 | INFO | __main__ | Raw JSON saved for Cebu City: /app/data/raw/openweather/cebu_city.json
2026-10-09 09:37:47,317 | INFO | __main__ | Weather data transformed for Cebu City.
2026-10-09 09:37:47,461 | INFO | __main__ | Parquet saved for Cebu City: /app/data/parquet/openweather/cebu_city.parquet
2026-10-09 09:37:47,582 | INFO | __main__ | Loaded 19 row(s) for Cebu City into openweather_cebu_city.
2026-10-09 09:37:47,635 | INFO | __main__ | Checkpoint updated for Cebu City.
2026-10-09 09:37:47,641 | INFO | __main__ | Processing city: Davao City
2026-10-09 09:37:47,848 | INFO | __main__ | Geocoding extracted for Davao City
2026-10-09 09:37:47,923 | INFO | __main__ | Geocoding loaded for Davao City into geocoding_davao_city
2026-10-09 09:37:47,986 | INFO | __main__ | Raw JSON saved for Davao City: /app/data/raw/openweather/davao_city.json
2026-10-09 09:37:47,992 | INFO | __main__ | Weather data transformed for Davao City.
2026-10-09 09:37:48,144 | INFO | __main__ | Parquet saved for Davao City: /app/data/parquet/openweather/davao_city.parquet
2026-10-09 09:37:48,263 | INFO | __main__ | Loaded 19 row(s) for Davao City into openweather_davao_city.
2026-10-09 09:37:48,309 | INFO | __main__ | Checkpoint updated for Davao City.
2026-10-09 09:37:48,310 | INFO | __main__ | Processing city: Baguio
2026-10-09 09:37:48,603 | INFO | __main__ | Geocoding extracted for Baguio
2026-10-09 09:37:48,684 | INFO | __main__ | Geocoding loaded for Baguio into geocoding_baguio
2026-10-09 09:37:48,729 | INFO | __main__ | Raw JSON saved for Baguio: /app/data/raw/openweather/baguio.json
2026-10-09 09:37:48,732 | INFO | __main__ | Weather data transformed for Baguio.
2026-10-09 09:37:48,832 | INFO | __main__ | Parquet saved for Baguio: /app/data/parquet/openweather/baguio.parquet
2026-10-09 09:37:48,947 | INFO | __main__ | Loaded 17 row(s) for Baguio into openweather_baguio.
2026-10-09 09:37:49,014 | INFO | __main__ | Checkpoint updated for Baguio.
2026-10-09 09:37:49,023 | INFO | __main__ | Processing city: Iloilo City
2026-10-09 09:37:49,362 | INFO | __main__ | Geocoding extracted for Iloilo City
2026-10-09 09:37:49,463 | INFO | __main__ | Geocoding loaded for Iloilo City into geocoding_iloilo_city
2026-10-09 09:37:49,518 | INFO | __main__ | Raw JSON saved for Iloilo City: /app/data/raw/openweather/iloilo_city.json
2026-10-09 09:37:49,538 | INFO | __main__ | Weather data transformed for Iloilo City.
2026-10-09 09:37:49,655 | INFO | __main__ | Parquet saved for Iloilo City: /app/data/parquet/openweather/iloilo_city.parquet
2026-10-09 09:37:49,889 | INFO | __main__ | Loaded 18 row(s) for Iloilo City into openweather_iloilo_city.
2026-10-09 09:37:49,932 | INFO | __main__ | Checkpoint updated for Iloilo City.
2026-10-09 09:37:49,934 | INFO | __main__ | Processing city: Cagayan de Oro
2026-10-09 09:37:50,168 | INFO | __main__ | Geocoding extracted for Cagayan de Oro
2026-10-09 09:37:50,241 | INFO | __main__ | Geocoding loaded for Cagayan de Oro into geocoding_cagayan_de_oro
2026-10-09 09:37:50,307 | INFO | __main__ | Raw JSON saved for Cagayan de Oro: /app/data/raw/openweather/cagayan_de_oro.json
2026-10-09 09:37:50,311 | INFO | __main__ | Weather data transformed for Cagayan de Oro.
2026-10-09 09:37:50,463 | INFO | __main__ | Parquet saved for Cagayan de Oro: /app/data/parquet/openweather/cagayan_de_oro.parquet
2026-10-09 09:37:50,566 | INFO | __main__ | Loaded 17 row(s) for Cagayan de Oro into openweather_cagayan_de_oro.
2026-10-09 09:37:50,607 | INFO | __main__ | Checkpoint updated for Cagayan de Oro.
2026-10-09 09:37:50,613 | INFO | __main__ | Processing city: Zamboanga City
2026-10-09 09:37:50,838 | INFO | __main__ | Geocoding extracted for Zamboanga City
2026-10-09 09:37:50,950 | INFO | __main__ | Geocoding loaded for Zamboanga City into geocoding_zamboanga_city
2026-10-09 09:37:51,016 | INFO | __main__ | Raw JSON saved for Zamboanga City: /app/data/raw/openweather/zamboanga_city.json
2026-10-09 09:37:51,023 | INFO | __main__ | Weather data transformed for Zamboanga City.
2026-10-09 09:37:51,161 | INFO | __main__ | Parquet saved for Zamboanga City: /app/data/parquet/openweather/zamboanga_city.parquet
2026-10-09 09:37:51,271 | INFO | __main__ | Loaded 20 row(s) for Zamboanga City into openweather_zamboanga_city.
2026-10-09 09:37:51,319 | INFO | __main__ | Checkpoint updated for Zamboanga City.
2026-10-09 09:37:51,324 | INFO | __main__ | Weather ingestion completed successfully.
2026-10-09 09:39:19,973 | INFO | __main__ | Starting Weather Ingestion...
2026-10-09 09:39:19,980 | INFO | __main__ | Processing city: Manila
2026-10-09 09:39:20,230 | INFO | __main__ | Geocoding extracted for Manila
2026-10-09 09:39:20,311 | INFO | __main__ | Geocoding loaded for Manila into geocoding_manila
2026-10-09 09:39:20,366 | INFO | __main__ | Raw JSON saved for Manila: /app/data/raw/openweather/manila.json
2026-10-09 09:39:20,370 | INFO | __main__ | Weather data transformed for Manila.
2026-10-09 09:39:20,490 | INFO | __main__ | Parquet saved for Manila: /app/data/parquet/openweather/manila.parquet
2026-10-09 09:39:20,622 | INFO | __main__ | Loaded 16 row(s) for Manila into openweather_manila.
2026-10-09 09:39:20,665 | INFO | __main__ | Checkpoint updated for Manila.
2026-10-09 09:39:20,667 | INFO | __main__ | Processing city: Quezon City
2026-10-09 09:39:20,937 | INFO | __main__ | Geocoding extracted for Quezon City
2026-10-09 09:39:21,030 | INFO | __main__ | Geocoding loaded for Quezon City into geocoding_quezon_city
2026-10-09 09:39:21,047 | INFO | __main__ | No new weather data for Quezon City. Skipping.
2026-10-09 09:39:21,050 | INFO | __main__ | Processing city: Cebu City
2026-10-09 09:39:21,327 | INFO | __main__ | Geocoding extracted for Cebu City
2026-10-09 09:39:21,395 | INFO | __main__ | Geocoding loaded for Cebu City into geocoding_cebu_city
2026-10-09 09:39:21,432 | INFO | __main__ | Raw JSON saved for Cebu City: /app/data/raw/openweather/cebu_city.json
2026-10-09 09:39:21,435 | INFO | __main__ | Weather data transformed for Cebu City.
2026-10-09 09:39:21,545 | INFO | __main__ | Parquet saved for Cebu City: /app/data/parquet/openweather/cebu_city.parquet
2026-10-09 09:39:21,954 | INFO | __main__ | Loaded 20 row(s) for Cebu City into openweather_cebu_city.
2026-10-09 09:39:21,997 | INFO | __main__ | Checkpoint updated for Cebu City.
2026-10-09 09:39:22,001 | INFO | __main__ | Processing city: Davao City
2026-10-09 09:39:22,281 | INFO | __main__ | Geocoding extracted for Davao City
2026-10-09 09:39:22,351 | INFO | __main__ | Geocoding loaded for Davao City into geocoding_davao_city
2026-10-09 09:39:22,366 | INFO | __main__ | No new weather data for Davao City. Skipping.
2026-10-09 09:39:22,367 | INFO | __main__ | Processing city: Baguio
2026-10-09 09:39:22,636 | INFO | __main__ | Geocoding extracted for Baguio
2026-10-09 09:39:22,729 | INFO | __main__ | Geocoding loaded for Baguio into geocoding_baguio
2026-10-09 09:39:22,784 | INFO | __main__ | Raw JSON saved for Baguio: /app/data/raw/openweather/baguio.json
2026-10-09 09:39:22,787 | INFO | __main__ | Weather data transformed for Baguio.
2026-10-09 09:39:22,912 | INFO | __main__ | Parquet saved for Baguio: /app/data/parquet/openweather/baguio.parquet
2026-10-09 09:39:23,024 | INFO | __main__ | Loaded 18 row(s) for Baguio into openweather_baguio.
2026-10-09 09:39:23,101 | INFO | __main__ | Checkpoint updated for Baguio.
2026-10-09 09:39:23,108 | INFO | __main__ | Processing city: Iloilo City
2026-10-09 09:39:23,357 | INFO | __main__ | Geocoding extracted for Iloilo City
2026-10-09 09:39:23,430 | INFO | __main__ | Geocoding loaded for Iloilo City into geocoding_iloilo_city
2026-10-09 09:39:23,441 | INFO | __main__ | No new weather data for Iloilo City. Skipping.
2026-10-09 09:39:23,442 | INFO | __main__ | Processing city: Cagayan de Oro
2026-10-09 09:39:23,682 | INFO | __main__ | Geocoding extracted for Cagayan de Oro
2026-10-09 09:39:23,771 | INFO | __main__ | Geocoding loaded for Cagayan de Oro into geocoding_cagayan_de_oro
2026-10-09 09:39:23,790 | INFO | __main__ | No new weather data for Cagayan de Oro. Skipping.
2026-10-09 09:39:23,792 | INFO | __main__ | Processing city: Zamboanga City
2026-10-09 09:39:24,038 | INFO | __main__ | Geocoding extracted for Zamboanga City
2026-10-09 09:39:24,124 | INFO | __main__ | Geocoding loaded for Zamboanga City into geocoding_zamboanga_city
2026-10-09 09:39:24,134 | INFO | __main__ | No new weather data for Zamboanga City. Skipping.
2026-10-09 09:39:24,135 | INFO | __main__ | Weather ingestion completed successfully.
2026-10-09 09:39:54,734 | INFO | __main__ | Starting Weather Ingestion...
2026-10-09 09:39:54,736 | INFO | __main__ | Processing city: Manila
2026-10-09 09:39:55,013 | INFO | __main__ | Geocoding extracted for Manila
2026-10-09 09:39:55,123 | INFO | __main__ | Geocoding loaded for Manila into geocoding_manila
2026-10-09 09:39:55,138 | INFO | __main__ | No new weather data for Manila. Skipping.
2026-10-09 09:39:55,140 | INFO | __main__ | Processing city: Quezon City
2026-10-09 09:39:55,450 | INFO | __main__ | Geocoding extracted for Quezon City
2026-10-09 09:39:55,546 | INFO | __main__ | Geocoding loaded for Quezon City into geocoding_quezon_city
2026-10-09 09:39:55,557 | INFO | __main__ | No new weather data for Quezon City. Skipping.
2026-10-09 09:39:55,558 | INFO | __main__ | Processing city: Cebu City
2026-10-09 09:39:55,800 | INFO | __main__ | Geocoding extracted for Cebu City
2026-10-09 09:39:55,870 | INFO | __main__ | Geocoding loaded for Cebu City into geocoding_cebu_city
2026-10-09 09:39:55,881 | INFO | __main__ | No new weather data for Cebu City. Skipping.
2026-10-09 09:39:55,883 | INFO | __main__ | Processing city: Davao City
2026-10-09 09:39:56,126 | INFO | __main__ | Geocoding extracted for Davao City
2026-10-09 09:39:56,220 | INFO | __main__ | Geocoding loaded for Davao City into geocoding_davao_city
2026-10-09 09:39:56,230 | INFO | __main__ | No new weather data for Davao City. Skipping.
2026-10-09 09:39:56,232 | INFO | __main__ | Processing city: Baguio
2026-10-09 09:39:56,498 | INFO | __main__ | Geocoding extracted for Baguio
2026-10-09 09:39:56,597 | INFO | __main__ | Geocoding loaded for Baguio into geocoding_baguio
2026-10-09 09:39:56,619 | INFO | __main__ | No new weather data for Baguio. Skipping.
2026-10-09 09:39:56,622 | INFO | __main__ | Processing city: Iloilo City
2026-10-09 09:39:56,896 | INFO | __main__ | Geocoding extracted for Iloilo City
2026-10-09 09:39:56,967 | INFO | __main__ | Geocoding loaded for Iloilo City into geocoding_iloilo_city
2026-10-09 09:39:56,983 | INFO | __main__ | No new weather data for Iloilo City. Skipping.
2026-10-09 09:39:56,985 | INFO | __main__ | Processing city: Cagayan de Oro
2026-10-09 09:39:57,234 | INFO | __main__ | Geocoding extracted for Cagayan de Oro
2026-10-09 09:39:57,316 | INFO | __main__ | Geocoding loaded for Cagayan de Oro into geocoding_cagayan_de_oro
2026-10-09 09:39:57,335 | INFO | __main__ | No new weather data for Cagayan de Oro. Skipping.
2026-10-09 09:39:57,337 | INFO | __main__ | Processing city: Zamboanga City
2026-10-09 09:39:57,550 | INFO | __main__ | Geocoding extracted for Zamboanga City
2026-10-09 09:39:57,623 | INFO | __main__ | Geocoding loaded for Zamboanga City into geocoding_zamboanga_city
2026-10-09 09:39:57,639 | INFO | __main__ | No new weather data for Zamboanga City. Skipping.
2026-10-09 09:39:57,641 | INFO | __main__ | Weather ingestion completed successfully.
2026-10-09 09:58:32,726 | INFO | __main__ | Starting Weather Ingestion...
2026-10-09 09:58:32,732 | INFO | __main__ | Processing city: Manila
2026-10-09 09:58:33,226 | INFO | __main__ | Geocoding extracted for Manila
2026-10-09 09:58:33,344 | INFO | __main__ | Geocoding loaded for Manila into geocoding_manila
2026-10-09 09:58:33,413 | INFO | __main__ | Raw JSON saved for Manila: /app/data/raw/openweather/manila.json
2026-10-09 09:58:33,424 | INFO | __main__ | Weather data transformed for Manila.
2026-10-09 09:58:33,598 | INFO | __main__ | Parquet saved for Manila: /app/data/parquet/openweather/manila.parquet
2026-10-09 09:58:33,800 | INFO | __main__ | Loaded 17 row(s) for Manila into openweather_manila.
2026-10-09 09:58:33,842 | INFO | __main__ | Checkpoint updated for Manila.
2026-10-09 09:58:33,843 | INFO | __main__ | Processing city: Quezon City
2026-10-09 09:58:34,105 | INFO | __main__ | Geocoding extracted for Quezon City
2026-10-09 09:58:34,189 | INFO | __main__ | Geocoding loaded for Quezon City into geocoding_quezon_city
2026-10-09 09:58:34,244 | INFO | __main__ | Raw JSON saved for Quezon City: /app/data/raw/openweather/quezon_city.json
2026-10-09 09:58:34,250 | INFO | __main__ | Weather data transformed for Quezon City.
2026-10-09 09:58:34,363 | INFO | __main__ | Parquet saved for Quezon City: /app/data/parquet/openweather/quezon_city.parquet
2026-10-09 09:58:34,488 | INFO | __main__ | Loaded 19 row(s) for Quezon City into openweather_quezon_city.
2026-10-09 09:58:34,528 | INFO | __main__ | Checkpoint updated for Quezon City.
2026-10-09 09:58:34,531 | INFO | __main__ | Processing city: Cebu City
2026-10-09 09:58:34,796 | INFO | __main__ | Geocoding extracted for Cebu City
2026-10-09 09:58:34,905 | INFO | __main__ | Geocoding loaded for Cebu City into geocoding_cebu_city
2026-10-09 09:58:35,014 | INFO | __main__ | Raw JSON saved for Cebu City: /app/data/raw/openweather/cebu_city.json
2026-10-09 09:58:35,018 | INFO | __main__ | Weather data transformed for Cebu City.
2026-10-09 09:58:35,094 | INFO | __main__ | Parquet saved for Cebu City: /app/data/parquet/openweather/cebu_city.parquet
2026-10-09 09:58:35,214 | INFO | __main__ | Loaded 21 row(s) for Cebu City into openweather_cebu_city.
2026-10-09 09:58:35,258 | INFO | __main__ | Checkpoint updated for Cebu City.
2026-10-09 09:58:35,260 | INFO | __main__ | Processing city: Davao City
2026-10-09 09:58:35,592 | INFO | __main__ | Geocoding extracted for Davao City
2026-10-09 09:58:35,679 | INFO | __main__ | Geocoding loaded for Davao City into geocoding_davao_city
2026-10-09 09:58:35,719 | INFO | __main__ | Raw JSON saved for Davao City: /app/data/raw/openweather/davao_city.json
2026-10-09 09:58:35,723 | INFO | __main__ | Weather data transformed for Davao City.
2026-10-09 09:58:35,820 | INFO | __main__ | Parquet saved for Davao City: /app/data/parquet/openweather/davao_city.parquet
2026-10-09 09:58:35,957 | INFO | __main__ | Loaded 20 row(s) for Davao City into openweather_davao_city.
2026-10-09 09:58:35,995 | INFO | __main__ | Checkpoint updated for Davao City.
2026-10-09 09:58:35,996 | INFO | __main__ | Processing city: Baguio
2026-10-09 09:58:36,236 | INFO | __main__ | Geocoding extracted for Baguio
2026-10-09 09:58:36,317 | INFO | __main__ | Geocoding loaded for Baguio into geocoding_baguio
2026-10-09 09:58:36,386 | INFO | __main__ | Raw JSON saved for Baguio: /app/data/raw/openweather/baguio.json
2026-10-09 09:58:36,401 | INFO | __main__ | Weather data transformed for Baguio.
2026-10-09 09:58:36,573 | INFO | __main__ | Parquet saved for Baguio: /app/data/parquet/openweather/baguio.parquet
2026-10-09 09:58:36,743 | INFO | __main__ | Loaded 19 row(s) for Baguio into openweather_baguio.
2026-10-09 09:58:36,794 | INFO | __main__ | Checkpoint updated for Baguio.
2026-10-09 09:58:36,801 | INFO | __main__ | Processing city: Iloilo City
2026-10-09 09:58:37,135 | INFO | __main__ | Geocoding extracted for Iloilo City
2026-10-09 09:58:37,215 | INFO | __main__ | Geocoding loaded for Iloilo City into geocoding_iloilo_city
2026-10-09 09:58:37,272 | INFO | __main__ | Raw JSON saved for Iloilo City: /app/data/raw/openweather/iloilo_city.json
2026-10-09 09:58:37,280 | INFO | __main__ | Weather data transformed for Iloilo City.
2026-10-09 09:58:37,431 | INFO | __main__ | Parquet saved for Iloilo City: /app/data/parquet/openweather/iloilo_city.parquet
2026-10-09 09:58:37,572 | INFO | __main__ | Loaded 19 row(s) for Iloilo City into openweather_iloilo_city.
2026-10-09 09:58:37,609 | INFO | __main__ | Checkpoint updated for Iloilo City.
2026-10-09 09:58:37,611 | INFO | __main__ | Processing city: Cagayan de Oro
2026-10-09 09:58:37,924 | INFO | __main__ | Geocoding extracted for Cagayan de Oro
2026-10-09 09:58:38,011 | INFO | __main__ | Geocoding loaded for Cagayan de Oro into geocoding_cagayan_de_oro
2026-10-09 09:58:38,061 | INFO | __main__ | Raw JSON saved for Cagayan de Oro: /app/data/raw/openweather/cagayan_de_oro.json
2026-10-09 09:58:38,065 | INFO | __main__ | Weather data transformed for Cagayan de Oro.
2026-10-09 09:58:38,153 | INFO | __main__ | Parquet saved for Cagayan de Oro: /app/data/parquet/openweather/cagayan_de_oro.parquet
2026-10-09 09:58:38,269 | INFO | __main__ | Loaded 18 row(s) for Cagayan de Oro into openweather_cagayan_de_oro.
2026-10-09 09:58:38,336 | INFO | __main__ | Checkpoint updated for Cagayan de Oro.
2026-10-09 09:58:38,343 | INFO | __main__ | Processing city: Zamboanga City
2026-10-09 09:58:38,615 | INFO | __main__ | Geocoding extracted for Zamboanga City
2026-10-09 09:58:38,706 | INFO | __main__ | Geocoding loaded for Zamboanga City into geocoding_zamboanga_city
2026-10-09 09:58:38,748 | INFO | __main__ | Raw JSON saved for Zamboanga City: /app/data/raw/openweather/zamboanga_city.json
2026-10-09 09:58:38,752 | INFO | __main__ | Weather data transformed for Zamboanga City.
2026-10-09 09:58:38,852 | INFO | __main__ | Parquet saved for Zamboanga City: /app/data/parquet/openweather/zamboanga_city.parquet
2026-10-09 09:58:38,982 | INFO | __main__ | Loaded 21 row(s) for Zamboanga City into openweather_zamboanga_city.
2026-10-09 09:58:39,039 | INFO | __main__ | Checkpoint updated for Zamboanga City.
2026-10-09 09:58:39,044 | INFO | __main__ | Weather ingestion completed successfully.
2026-10-09 10:05:04,572 | INFO | __main__ | Starting Weather Ingestion...
2026-10-09 10:05:04,574 | INFO | __main__ | Processing city: Manila
2026-10-09 10:05:04,858 | INFO | __main__ | Geocoding extracted for Manila
2026-10-09 10:05:04,941 | INFO | __main__ | Geocoding loaded for Manila into geocoding_manila
2026-10-09 10:05:04,952 | INFO | __main__ | No new weather data for Manila. Skipping.
2026-10-09 10:05:04,953 | INFO | __main__ | Processing city: Quezon City
2026-10-09 10:05:05,186 | INFO | __main__ | Geocoding extracted for Quezon City
2026-10-09 10:05:05,284 | INFO | __main__ | Geocoding loaded for Quezon City into geocoding_quezon_city
2026-10-09 10:05:05,326 | INFO | __main__ | Raw JSON saved for Quezon City: /app/data/raw/openweather/quezon_city.json
2026-10-09 10:05:05,329 | INFO | __main__ | Weather data transformed for Quezon City.
2026-10-09 10:05:05,454 | INFO | __main__ | Parquet saved for Quezon City: /app/data/parquet/openweather/quezon_city.parquet
2026-10-09 10:05:05,607 | INFO | __main__ | Loaded 20 row(s) for Quezon City into openweather_quezon_city.
2026-10-09 10:05:05,646 | INFO | __main__ | Checkpoint updated for Quezon City.
2026-10-09 10:05:05,650 | INFO | __main__ | Processing city: Cebu City
2026-10-09 10:05:05,869 | INFO | __main__ | Geocoding extracted for Cebu City
2026-10-09 10:05:05,932 | INFO | __main__ | Geocoding loaded for Cebu City into geocoding_cebu_city
2026-10-09 10:05:05,946 | INFO | __main__ | No new weather data for Cebu City. Skipping.
2026-10-09 10:05:05,947 | INFO | __main__ | Processing city: Davao City
2026-10-09 10:05:06,216 | INFO | __main__ | Geocoding extracted for Davao City
2026-10-09 10:05:06,288 | INFO | __main__ | Geocoding loaded for Davao City into geocoding_davao_city
2026-10-09 10:05:06,348 | INFO | __main__ | Raw JSON saved for Davao City: /app/data/raw/openweather/davao_city.json
2026-10-09 10:05:06,362 | INFO | __main__ | Weather data transformed for Davao City.
2026-10-09 10:05:06,498 | INFO | __main__ | Parquet saved for Davao City: /app/data/parquet/openweather/davao_city.parquet
2026-10-09 10:05:06,660 | INFO | __main__ | Loaded 21 row(s) for Davao City into openweather_davao_city.
2026-10-09 10:05:06,707 | INFO | __main__ | Checkpoint updated for Davao City.
2026-10-09 10:05:06,709 | INFO | __main__ | Processing city: Baguio
2026-10-09 10:05:06,930 | INFO | __main__ | Geocoding extracted for Baguio
2026-10-09 10:05:07,017 | INFO | __main__ | Geocoding loaded for Baguio into geocoding_baguio
2026-10-09 10:05:07,064 | INFO | __main__ | Raw JSON saved for Baguio: /app/data/raw/openweather/baguio.json
2026-10-09 10:05:07,069 | INFO | __main__ | Weather data transformed for Baguio.
2026-10-09 10:05:07,164 | INFO | __main__ | Parquet saved for Baguio: /app/data/parquet/openweather/baguio.parquet
2026-10-09 10:05:07,307 | INFO | __main__ | Loaded 20 row(s) for Baguio into openweather_baguio.
2026-10-09 10:05:07,335 | INFO | __main__ | Checkpoint updated for Baguio.
2026-10-09 10:05:07,336 | INFO | __main__ | Processing city: Iloilo City
2026-10-09 10:05:07,627 | INFO | __main__ | Geocoding extracted for Iloilo City
2026-10-09 10:05:07,691 | INFO | __main__ | Geocoding loaded for Iloilo City into geocoding_iloilo_city
2026-10-09 10:05:07,794 | INFO | __main__ | Raw JSON saved for Iloilo City: /app/data/raw/openweather/iloilo_city.json
2026-10-09 10:05:07,804 | INFO | __main__ | Weather data transformed for Iloilo City.
2026-10-09 10:05:07,904 | INFO | __main__ | Parquet saved for Iloilo City: /app/data/parquet/openweather/iloilo_city.parquet
2026-10-09 10:05:08,014 | INFO | __main__ | Loaded 20 row(s) for Iloilo City into openweather_iloilo_city.
2026-10-09 10:05:08,061 | INFO | __main__ | Checkpoint updated for Iloilo City.
2026-10-09 10:05:08,070 | INFO | __main__ | Processing city: Cagayan de Oro
2026-10-09 10:05:08,346 | INFO | __main__ | Geocoding extracted for Cagayan de Oro
2026-10-09 10:05:08,449 | INFO | __main__ | Geocoding loaded for Cagayan de Oro into geocoding_cagayan_de_oro
2026-10-09 10:05:08,460 | INFO | __main__ | No new weather data for Cagayan de Oro. Skipping.
2026-10-09 10:05:08,461 | INFO | __main__ | Processing city: Zamboanga City
2026-10-09 10:05:08,690 | INFO | __main__ | Geocoding extracted for Zamboanga City
2026-10-09 10:05:08,755 | INFO | __main__ | Geocoding loaded for Zamboanga City into geocoding_zamboanga_city
2026-10-09 10:05:08,766 | INFO | __main__ | No new weather data for Zamboanga City. Skipping.
2026-10-09 10:05:08,768 | INFO | __main__ | Weather ingestion completed successfully.
2026-10-09 10:05:27,145 | INFO | __main__ | Starting Weather Ingestion...
2026-10-09 10:05:27,147 | INFO | __main__ | Processing city: Manila
2026-10-09 10:05:27,498 | INFO | __main__ | Geocoding extracted for Manila
2026-10-09 10:05:27,602 | INFO | __main__ | Geocoding loaded for Manila into geocoding_manila
2026-10-09 10:05:27,615 | INFO | __main__ | No new weather data for Manila. Skipping.
2026-10-09 10:05:27,617 | INFO | __main__ | Processing city: Quezon City
2026-10-09 10:05:27,868 | INFO | __main__ | Geocoding extracted for Quezon City
2026-10-09 10:05:27,948 | INFO | __main__ | Geocoding loaded for Quezon City into geocoding_quezon_city
2026-10-09 10:05:27,958 | INFO | __main__ | No new weather data for Quezon City. Skipping.
2026-10-09 10:05:27,959 | INFO | __main__ | Processing city: Cebu City
2026-10-09 10:05:28,227 | INFO | __main__ | Geocoding extracted for Cebu City
2026-10-09 10:05:28,299 | INFO | __main__ | Geocoding loaded for Cebu City into geocoding_cebu_city
2026-10-09 10:05:28,315 | INFO | __main__ | No new weather data for Cebu City. Skipping.
2026-10-09 10:05:28,317 | INFO | __main__ | Processing city: Davao City
2026-10-09 10:05:28,554 | INFO | __main__ | Geocoding extracted for Davao City
2026-10-09 10:05:28,622 | INFO | __main__ | Geocoding loaded for Davao City into geocoding_davao_city
2026-10-09 10:05:28,636 | INFO | __main__ | No new weather data for Davao City. Skipping.
2026-10-09 10:05:28,639 | INFO | __main__ | Processing city: Baguio
2026-10-09 10:05:28,911 | INFO | __main__ | Geocoding extracted for Baguio
2026-10-09 10:05:28,991 | INFO | __main__ | Geocoding loaded for Baguio into geocoding_baguio
2026-10-09 10:05:29,010 | INFO | __main__ | No new weather data for Baguio. Skipping.
2026-10-09 10:05:29,012 | INFO | __main__ | Processing city: Iloilo City
2026-10-09 10:05:29,269 | INFO | __main__ | Geocoding extracted for Iloilo City
2026-10-09 10:05:29,368 | INFO | __main__ | Geocoding loaded for Iloilo City into geocoding_iloilo_city
2026-10-09 10:05:29,378 | INFO | __main__ | No new weather data for Iloilo City. Skipping.
2026-10-09 10:05:29,380 | INFO | __main__ | Processing city: Cagayan de Oro
2026-10-09 10:05:29,612 | INFO | __main__ | Geocoding extracted for Cagayan de Oro
2026-10-09 10:05:29,688 | INFO | __main__ | Geocoding loaded for Cagayan de Oro into geocoding_cagayan_de_oro
2026-10-09 10:05:29,700 | INFO | __main__ | No new weather data for Cagayan de Oro. Skipping.
2026-10-09 10:05:29,701 | INFO | __main__ | Processing city: Zamboanga City
2026-10-09 10:05:29,958 | INFO | __main__ | Geocoding extracted for Zamboanga City
2026-10-09 10:05:30,051 | INFO | __main__ | Geocoding loaded for Zamboanga City into geocoding_zamboanga_city
2026-10-09 10:05:30,061 | INFO | __main__ | No new weather data for Zamboanga City. Skipping.
2026-10-09 10:05:30,062 | INFO | __main__ | Weather ingestion completed successfully.
2026-10-09 10:06:38,519 | INFO | __main__ | Starting Weather Ingestion...
2026-10-09 10:06:38,525 | INFO | __main__ | Processing city: Manila
2026-10-09 10:06:38,896 | INFO | __main__ | Geocoding extracted for Manila
2026-10-09 10:06:38,978 | INFO | __main__ | Geocoding loaded for Manila into geocoding_manila
2026-10-09 10:06:38,993 | INFO | __main__ | No new weather data for Manila. Skipping.
2026-10-09 10:06:38,994 | INFO | __main__ | Processing city: Quezon City
2026-10-09 10:06:39,291 | INFO | __main__ | Geocoding extracted for Quezon City
2026-10-09 10:06:39,377 | INFO | __main__ | Geocoding loaded for Quezon City into geocoding_quezon_city
2026-10-09 10:06:39,387 | INFO | __main__ | No new weather data for Quezon City. Skipping.
2026-10-09 10:06:39,389 | INFO | __main__ | Processing city: Cebu City
2026-10-09 10:06:39,714 | INFO | __main__ | Geocoding extracted for Cebu City
2026-10-09 10:06:39,786 | INFO | __main__ | Geocoding loaded for Cebu City into geocoding_cebu_city
2026-10-09 10:06:39,804 | INFO | __main__ | No new weather data for Cebu City. Skipping.
2026-10-09 10:06:39,807 | INFO | __main__ | Processing city: Davao City
2026-10-09 10:06:40,140 | INFO | __main__ | Geocoding extracted for Davao City
2026-10-09 10:06:40,256 | INFO | __main__ | Geocoding loaded for Davao City into geocoding_davao_city
2026-10-09 10:06:40,263 | INFO | __main__ | No new weather data for Davao City. Skipping.
2026-10-09 10:06:40,264 | INFO | __main__ | Processing city: Baguio
2026-10-09 10:06:40,513 | INFO | __main__ | Geocoding extracted for Baguio
2026-10-09 10:06:40,632 | INFO | __main__ | Geocoding loaded for Baguio into geocoding_baguio
2026-10-09 10:06:40,645 | INFO | __main__ | No new weather data for Baguio. Skipping.
2026-10-09 10:06:40,648 | INFO | __main__ | Processing city: Iloilo City
2026-10-09 10:06:40,939 | INFO | __main__ | Geocoding extracted for Iloilo City
2026-10-09 10:06:41,012 | INFO | __main__ | Geocoding loaded for Iloilo City into geocoding_iloilo_city
2026-10-09 10:06:41,029 | INFO | __main__ | No new weather data for Iloilo City. Skipping.
2026-10-09 10:06:41,031 | INFO | __main__ | Processing city: Cagayan de Oro
2026-10-09 10:06:41,262 | INFO | __main__ | Geocoding extracted for Cagayan de Oro
2026-10-09 10:06:41,343 | INFO | __main__ | Geocoding loaded for Cagayan de Oro into geocoding_cagayan_de_oro
2026-10-09 10:06:41,359 | INFO | __main__ | No new weather data for Cagayan de Oro. Skipping.
2026-10-09 10:06:41,362 | INFO | __main__ | Processing city: Zamboanga City
2026-10-09 10:06:41,635 | INFO | __main__ | Geocoding extracted for Zamboanga City
2026-10-09 10:06:41,704 | INFO | __main__ | Geocoding loaded for Zamboanga City into geocoding_zamboanga_city
2026-10-09 10:06:41,715 | INFO | __main__ | No new weather data for Zamboanga City. Skipping.
2026-10-09 10:06:41,716 | INFO | __main__ | Weather ingestion completed successfully.
2026-10-09 10:07:42,890 | INFO | __main__ | Starting Weather Ingestion...
2026-10-09 10:07:42,892 | INFO | __main__ | Processing city: Manila
2026-10-09 10:07:43,218 | INFO | __main__ | Geocoding extracted for Manila
2026-10-09 10:07:43,311 | INFO | __main__ | Geocoding loaded for Manila into geocoding_manila
2026-10-09 10:07:43,321 | INFO | __main__ | No new weather data for Manila. Skipping.
2026-10-09 10:07:43,322 | INFO | __main__ | Processing city: Quezon City
2026-10-09 10:07:43,572 | INFO | __main__ | Geocoding extracted for Quezon City
2026-10-09 10:07:43,661 | INFO | __main__ | Geocoding loaded for Quezon City into geocoding_quezon_city
2026-10-09 10:07:43,670 | INFO | __main__ | No new weather data for Quezon City. Skipping.
2026-10-09 10:07:43,672 | INFO | __main__ | Processing city: Cebu City
2026-10-09 10:07:43,913 | INFO | __main__ | Geocoding extracted for Cebu City
2026-10-09 10:07:43,986 | INFO | __main__ | Geocoding loaded for Cebu City into geocoding_cebu_city
2026-10-09 10:07:44,000 | INFO | __main__ | No new weather data for Cebu City. Skipping.
2026-10-09 10:07:44,001 | INFO | __main__ | Processing city: Davao City
2026-10-09 10:07:44,252 | INFO | __main__ | Geocoding extracted for Davao City
2026-10-09 10:07:44,352 | INFO | __main__ | Geocoding loaded for Davao City into geocoding_davao_city
2026-10-09 10:07:44,371 | INFO | __main__ | No new weather data for Davao City. Skipping.
2026-10-09 10:07:44,374 | INFO | __main__ | Processing city: Baguio
2026-10-09 10:07:44,617 | INFO | __main__ | Geocoding extracted for Baguio
2026-10-09 10:07:44,713 | INFO | __main__ | Geocoding loaded for Baguio into geocoding_baguio
2026-10-09 10:07:44,724 | INFO | __main__ | No new weather data for Baguio. Skipping.
2026-10-09 10:07:44,725 | INFO | __main__ | Processing city: Iloilo City
2026-10-09 10:07:44,972 | INFO | __main__ | Geocoding extracted for Iloilo City
2026-10-09 10:07:45,061 | INFO | __main__ | Geocoding loaded for Iloilo City into geocoding_iloilo_city
2026-10-09 10:07:45,087 | INFO | __main__ | No new weather data for Iloilo City. Skipping.
2026-10-09 10:07:45,090 | INFO | __main__ | Processing city: Cagayan de Oro
2026-10-09 10:07:45,347 | INFO | __main__ | Geocoding extracted for Cagayan de Oro
2026-10-09 10:07:45,435 | INFO | __main__ | Geocoding loaded for Cagayan de Oro into geocoding_cagayan_de_oro
2026-10-09 10:07:45,448 | INFO | __main__ | No new weather data for Cagayan de Oro. Skipping.
2026-10-09 10:07:45,450 | INFO | __main__ | Processing city: Zamboanga City
2026-10-09 10:07:45,696 | INFO | __main__ | Geocoding extracted for Zamboanga City
2026-10-09 10:07:45,771 | INFO | __main__ | Geocoding loaded for Zamboanga City into geocoding_zamboanga_city
2026-10-09 10:07:45,814 | INFO | __main__ | Raw JSON saved for Zamboanga City: /app/data/raw/openweather/zamboanga_city.json
2026-10-09 10:07:45,822 | INFO | __main__ | Weather data transformed for Zamboanga City.
2026-10-09 10:07:46,017 | INFO | __main__ | Parquet saved for Zamboanga City: /app/data/parquet/openweather/zamboanga_city.parquet
2026-10-09 10:07:46,144 | INFO | __main__ | Loaded 22 row(s) for Zamboanga City into openweather_zamboanga_city.
2026-10-09 10:07:46,172 | INFO | __main__ | Checkpoint updated for Zamboanga City.
2026-10-09 10:07:46,174 | INFO | __main__ | Weather ingestion completed successfully.
2026-10-09 10:07:55,714 | INFO | __main__ | Starting Weather Ingestion...
2026-10-09 10:07:55,716 | INFO | __main__ | Processing city: Manila
2026-10-09 10:07:56,063 | INFO | __main__ | Geocoding extracted for Manila
2026-10-09 10:07:56,191 | INFO | __main__ | Geocoding loaded for Manila into geocoding_manila
2026-10-09 10:07:56,204 | INFO | __main__ | No new weather data for Manila. Skipping.
2026-10-09 10:07:56,205 | INFO | __main__ | Processing city: Quezon City
2026-10-09 10:07:56,447 | INFO | __main__ | Geocoding extracted for Quezon City
2026-10-09 10:07:56,552 | INFO | __main__ | Geocoding loaded for Quezon City into geocoding_quezon_city
2026-10-09 10:07:56,562 | INFO | __main__ | No new weather data for Quezon City. Skipping.
2026-10-09 10:07:56,564 | INFO | __main__ | Processing city: Cebu City
2026-10-09 10:07:57,034 | INFO | __main__ | Geocoding extracted for Cebu City
2026-10-09 10:07:57,136 | INFO | __main__ | Geocoding loaded for Cebu City into geocoding_cebu_city
2026-10-09 10:07:57,144 | INFO | __main__ | No new weather data for Cebu City. Skipping.
2026-10-09 10:07:57,146 | INFO | __main__ | Processing city: Davao City
2026-10-09 10:07:57,377 | INFO | __main__ | Geocoding extracted for Davao City
2026-10-09 10:07:57,460 | INFO | __main__ | Geocoding loaded for Davao City into geocoding_davao_city
2026-10-09 10:07:57,480 | INFO | __main__ | No new weather data for Davao City. Skipping.
2026-10-09 10:07:57,482 | INFO | __main__ | Processing city: Baguio
2026-10-09 10:07:57,760 | INFO | __main__ | Geocoding extracted for Baguio
2026-10-09 10:07:57,838 | INFO | __main__ | Geocoding loaded for Baguio into geocoding_baguio
2026-10-09 10:07:57,849 | INFO | __main__ | No new weather data for Baguio. Skipping.
2026-10-09 10:07:57,850 | INFO | __main__ | Processing city: Iloilo City
2026-10-09 10:07:58,174 | INFO | __main__ | Geocoding extracted for Iloilo City
2026-10-09 10:07:58,293 | INFO | __main__ | Geocoding loaded for Iloilo City into geocoding_iloilo_city
2026-10-09 10:07:58,302 | INFO | __main__ | No new weather data for Iloilo City. Skipping.
2026-10-09 10:07:58,303 | INFO | __main__ | Processing city: Cagayan de Oro
2026-10-09 10:07:58,510 | INFO | __main__ | Geocoding extracted for Cagayan de Oro
2026-10-09 10:07:58,602 | INFO | __main__ | Geocoding loaded for Cagayan de Oro into geocoding_cagayan_de_oro
2026-10-09 10:07:58,617 | INFO | __main__ | No new weather data for Cagayan de Oro. Skipping.
2026-10-09 10:07:58,619 | INFO | __main__ | Processing city: Zamboanga City
2026-10-09 10:07:58,849 | INFO | __main__ | Geocoding extracted for Zamboanga City
2026-10-09 10:07:58,924 | INFO | __main__ | Geocoding loaded for Zamboanga City into geocoding_zamboanga_city
2026-10-09 10:07:58,934 | INFO | __main__ | No new weather data for Zamboanga City. Skipping.
2026-10-09 10:07:58,935 | INFO | __main__ | Weather ingestion completed successfully.
2026-10-09 10:08:42,218 | INFO | __main__ | Starting Weather Ingestion...
2026-10-09 10:08:42,221 | INFO | __main__ | Processing city: Manila
2026-10-09 10:08:42,543 | INFO | __main__ | Geocoding extracted for Manila
2026-10-09 10:08:42,639 | INFO | __main__ | Geocoding loaded for Manila into geocoding_manila
2026-10-09 10:08:42,694 | INFO | __main__ | Raw JSON saved for Manila: /app/data/raw/openweather/manila.json
2026-10-09 10:08:42,702 | INFO | __main__ | Weather data transformed for Manila.
2026-10-09 10:08:42,847 | INFO | __main__ | Parquet saved for Manila: /app/data/parquet/openweather/manila.parquet
2026-10-09 10:08:42,997 | INFO | __main__ | Loaded 18 row(s) for Manila into openweather_manila.
2026-10-09 10:08:43,053 | INFO | __main__ | Checkpoint updated for Manila.
2026-10-09 10:08:43,059 | INFO | __main__ | Processing city: Quezon City
2026-10-09 10:08:43,317 | INFO | __main__ | Geocoding extracted for Quezon City
2026-10-09 10:08:43,403 | INFO | __main__ | Geocoding loaded for Quezon City into geocoding_quezon_city
2026-10-09 10:08:43,415 | INFO | __main__ | No new weather data for Quezon City. Skipping.
2026-10-09 10:08:43,417 | INFO | __main__ | Processing city: Cebu City
2026-10-09 10:08:43,747 | INFO | __main__ | Geocoding extracted for Cebu City
2026-10-09 10:08:43,818 | INFO | __main__ | Geocoding loaded for Cebu City into geocoding_cebu_city
2026-10-09 10:08:43,870 | INFO | __main__ | Raw JSON saved for Cebu City: /app/data/raw/openweather/cebu_city.json
2026-10-09 10:08:43,873 | INFO | __main__ | Weather data transformed for Cebu City.
2026-10-09 10:08:43,966 | INFO | __main__ | Parquet saved for Cebu City: /app/data/parquet/openweather/cebu_city.parquet
2026-10-09 10:08:44,373 | INFO | __main__ | Loaded 22 row(s) for Cebu City into openweather_cebu_city.
2026-10-09 10:08:44,445 | INFO | __main__ | Checkpoint updated for Cebu City.
2026-10-09 10:08:44,451 | INFO | __main__ | Processing city: Davao City
2026-10-09 10:08:44,699 | INFO | __main__ | Geocoding extracted for Davao City
2026-10-09 10:08:44,775 | INFO | __main__ | Geocoding loaded for Davao City into geocoding_davao_city
2026-10-09 10:08:44,791 | INFO | __main__ | No new weather data for Davao City. Skipping.
2026-10-09 10:08:44,793 | INFO | __main__ | Processing city: Baguio
2026-10-09 10:08:45,085 | INFO | __main__ | Geocoding extracted for Baguio
2026-10-09 10:08:45,185 | INFO | __main__ | Geocoding loaded for Baguio into geocoding_baguio
2026-10-09 10:08:45,197 | INFO | __main__ | No new weather data for Baguio. Skipping.
2026-10-09 10:08:45,199 | INFO | __main__ | Processing city: Iloilo City
2026-10-09 10:08:45,415 | INFO | __main__ | Geocoding extracted for Iloilo City
2026-10-09 10:08:45,496 | INFO | __main__ | Geocoding loaded for Iloilo City into geocoding_iloilo_city
2026-10-09 10:08:45,512 | INFO | __main__ | No new weather data for Iloilo City. Skipping.
2026-10-09 10:08:45,514 | INFO | __main__ | Processing city: Cagayan de Oro
2026-10-09 10:08:45,770 | INFO | __main__ | Geocoding extracted for Cagayan de Oro
2026-10-09 10:08:45,845 | INFO | __main__ | Geocoding loaded for Cagayan de Oro into geocoding_cagayan_de_oro
2026-10-09 10:08:45,882 | INFO | __main__ | Raw JSON saved for Cagayan de Oro: /app/data/raw/openweather/cagayan_de_oro.json
2026-10-09 10:08:45,887 | INFO | __main__ | Weather data transformed for Cagayan de Oro.
2026-10-09 10:08:46,014 | INFO | __main__ | Parquet saved for Cagayan de Oro: /app/data/parquet/openweather/cagayan_de_oro.parquet
2026-10-09 10:08:46,174 | INFO | __main__ | Loaded 19 row(s) for Cagayan de Oro into openweather_cagayan_de_oro.
2026-10-09 10:08:46,228 | INFO | __main__ | Checkpoint updated for Cagayan de Oro.
2026-10-09 10:08:46,233 | INFO | __main__ | Processing city: Zamboanga City
2026-10-09 10:08:46,496 | INFO | __main__ | Geocoding extracted for Zamboanga City
2026-10-09 10:08:46,581 | INFO | __main__ | Geocoding loaded for Zamboanga City into geocoding_zamboanga_city
2026-10-09 10:08:46,594 | INFO | __main__ | No new weather data for Zamboanga City. Skipping.
2026-10-09 10:08:46,595 | INFO | __main__ | Weather ingestion completed successfully.
2026-10-09 10:08:56,236 | INFO | __main__ | Starting Weather Ingestion...
2026-10-09 10:08:56,238 | INFO | __main__ | Processing city: Manila
2026-10-09 10:08:56,507 | INFO | __main__ | Geocoding extracted for Manila
2026-10-09 10:08:56,591 | INFO | __main__ | Geocoding loaded for Manila into geocoding_manila
2026-10-09 10:08:56,607 | INFO | __main__ | No new weather data for Manila. Skipping.
2026-10-09 10:08:56,609 | INFO | __main__ | Processing city: Quezon City
2026-10-09 10:08:56,829 | INFO | __main__ | Geocoding extracted for Quezon City
2026-10-09 10:08:56,902 | INFO | __main__ | Geocoding loaded for Quezon City into geocoding_quezon_city
2026-10-09 10:08:56,917 | INFO | __main__ | No new weather data for Quezon City. Skipping.
2026-10-09 10:08:56,918 | INFO | __main__ | Processing city: Cebu City
2026-10-09 10:08:57,214 | INFO | __main__ | Geocoding extracted for Cebu City
2026-10-09 10:08:57,285 | INFO | __main__ | Geocoding loaded for Cebu City into geocoding_cebu_city
2026-10-09 10:08:57,298 | INFO | __main__ | No new weather data for Cebu City. Skipping.
2026-10-09 10:08:57,299 | INFO | __main__ | Processing city: Davao City
2026-10-09 10:08:57,594 | INFO | __main__ | Geocoding extracted for Davao City
2026-10-09 10:08:57,676 | INFO | __main__ | Geocoding loaded for Davao City into geocoding_davao_city
2026-10-09 10:08:57,690 | INFO | __main__ | No new weather data for Davao City. Skipping.
2026-10-09 10:08:57,692 | INFO | __main__ | Processing city: Baguio
2026-10-09 10:08:57,962 | INFO | __main__ | Geocoding extracted for Baguio
2026-10-09 10:08:58,033 | INFO | __main__ | Geocoding loaded for Baguio into geocoding_baguio
2026-10-09 10:08:58,045 | INFO | __main__ | No new weather data for Baguio. Skipping.
2026-10-09 10:08:58,046 | INFO | __main__ | Processing city: Iloilo City
2026-10-09 10:08:58,332 | INFO | __main__ | Geocoding extracted for Iloilo City
2026-10-09 10:08:58,476 | INFO | __main__ | Geocoding loaded for Iloilo City into geocoding_iloilo_city
2026-10-09 10:08:58,497 | INFO | __main__ | No new weather data for Iloilo City. Skipping.
2026-10-09 10:08:58,498 | INFO | __main__ | Processing city: Cagayan de Oro
2026-10-09 10:08:58,735 | INFO | __main__ | Geocoding extracted for Cagayan de Oro
2026-10-09 10:08:58,820 | INFO | __main__ | Geocoding loaded for Cagayan de Oro into geocoding_cagayan_de_oro
2026-10-09 10:08:58,835 | INFO | __main__ | No new weather data for Cagayan de Oro. Skipping.
2026-10-09 10:08:58,836 | INFO | __main__ | Processing city: Zamboanga City
2026-10-09 10:08:59,106 | INFO | __main__ | Geocoding extracted for Zamboanga City
2026-10-09 10:08:59,186 | INFO | __main__ | Geocoding loaded for Zamboanga City into geocoding_zamboanga_city
2026-10-09 10:08:59,194 | INFO | __main__ | No new weather data for Zamboanga City. Skipping.
2026-10-09 10:08:59,195 | INFO | __main__ | Weather ingestion completed successfully.
2026-10-09 18:13:20,889 | INFO | pipeline.main | Starting Weather Ingestion...
2026-10-09 18:13:20,891 | INFO | pipeline.main | Processing city: Manila
2026-10-09 18:13:20,892 | INFO | pipeline.main | Geocoding extracted for Manila
2026-10-09 18:13:20,896 | INFO | pipeline.main | Geocoding loaded for Manila into geocoding_manila
2026-10-09 18:13:20,897 | INFO | pipeline.main | Raw JSON saved for Manila: /tmp/pytest-of-aldwin/pytest-12/test_pipeline_main_saves_parqu0/manila.json
2026-10-09 18:13:20,900 | INFO | pipeline.main | Weather data transformed for Manila.
2026-10-09 18:13:20,900 | INFO | pipeline.main | Parquet saved for Manila: /tmp/pytest-of-aldwin/pytest-12/test_pipeline_main_saves_parqu0/openweather_Manila.parquet
2026-10-09 18:13:20,901 | INFO | pipeline.main | Loaded 1 row(s) for Manila into openweather_manila.
2026-10-09 18:13:20,902 | INFO | pipeline.main | Checkpoint updated for Manila.
2026-10-09 18:13:20,903 | INFO | pipeline.main | Weather ingestion completed successfully.
2026-10-09 18:13:20,910 | INFO | pipeline.main | Starting Weather Ingestion...
2026-10-09 18:13:20,912 | INFO | pipeline.main | Processing city: Manila
2026-10-09 18:13:20,913 | INFO | pipeline.main | Geocoding extracted for Manila
2026-10-09 18:13:20,916 | INFO | pipeline.main | Geocoding loaded for Manila into geocoding_manila
2026-10-09 18:13:20,917 | INFO | pipeline.main | Raw JSON saved for Manila: /tmp/pytest-of-aldwin/pytest-12/test_pipeline_main_uses_canoni0/manila.json
2026-10-09 18:13:20,920 | INFO | pipeline.main | Weather data transformed for Manila.
2026-10-09 18:13:20,921 | INFO | pipeline.main | Parquet saved for Manila: /tmp/pytest-of-aldwin/pytest-12/test_pipeline_main_uses_canoni0/openweather_Manila.parquet
2026-10-09 18:13:20,923 | INFO | pipeline.main | Loaded 1 row(s) for Manila into openweather_manila.
2026-10-09 18:13:20,924 | INFO | pipeline.main | Checkpoint updated for Manila.
2026-10-09 18:13:20,925 | INFO | pipeline.main | Weather ingestion completed successfully.
2026-10-09 18:13:35,027 | INFO | pipeline.main | Starting Weather Ingestion...
2026-10-09 18:13:35,028 | INFO | pipeline.main | Processing city: Manila
2026-10-09 18:13:35,029 | ERROR | pipeline.main | Failed to process city: Manila
Traceback (most recent call last):
  File "/mnt/c/Users/aldwin/project/weatherflow/pipeline/main.py", line 37, in main
    weather_data = extract_openweather_data(latitude, longitude, city)
  File "/mnt/c/Users/aldwin/project/weatherflow/tests/test_load_postgresql.py", line 199, in <lambda>
    lambda *args, **kwargs: (_ for _ in ()).throw(RuntimeError("API failure")),
                            ~~~~~~~~~~~~~~~~~~~~~^^^^^^^^^^^^^^^^^^^^^^^^^^^^^
  File "/mnt/c/Users/aldwin/project/weatherflow/tests/test_load_postgresql.py", line 199, in <genexpr>
    lambda *args, **kwargs: (_ for _ in ()).throw(RuntimeError("API failure")),
RuntimeError: API failure
2026-10-09 18:13:35,040 | ERROR | pipeline.main | Weather ingestion completed with 1 failed city processing run(s).
2026-10-09 18:15:37,497 | INFO | pipeline.main | Starting Weather Ingestion...
2026-10-09 18:15:37,499 | INFO | pipeline.main | Processing city: Manila
2026-10-09 18:15:37,501 | INFO | pipeline.main | Geocoding extracted for Manila
2026-10-09 18:15:37,509 | INFO | pipeline.main | Geocoding loaded for Manila into locations
2026-10-09 18:15:37,513 | INFO | pipeline.main | Raw JSON saved for Manila: /tmp/pytest-of-aldwin/pytest-13/test_pipeline_main_saves_parqu0/manila.json
2026-10-09 18:15:37,518 | INFO | pipeline.main | Weather data transformed for Manila.
2026-10-09 18:15:37,520 | INFO | pipeline.main | Parquet saved for Manila: /tmp/pytest-of-aldwin/pytest-13/test_pipeline_main_saves_parqu0/openweather_Manila.parquet
2026-10-09 18:15:37,523 | INFO | pipeline.main | Loaded 1 row(s) for Manila into weather_observations.
2026-10-09 18:15:37,525 | INFO | pipeline.main | Checkpoint updated for Manila.
2026-10-09 18:15:37,527 | INFO | pipeline.main | Weather ingestion completed successfully.
2026-10-09 18:15:51,237 | INFO | pipeline.main | Starting Weather Ingestion...
2026-10-09 18:15:51,245 | INFO | pipeline.main | Processing city: Manila
2026-10-09 18:15:51,249 | INFO | pipeline.main | Geocoding extracted for Manila
2026-10-09 18:15:51,253 | INFO | pipeline.main | Geocoding loaded for Manila into locations
2026-10-09 18:15:51,255 | INFO | pipeline.main | Raw JSON saved for Manila: /tmp/pytest-of-aldwin/pytest-13/test_pipeline_main_uses_canoni0/manila.json
2026-10-09 18:15:51,260 | INFO | pipeline.main | Weather data transformed for Manila.
2026-10-09 18:15:51,262 | INFO | pipeline.main | Parquet saved for Manila: /tmp/pytest-of-aldwin/pytest-13/test_pipeline_main_uses_canoni0/openweather_Manila.parquet
2026-10-09 18:15:51,263 | INFO | pipeline.main | Loaded 1 row(s) for Manila into weather_observations.
2026-10-09 18:15:51,265 | INFO | pipeline.main | Checkpoint updated for Manila.
2026-10-09 18:15:51,268 | INFO | pipeline.main | Weather ingestion completed successfully.
2026-10-09 18:15:52,118 | INFO | pipeline.main | Starting Weather Ingestion...
2026-10-09 18:15:52,119 | INFO | pipeline.main | Processing city: Manila
2026-10-09 18:15:52,120 | ERROR | pipeline.main | Failed to process city: Manila
Traceback (most recent call last):
  File "/mnt/c/Users/aldwin/project/weatherflow/pipeline/main.py", line 37, in main
    weather_data = extract_openweather_data(latitude, longitude, city)
  File "/mnt/c/Users/aldwin/project/weatherflow/tests/test_load_postgresql.py", line 201, in <lambda>
    lambda *args, **kwargs: (_ for _ in ()).throw(RuntimeError("API failure")),
                            ~~~~~~~~~~~~~~~~~~~~~^^^^^^^^^^^^^^^^^^^^^^^^^^^^^
  File "/mnt/c/Users/aldwin/project/weatherflow/tests/test_load_postgresql.py", line 201, in <genexpr>
    lambda *args, **kwargs: (_ for _ in ()).throw(RuntimeError("API failure")),
RuntimeError: API failure
2026-10-09 18:15:52,132 | ERROR | pipeline.main | Weather ingestion completed with 1 failed city processing run(s).
2026-10-09 18:17:28,403 | INFO | pipeline.main | Starting Weather Ingestion...
2026-10-09 18:17:28,405 | INFO | pipeline.main | Processing city: Manila
2026-10-09 18:17:28,407 | INFO | pipeline.main | Geocoding extracted for Manila
2026-10-09 18:17:28,412 | INFO | pipeline.main | Geocoding loaded for Manila into locations
2026-10-09 18:17:28,413 | INFO | pipeline.main | Raw JSON saved for Manila: /tmp/pytest-of-aldwin/pytest-14/test_pipeline_main_saves_parqu0/manila.json
2026-10-09 18:17:28,416 | INFO | pipeline.main | Weather data transformed for Manila.
2026-10-09 18:17:28,417 | INFO | pipeline.main | Parquet saved for Manila: /tmp/pytest-of-aldwin/pytest-14/test_pipeline_main_saves_parqu0/openweather_Manila.parquet
2026-10-09 18:17:28,418 | INFO | pipeline.main | Loaded 1 row(s) for Manila into weather_observations.
2026-10-09 18:17:28,420 | INFO | pipeline.main | Checkpoint updated for Manila.
2026-10-09 18:17:28,422 | INFO | pipeline.main | Weather ingestion completed successfully.
2026-10-09 18:17:28,430 | INFO | pipeline.main | Starting Weather Ingestion...
2026-10-09 18:17:28,432 | INFO | pipeline.main | Processing city: Manila
2026-10-09 18:17:28,433 | INFO | pipeline.main | Geocoding extracted for Manila
2026-10-09 18:17:28,439 | INFO | pipeline.main | Geocoding loaded for Manila into locations
2026-10-09 18:17:28,441 | INFO | pipeline.main | Raw JSON saved for Manila: /tmp/pytest-of-aldwin/pytest-14/test_pipeline_main_uses_canoni0/manila.json
2026-10-09 18:17:28,445 | INFO | pipeline.main | Weather data transformed for Manila.
2026-10-09 18:17:28,447 | INFO | pipeline.main | Parquet saved for Manila: /tmp/pytest-of-aldwin/pytest-14/test_pipeline_main_uses_canoni0/openweather_Manila.parquet
2026-10-09 18:17:28,449 | INFO | pipeline.main | Loaded 1 row(s) for Manila into weather_observations.
2026-10-09 18:17:28,453 | INFO | pipeline.main | Checkpoint updated for Manila.
2026-10-09 18:17:28,455 | INFO | pipeline.main | Weather ingestion completed successfully.
2026-10-09 18:17:28,472 | INFO | pipeline.main | Starting Weather Ingestion...
2026-10-09 18:17:28,473 | INFO | pipeline.main | Processing city: Manila
2026-10-09 18:17:28,474 | ERROR | pipeline.main | Failed to process city: Manila
Traceback (most recent call last):
  File "/mnt/c/Users/aldwin/project/weatherflow/pipeline/main.py", line 37, in main
    weather_data = extract_openweather_data(latitude, longitude, city)
  File "/mnt/c/Users/aldwin/project/weatherflow/tests/test_load_postgresql.py", line 201, in <lambda>
    lambda *args, **kwargs: (_ for _ in ()).throw(RuntimeError("API failure")),
                            ~~~~~~~~~~~~~~~~~~~~~^^^^^^^^^^^^^^^^^^^^^^^^^^^^^
  File "/mnt/c/Users/aldwin/project/weatherflow/tests/test_load_postgresql.py", line 201, in <genexpr>
    lambda *args, **kwargs: (_ for _ in ()).throw(RuntimeError("API failure")),
RuntimeError: API failure
2026-10-09 18:17:28,499 | ERROR | pipeline.main | Weather ingestion completed with 1 failed city processing run(s).
2026-10-09 10:20:04,151 | INFO | __main__ | Starting Weather Ingestion...
2026-10-09 10:20:04,153 | INFO | __main__ | Processing city: Manila
2026-10-09 10:20:04,435 | INFO | __main__ | Geocoding extracted for Manila
2026-10-09 10:20:04,493 | INFO | __main__ | Geocoding loaded for Manila into locations
2026-10-09 10:20:04,572 | INFO | __main__ | Raw JSON saved for Manila: /app/data/raw/openweather/manila.json
2026-10-09 10:20:04,578 | INFO | __main__ | Weather data transformed for Manila.
2026-10-09 10:20:04,682 | INFO | __main__ | Parquet saved for Manila: /app/data/parquet/openweather/manila.parquet
2026-10-09 10:20:04,790 | INFO | __main__ | Loaded 19 row(s) for Manila into weather_observations.
2026-10-09 10:20:04,837 | INFO | __main__ | Checkpoint updated for Manila.
2026-10-09 10:20:04,839 | INFO | __main__ | Processing city: Quezon City
2026-10-09 10:20:05,115 | INFO | __main__ | Geocoding extracted for Quezon City
2026-10-09 10:20:05,138 | INFO | __main__ | Geocoding loaded for Quezon City into locations
2026-10-09 10:20:05,176 | INFO | __main__ | Raw JSON saved for Quezon City: /app/data/raw/openweather/quezon_city.json
2026-10-09 10:20:05,179 | INFO | __main__ | Weather data transformed for Quezon City.
2026-10-09 10:20:05,271 | INFO | __main__ | Parquet saved for Quezon City: /app/data/parquet/openweather/quezon_city.parquet
2026-10-09 10:20:05,388 | INFO | __main__ | Loaded 21 row(s) for Quezon City into weather_observations.
2026-10-09 10:20:05,432 | INFO | __main__ | Checkpoint updated for Quezon City.
2026-10-09 10:20:05,434 | INFO | __main__ | Processing city: Cebu City
2026-10-09 10:20:05,675 | INFO | __main__ | Geocoding extracted for Cebu City
2026-10-09 10:20:05,698 | INFO | __main__ | Geocoding loaded for Cebu City into locations
2026-10-09 10:20:05,750 | INFO | __main__ | Raw JSON saved for Cebu City: /app/data/raw/openweather/cebu_city.json
2026-10-09 10:20:05,752 | INFO | __main__ | Weather data transformed for Cebu City.
2026-10-09 10:20:05,840 | INFO | __main__ | Parquet saved for Cebu City: /app/data/parquet/openweather/cebu_city.parquet
2026-10-09 10:20:05,992 | INFO | __main__ | Loaded 23 row(s) for Cebu City into weather_observations.
2026-10-09 10:20:06,027 | INFO | __main__ | Checkpoint updated for Cebu City.
2026-10-09 10:20:06,029 | INFO | __main__ | Processing city: Davao City
2026-10-09 10:20:06,307 | INFO | __main__ | Geocoding extracted for Davao City
2026-10-09 10:20:06,339 | INFO | __main__ | Geocoding loaded for Davao City into locations
2026-10-09 10:20:06,388 | INFO | __main__ | Raw JSON saved for Davao City: /app/data/raw/openweather/davao_city.json
2026-10-09 10:20:06,394 | INFO | __main__ | Weather data transformed for Davao City.
2026-10-09 10:20:06,539 | INFO | __main__ | Parquet saved for Davao City: /app/data/parquet/openweather/davao_city.parquet
2026-10-09 10:20:06,649 | INFO | __main__ | Loaded 22 row(s) for Davao City into weather_observations.
2026-10-09 10:20:06,714 | INFO | __main__ | Checkpoint updated for Davao City.
2026-10-09 10:20:06,718 | INFO | __main__ | Processing city: Baguio
2026-10-09 10:20:06,957 | INFO | __main__ | Geocoding extracted for Baguio
2026-10-09 10:20:06,986 | INFO | __main__ | Geocoding loaded for Baguio into locations
2026-10-09 10:20:07,020 | INFO | __main__ | Raw JSON saved for Baguio: /app/data/raw/openweather/baguio.json
2026-10-09 10:20:07,023 | INFO | __main__ | Weather data transformed for Baguio.
2026-10-09 10:20:07,119 | INFO | __main__ | Parquet saved for Baguio: /app/data/parquet/openweather/baguio.parquet
2026-10-09 10:20:07,262 | INFO | __main__ | Loaded 21 row(s) for Baguio into weather_observations.
2026-10-09 10:20:07,298 | INFO | __main__ | Checkpoint updated for Baguio.
2026-10-09 10:20:07,300 | INFO | __main__ | Processing city: Iloilo City
2026-10-09 10:20:07,572 | INFO | __main__ | Geocoding extracted for Iloilo City
2026-10-09 10:20:07,634 | INFO | __main__ | Geocoding loaded for Iloilo City into locations
2026-10-09 10:20:07,700 | INFO | __main__ | Raw JSON saved for Iloilo City: /app/data/raw/openweather/iloilo_city.json
2026-10-09 10:20:07,704 | INFO | __main__ | Weather data transformed for Iloilo City.
2026-10-09 10:20:07,781 | INFO | __main__ | Parquet saved for Iloilo City: /app/data/parquet/openweather/iloilo_city.parquet
2026-10-09 10:20:07,894 | INFO | __main__ | Loaded 21 row(s) for Iloilo City into weather_observations.
2026-10-09 10:20:07,947 | INFO | __main__ | Checkpoint updated for Iloilo City.
2026-10-09 10:20:07,952 | INFO | __main__ | Processing city: Cagayan de Oro
2026-10-09 10:20:08,210 | INFO | __main__ | Geocoding extracted for Cagayan de Oro
2026-10-09 10:20:08,242 | INFO | __main__ | Geocoding loaded for Cagayan de Oro into locations
2026-10-09 10:20:08,292 | INFO | __main__ | Raw JSON saved for Cagayan de Oro: /app/data/raw/openweather/cagayan_de_oro.json
2026-10-09 10:20:08,296 | INFO | __main__ | Weather data transformed for Cagayan de Oro.
2026-10-09 10:20:08,425 | INFO | __main__ | Parquet saved for Cagayan de Oro: /app/data/parquet/openweather/cagayan_de_oro.parquet
2026-10-09 10:20:08,589 | INFO | __main__ | Loaded 20 row(s) for Cagayan de Oro into weather_observations.
2026-10-09 10:20:08,650 | INFO | __main__ | Checkpoint updated for Cagayan de Oro.
2026-10-09 10:20:08,658 | INFO | __main__ | Processing city: Zamboanga City
2026-10-09 10:20:08,999 | INFO | __main__ | Geocoding extracted for Zamboanga City
2026-10-09 10:20:09,021 | INFO | __main__ | Geocoding loaded for Zamboanga City into locations
2026-10-09 10:20:09,087 | INFO | __main__ | Raw JSON saved for Zamboanga City: /app/data/raw/openweather/zamboanga_city.json
2026-10-09 10:20:09,094 | INFO | __main__ | Weather data transformed for Zamboanga City.
2026-10-09 10:20:09,176 | INFO | __main__ | Parquet saved for Zamboanga City: /app/data/parquet/openweather/zamboanga_city.parquet
2026-10-09 10:20:09,278 | INFO | __main__ | Loaded 23 row(s) for Zamboanga City into weather_observations.
2026-10-09 10:20:09,326 | INFO | __main__ | Checkpoint updated for Zamboanga City.
2026-10-09 10:20:09,328 | INFO | __main__ | Weather ingestion completed successfully.
2026-10-09 10:20:38,082 | INFO | __main__ | Starting Weather Ingestion...
2026-10-09 10:20:38,085 | INFO | __main__ | Processing city: Manila
2026-10-09 10:20:38,379 | INFO | __main__ | Geocoding extracted for Manila
2026-10-09 10:20:38,415 | INFO | __main__ | Geocoding loaded for Manila into locations
2026-10-09 10:20:38,435 | INFO | __main__ | No new weather data for Manila. Skipping.
2026-10-09 10:20:38,439 | INFO | __main__ | Processing city: Quezon City
2026-10-09 10:20:38,729 | INFO | __main__ | Geocoding extracted for Quezon City
2026-10-09 10:20:38,773 | INFO | __main__ | Geocoding loaded for Quezon City into locations
2026-10-09 10:20:38,791 | INFO | __main__ | No new weather data for Quezon City. Skipping.
2026-10-09 10:20:38,792 | INFO | __main__ | Processing city: Cebu City
2026-10-09 10:20:39,014 | INFO | __main__ | Geocoding extracted for Cebu City
2026-10-09 10:20:39,061 | INFO | __main__ | Geocoding loaded for Cebu City into locations
2026-10-09 10:20:39,072 | INFO | __main__ | No new weather data for Cebu City. Skipping.
2026-10-09 10:20:39,073 | INFO | __main__ | Processing city: Davao City
2026-10-09 10:20:39,312 | INFO | __main__ | Geocoding extracted for Davao City
2026-10-09 10:20:39,348 | INFO | __main__ | Geocoding loaded for Davao City into locations
2026-10-09 10:20:39,363 | INFO | __main__ | No new weather data for Davao City. Skipping.
2026-10-09 10:20:39,364 | INFO | __main__ | Processing city: Baguio
2026-10-09 10:20:39,570 | INFO | __main__ | Geocoding extracted for Baguio
2026-10-09 10:20:39,590 | INFO | __main__ | Geocoding loaded for Baguio into locations
2026-10-09 10:20:39,599 | INFO | __main__ | No new weather data for Baguio. Skipping.
2026-10-09 10:20:39,600 | INFO | __main__ | Processing city: Iloilo City
2026-10-09 10:20:39,818 | INFO | __main__ | Geocoding extracted for Iloilo City
2026-10-09 10:20:39,854 | INFO | __main__ | Geocoding loaded for Iloilo City into locations
2026-10-09 10:20:39,863 | INFO | __main__ | No new weather data for Iloilo City. Skipping.
2026-10-09 10:20:39,865 | INFO | __main__ | Processing city: Cagayan de Oro
2026-10-09 10:20:40,204 | INFO | __main__ | Geocoding extracted for Cagayan de Oro
2026-10-09 10:20:40,260 | INFO | __main__ | Geocoding loaded for Cagayan de Oro into locations
2026-10-09 10:20:40,272 | INFO | __main__ | No new weather data for Cagayan de Oro. Skipping.
2026-10-09 10:20:40,274 | INFO | __main__ | Processing city: Zamboanga City
2026-10-09 10:20:40,498 | INFO | __main__ | Geocoding extracted for Zamboanga City
2026-10-09 10:20:40,528 | INFO | __main__ | Geocoding loaded for Zamboanga City into locations
2026-10-09 10:20:40,537 | INFO | __main__ | No new weather data for Zamboanga City. Skipping.
2026-10-09 10:20:40,538 | INFO | __main__ | Weather ingestion completed successfully.
2026-10-09 18:21:23,617 | INFO | pipeline.main | Starting Weather Ingestion...
2026-10-09 18:21:23,619 | INFO | pipeline.main | Processing city: Manila
2026-10-09 18:21:23,620 | INFO | pipeline.main | Geocoding extracted for Manila
2026-10-09 18:21:23,632 | INFO | pipeline.main | Geocoding loaded for Manila into locations
2026-10-09 18:21:23,634 | INFO | pipeline.main | Raw JSON saved for Manila: /tmp/pytest-of-aldwin/pytest-15/test_pipeline_main_saves_parqu0/manila.json
2026-10-09 18:21:23,640 | INFO | pipeline.main | Weather data transformed for Manila.
2026-10-09 18:21:23,642 | INFO | pipeline.main | Parquet saved for Manila: /tmp/pytest-of-aldwin/pytest-15/test_pipeline_main_saves_parqu0/openweather_Manila.parquet
2026-10-09 18:21:23,643 | INFO | pipeline.main | Loaded 1 row(s) for Manila into weather_observations.
2026-10-09 18:21:23,647 | INFO | pipeline.main | Checkpoint updated for Manila.
2026-10-09 18:21:23,651 | INFO | pipeline.main | Weather ingestion completed successfully.
2026-10-09 18:21:23,664 | INFO | pipeline.main | Starting Weather Ingestion...
2026-10-09 18:21:23,666 | INFO | pipeline.main | Processing city: Manila
2026-10-09 18:21:23,668 | INFO | pipeline.main | Geocoding extracted for Manila
2026-10-09 18:21:23,673 | INFO | pipeline.main | Geocoding loaded for Manila into locations
2026-10-09 18:21:23,674 | INFO | pipeline.main | Raw JSON saved for Manila: /tmp/pytest-of-aldwin/pytest-15/test_pipeline_main_uses_canoni0/manila.json
2026-10-09 18:21:23,677 | INFO | pipeline.main | Weather data transformed for Manila.
2026-10-09 18:21:23,678 | INFO | pipeline.main | Parquet saved for Manila: /tmp/pytest-of-aldwin/pytest-15/test_pipeline_main_uses_canoni0/openweather_Manila.parquet
2026-10-09 18:21:23,681 | INFO | pipeline.main | Loaded 1 row(s) for Manila into weather_observations.
2026-10-09 18:21:23,683 | INFO | pipeline.main | Checkpoint updated for Manila.
2026-10-09 18:21:23,684 | INFO | pipeline.main | Weather ingestion completed successfully.
2026-10-09 18:21:23,691 | INFO | pipeline.main | Starting Weather Ingestion...
2026-10-09 18:21:23,692 | INFO | pipeline.main | Processing city: Manila
2026-10-09 18:21:23,695 | ERROR | pipeline.main | Failed to process city: Manila
Traceback (most recent call last):
  File "/mnt/c/Users/aldwin/project/weatherflow/pipeline/main.py", line 37, in main
    weather_data = extract_openweather_data(latitude, longitude, city)
  File "/mnt/c/Users/aldwin/project/weatherflow/tests/test_load_postgresql.py", line 201, in <lambda>
    lambda *args, **kwargs: (_ for _ in ()).throw(RuntimeError("API failure")),
                            ~~~~~~~~~~~~~~~~~~~~~^^^^^^^^^^^^^^^^^^^^^^^^^^^^^
  File "/mnt/c/Users/aldwin/project/weatherflow/tests/test_load_postgresql.py", line 201, in <genexpr>
    lambda *args, **kwargs: (_ for _ in ()).throw(RuntimeError("API failure")),
RuntimeError: API failure
2026-10-09 18:21:23,712 | ERROR | pipeline.main | Weather ingestion completed with 1 failed city processing run(s).
2026-10-09 10:26:46,983 | INFO | __main__ | Starting Weather Ingestion...
2026-10-09 10:26:46,985 | INFO | __main__ | Processing city: Manila
2026-10-09 10:26:47,271 | INFO | __main__ | Geocoding extracted for Manila
2026-10-09 10:26:47,368 | INFO | __main__ | Geocoding loaded for Manila into geocoding_manila
2026-10-09 10:26:47,376 | INFO | __main__ | No new weather data for Manila. Skipping.
2026-10-09 10:26:47,377 | INFO | __main__ | Processing city: Quezon City
2026-10-09 10:26:47,580 | INFO | __main__ | Geocoding extracted for Quezon City
2026-10-09 10:26:47,663 | INFO | __main__ | Geocoding loaded for Quezon City into geocoding_quezon_city
2026-10-09 10:26:47,674 | INFO | __main__ | No new weather data for Quezon City. Skipping.
2026-10-09 10:26:47,676 | INFO | __main__ | Processing city: Cebu City
2026-10-09 10:26:47,906 | INFO | __main__ | Geocoding extracted for Cebu City
2026-10-09 10:26:48,005 | INFO | __main__ | Geocoding loaded for Cebu City into geocoding_cebu_city
2026-10-09 10:26:48,035 | INFO | __main__ | Raw JSON saved for Cebu City: /app/data/raw/openweather/cebu_city.json
2026-10-09 10:26:48,038 | INFO | __main__ | Weather data transformed for Cebu City.
2026-10-09 10:26:48,139 | INFO | __main__ | Parquet saved for Cebu City: /app/data/parquet/openweather/cebu_city.parquet
2026-10-09 10:26:48,258 | INFO | __main__ | Loaded 24 row(s) for Cebu City into openweather_cebu_city.
2026-10-09 10:26:48,281 | INFO | __main__ | Checkpoint updated for Cebu City.
2026-10-09 10:26:48,282 | INFO | __main__ | Processing city: Davao City
2026-10-09 10:26:48,547 | INFO | __main__ | Geocoding extracted for Davao City
2026-10-09 10:26:48,614 | INFO | __main__ | Geocoding loaded for Davao City into geocoding_davao_city
2026-10-09 10:26:48,623 | INFO | __main__ | No new weather data for Davao City. Skipping.
2026-10-09 10:26:48,624 | INFO | __main__ | Processing city: Baguio
2026-10-09 10:26:48,892 | INFO | __main__ | Geocoding extracted for Baguio
2026-10-09 10:26:48,983 | INFO | __main__ | Geocoding loaded for Baguio into geocoding_baguio
2026-10-09 10:26:48,996 | INFO | __main__ | No new weather data for Baguio. Skipping.
2026-10-09 10:26:48,998 | INFO | __main__ | Processing city: Iloilo City
2026-10-09 10:26:49,248 | INFO | __main__ | Geocoding extracted for Iloilo City
2026-10-09 10:26:49,319 | INFO | __main__ | Geocoding loaded for Iloilo City into geocoding_iloilo_city
2026-10-09 10:26:49,326 | INFO | __main__ | No new weather data for Iloilo City. Skipping.
2026-10-09 10:26:49,327 | INFO | __main__ | Processing city: Cagayan de Oro
2026-10-09 10:26:49,526 | INFO | __main__ | Geocoding extracted for Cagayan de Oro
2026-10-09 10:26:49,599 | INFO | __main__ | Geocoding loaded for Cagayan de Oro into geocoding_cagayan_de_oro
2026-10-09 10:26:49,617 | INFO | __main__ | No new weather data for Cagayan de Oro. Skipping.
2026-10-09 10:26:49,619 | INFO | __main__ | Processing city: Zamboanga City
2026-10-09 10:26:49,869 | INFO | __main__ | Geocoding extracted for Zamboanga City
2026-10-09 10:26:49,962 | INFO | __main__ | Geocoding loaded for Zamboanga City into geocoding_zamboanga_city
2026-10-09 10:26:49,977 | INFO | __main__ | No new weather data for Zamboanga City. Skipping.
2026-10-09 10:26:49,978 | INFO | __main__ | Weather ingestion completed.
2026-10-09 10:27:09,699 | INFO | __main__ | Starting Weather Ingestion...
2026-10-09 10:27:09,701 | INFO | __main__ | Processing city: Manila
2026-10-09 10:27:10,006 | INFO | __main__ | Geocoding extracted for Manila
2026-10-09 10:27:10,096 | INFO | __main__ | Geocoding loaded for Manila into geocoding_manila
2026-10-09 10:27:10,113 | INFO | __main__ | No new weather data for Manila. Skipping.
2026-10-09 10:27:10,115 | INFO | __main__ | Processing city: Quezon City
2026-10-09 10:27:10,458 | INFO | __main__ | Geocoding extracted for Quezon City
2026-10-09 10:27:10,548 | INFO | __main__ | Geocoding loaded for Quezon City into geocoding_quezon_city
2026-10-09 10:27:10,555 | INFO | __main__ | No new weather data for Quezon City. Skipping.
2026-10-09 10:27:10,556 | INFO | __main__ | Processing city: Cebu City
2026-10-09 10:27:10,821 | INFO | __main__ | Geocoding extracted for Cebu City
2026-10-09 10:27:10,903 | INFO | __main__ | Geocoding loaded for Cebu City into geocoding_cebu_city
2026-10-09 10:27:10,912 | INFO | __main__ | No new weather data for Cebu City. Skipping.
2026-10-09 10:27:10,913 | INFO | __main__ | Processing city: Davao City
2026-10-09 10:27:11,191 | INFO | __main__ | Geocoding extracted for Davao City
2026-10-09 10:27:11,279 | INFO | __main__ | Geocoding loaded for Davao City into geocoding_davao_city
2026-10-09 10:27:11,289 | INFO | __main__ | No new weather data for Davao City. Skipping.
2026-10-09 10:27:11,290 | INFO | __main__ | Processing city: Baguio
2026-10-09 10:27:11,780 | INFO | __main__ | Geocoding extracted for Baguio
2026-10-09 10:27:11,866 | INFO | __main__ | Geocoding loaded for Baguio into geocoding_baguio
2026-10-09 10:27:11,902 | INFO | __main__ | Raw JSON saved for Baguio: /app/data/raw/openweather/baguio.json
2026-10-09 10:27:11,906 | INFO | __main__ | Weather data transformed for Baguio.
2026-10-09 10:27:12,029 | INFO | __main__ | Parquet saved for Baguio: /app/data/parquet/openweather/baguio.parquet
2026-10-09 10:27:12,171 | INFO | __main__ | Loaded 22 row(s) for Baguio into openweather_baguio.
2026-10-09 10:27:12,203 | INFO | __main__ | Checkpoint updated for Baguio.
2026-10-09 10:27:12,207 | INFO | __main__ | Processing city: Iloilo City
2026-10-09 10:27:12,619 | INFO | __main__ | Geocoding extracted for Iloilo City
2026-10-09 10:27:12,694 | INFO | __main__ | Geocoding loaded for Iloilo City into geocoding_iloilo_city
2026-10-09 10:27:12,736 | INFO | __main__ | Raw JSON saved for Iloilo City: /app/data/raw/openweather/iloilo_city.json
2026-10-09 10:27:12,743 | INFO | __main__ | Weather data transformed for Iloilo City.
2026-10-09 10:27:12,887 | INFO | __main__ | Parquet saved for Iloilo City: /app/data/parquet/openweather/iloilo_city.parquet
2026-10-09 10:27:13,020 | INFO | __main__ | Loaded 22 row(s) for Iloilo City into openweather_iloilo_city.
2026-10-09 10:27:13,050 | INFO | __main__ | Checkpoint updated for Iloilo City.
2026-10-09 10:27:13,052 | INFO | __main__ | Processing city: Cagayan de Oro
2026-10-09 10:27:13,517 | INFO | __main__ | Geocoding extracted for Cagayan de Oro
2026-10-09 10:27:13,605 | INFO | __main__ | Geocoding loaded for Cagayan de Oro into geocoding_cagayan_de_oro
2026-10-09 10:27:13,621 | INFO | __main__ | No new weather data for Cagayan de Oro. Skipping.
2026-10-09 10:27:13,622 | INFO | __main__ | Processing city: Zamboanga City
2026-10-09 10:27:14,018 | INFO | __main__ | Geocoding extracted for Zamboanga City
2026-10-09 10:27:14,105 | INFO | __main__ | Geocoding loaded for Zamboanga City into geocoding_zamboanga_city
2026-10-09 10:27:14,122 | INFO | __main__ | No new weather data for Zamboanga City. Skipping.
2026-10-09 10:27:14,123 | INFO | __main__ | Weather ingestion completed.
2026-10-09 10:34:30,056 | INFO | __main__ | Starting Weather Ingestion...
2026-10-09 10:34:30,061 | INFO | __main__ | Processing city: Manila
2026-10-09 10:34:30,420 | INFO | __main__ | Geocoding extracted for Manila
2026-10-09 10:34:30,515 | INFO | __main__ | Geocoding loaded for Manila into geocoding_manila
2026-10-09 10:34:30,567 | INFO | __main__ | Raw JSON saved for Manila: /app/data/raw/openweather/manila.json
2026-10-09 10:34:30,573 | INFO | __main__ | Weather data transformed for Manila.
2026-10-09 10:34:30,748 | INFO | __main__ | Parquet saved for Manila: /app/data/parquet/openweather/manila.parquet
2026-10-09 10:34:31,215 | INFO | __main__ | Loaded 20 row(s) for Manila into openweather_manila.
2026-10-09 10:34:31,239 | INFO | __main__ | Checkpoint updated for Manila.
2026-10-09 10:34:31,240 | INFO | __main__ | Processing city: Quezon City
2026-10-09 10:34:31,489 | INFO | __main__ | Geocoding extracted for Quezon City
2026-10-09 10:34:31,568 | INFO | __main__ | Geocoding loaded for Quezon City into geocoding_quezon_city
2026-10-09 10:34:31,625 | INFO | __main__ | Raw JSON saved for Quezon City: /app/data/raw/openweather/quezon_city.json
2026-10-09 10:34:31,631 | INFO | __main__ | Weather data transformed for Quezon City.
2026-10-09 10:34:31,797 | INFO | __main__ | Parquet saved for Quezon City: /app/data/parquet/openweather/quezon_city.parquet
2026-10-09 10:34:31,950 | INFO | __main__ | Loaded 22 row(s) for Quezon City into openweather_quezon_city.
2026-10-09 10:34:31,983 | INFO | __main__ | Checkpoint updated for Quezon City.
2026-10-09 10:34:31,985 | INFO | __main__ | Processing city: Cebu City
2026-10-09 10:34:32,246 | INFO | __main__ | Geocoding extracted for Cebu City
2026-10-09 10:34:32,345 | INFO | __main__ | Geocoding loaded for Cebu City into geocoding_cebu_city
2026-10-09 10:34:32,382 | INFO | __main__ | Raw JSON saved for Cebu City: /app/data/raw/openweather/cebu_city.json
2026-10-09 10:34:32,386 | INFO | __main__ | Weather data transformed for Cebu City.
2026-10-09 10:34:32,491 | INFO | __main__ | Parquet saved for Cebu City: /app/data/parquet/openweather/cebu_city.parquet
2026-10-09 10:34:32,645 | INFO | __main__ | Loaded 25 row(s) for Cebu City into openweather_cebu_city.
2026-10-09 10:34:32,676 | INFO | __main__ | Checkpoint updated for Cebu City.
2026-10-09 10:34:32,677 | INFO | __main__ | Processing city: Davao City
2026-10-09 10:34:32,878 | INFO | __main__ | Geocoding extracted for Davao City
2026-10-09 10:34:32,959 | INFO | __main__ | Geocoding loaded for Davao City into geocoding_davao_city
2026-10-09 10:34:33,011 | INFO | __main__ | Raw JSON saved for Davao City: /app/data/raw/openweather/davao_city.json
2026-10-09 10:34:33,017 | INFO | __main__ | Weather data transformed for Davao City.
2026-10-09 10:34:33,139 | INFO | __main__ | Parquet saved for Davao City: /app/data/parquet/openweather/davao_city.parquet
2026-10-09 10:34:33,260 | INFO | __main__ | Loaded 23 row(s) for Davao City into openweather_davao_city.
2026-10-09 10:34:33,328 | INFO | __main__ | Checkpoint updated for Davao City.
2026-10-09 10:34:33,334 | INFO | __main__ | Processing city: Baguio
2026-10-09 10:34:33,604 | INFO | __main__ | Geocoding extracted for Baguio
2026-10-09 10:34:33,678 | INFO | __main__ | Geocoding loaded for Baguio into geocoding_baguio
2026-10-09 10:34:33,704 | INFO | __main__ | Raw JSON saved for Baguio: /app/data/raw/openweather/baguio.json
2026-10-09 10:34:33,707 | INFO | __main__ | Weather data transformed for Baguio.
2026-10-09 10:34:33,832 | INFO | __main__ | Parquet saved for Baguio: /app/data/parquet/openweather/baguio.parquet
2026-10-09 10:34:34,013 | INFO | __main__ | Loaded 22 row(s) for Baguio into openweather_baguio.
2026-10-09 10:34:34,055 | INFO | __main__ | Checkpoint updated for Baguio.
2026-10-09 10:34:34,061 | INFO | __main__ | Processing city: Iloilo City
2026-10-09 10:34:34,322 | INFO | __main__ | Geocoding extracted for Iloilo City
2026-10-09 10:34:34,412 | INFO | __main__ | Geocoding loaded for Iloilo City into geocoding_iloilo_city
2026-10-09 10:34:34,472 | INFO | __main__ | Raw JSON saved for Iloilo City: /app/data/raw/openweather/iloilo_city.json
2026-10-09 10:34:34,486 | INFO | __main__ | Weather data transformed for Iloilo City.
2026-10-09 10:34:34,622 | INFO | __main__ | Parquet saved for Iloilo City: /app/data/parquet/openweather/iloilo_city.parquet
2026-10-09 10:34:34,774 | INFO | __main__ | Loaded 22 row(s) for Iloilo City into openweather_iloilo_city.
2026-10-09 10:34:34,832 | INFO | __main__ | Checkpoint updated for Iloilo City.
2026-10-09 10:34:34,836 | INFO | __main__ | Processing city: Cagayan de Oro
2026-10-09 10:34:35,306 | INFO | __main__ | Geocoding extracted for Cagayan de Oro
2026-10-09 10:34:35,376 | INFO | __main__ | Geocoding loaded for Cagayan de Oro into geocoding_cagayan_de_oro
2026-10-09 10:34:35,423 | INFO | __main__ | Raw JSON saved for Cagayan de Oro: /app/data/raw/openweather/cagayan_de_oro.json
2026-10-09 10:34:35,426 | INFO | __main__ | Weather data transformed for Cagayan de Oro.
2026-10-09 10:34:35,532 | INFO | __main__ | Parquet saved for Cagayan de Oro: /app/data/parquet/openweather/cagayan_de_oro.parquet
2026-10-09 10:34:35,675 | INFO | __main__ | Loaded 21 row(s) for Cagayan de Oro into openweather_cagayan_de_oro.
2026-10-09 10:34:35,740 | INFO | __main__ | Checkpoint updated for Cagayan de Oro.
2026-10-09 10:34:35,743 | INFO | __main__ | Processing city: Zamboanga City
2026-10-09 10:34:35,951 | INFO | __main__ | Geocoding extracted for Zamboanga City
2026-10-09 10:34:36,040 | INFO | __main__ | Geocoding loaded for Zamboanga City into geocoding_zamboanga_city
2026-10-09 10:34:36,083 | INFO | __main__ | Raw JSON saved for Zamboanga City: /app/data/raw/openweather/zamboanga_city.json
2026-10-09 10:34:36,089 | INFO | __main__ | Weather data transformed for Zamboanga City.
2026-10-09 10:34:36,178 | INFO | __main__ | Parquet saved for Zamboanga City: /app/data/parquet/openweather/zamboanga_city.parquet
2026-10-09 10:34:36,305 | INFO | __main__ | Loaded 24 row(s) for Zamboanga City into openweather_zamboanga_city.
2026-10-09 10:34:36,336 | INFO | __main__ | Checkpoint updated for Zamboanga City.
2026-10-09 10:34:36,338 | INFO | __main__ | Weather ingestion completed.
2026-10-09 10:34:49,034 | INFO | __main__ | Starting Weather Ingestion...
2026-10-09 10:34:49,035 | INFO | __main__ | Processing city: Manila
2026-10-09 10:34:49,328 | INFO | __main__ | Geocoding extracted for Manila
2026-10-09 10:34:49,452 | INFO | __main__ | Geocoding loaded for Manila into geocoding_manila
2026-10-09 10:34:49,466 | INFO | __main__ | No new weather data for Manila. Skipping.
2026-10-09 10:34:49,467 | INFO | __main__ | Processing city: Quezon City
2026-10-09 10:34:49,773 | INFO | __main__ | Geocoding extracted for Quezon City
2026-10-09 10:34:49,854 | INFO | __main__ | Geocoding loaded for Quezon City into geocoding_quezon_city
2026-10-09 10:34:49,871 | INFO | __main__ | No new weather data for Quezon City. Skipping.
2026-10-09 10:34:49,874 | INFO | __main__ | Processing city: Cebu City
2026-10-09 10:34:50,081 | INFO | __main__ | Geocoding extracted for Cebu City
2026-10-09 10:34:50,177 | INFO | __main__ | Geocoding loaded for Cebu City into geocoding_cebu_city
2026-10-09 10:34:50,196 | INFO | __main__ | No new weather data for Cebu City. Skipping.
2026-10-09 10:34:50,197 | INFO | __main__ | Processing city: Davao City
2026-10-09 10:34:50,480 | INFO | __main__ | Geocoding extracted for Davao City
2026-10-09 10:34:50,548 | INFO | __main__ | Geocoding loaded for Davao City into geocoding_davao_city
2026-10-09 10:34:50,563 | INFO | __main__ | No new weather data for Davao City. Skipping.
2026-10-09 10:34:50,565 | INFO | __main__ | Processing city: Baguio
2026-10-09 10:34:50,866 | INFO | __main__ | Geocoding extracted for Baguio
2026-10-09 10:34:50,940 | INFO | __main__ | Geocoding loaded for Baguio into geocoding_baguio
2026-10-09 10:34:50,952 | INFO | __main__ | No new weather data for Baguio. Skipping.
2026-10-09 10:34:50,954 | INFO | __main__ | Processing city: Iloilo City
2026-10-09 10:34:51,176 | INFO | __main__ | Geocoding extracted for Iloilo City
2026-10-09 10:34:51,275 | INFO | __main__ | Geocoding loaded for Iloilo City into geocoding_iloilo_city
2026-10-09 10:34:51,292 | INFO | __main__ | No new weather data for Iloilo City. Skipping.
2026-10-09 10:34:51,293 | INFO | __main__ | Processing city: Cagayan de Oro
2026-10-09 10:34:51,519 | INFO | __main__ | Geocoding extracted for Cagayan de Oro
2026-10-09 10:34:51,606 | INFO | __main__ | Geocoding loaded for Cagayan de Oro into geocoding_cagayan_de_oro
2026-10-09 10:34:51,617 | INFO | __main__ | No new weather data for Cagayan de Oro. Skipping.
2026-10-09 10:34:51,620 | INFO | __main__ | Processing city: Zamboanga City
2026-10-09 10:34:51,899 | INFO | __main__ | Geocoding extracted for Zamboanga City
2026-10-09 10:34:51,988 | INFO | __main__ | Geocoding loaded for Zamboanga City into geocoding_zamboanga_city
2026-10-09 10:34:52,004 | INFO | __main__ | No new weather data for Zamboanga City. Skipping.
2026-10-09 10:34:52,006 | INFO | __main__ | Weather ingestion completed.
